id,model,config,task_id,failure_mode,auto_detected_patterns,test_code,error_output_summary,root_cause_category,specific_issue,proximity_to_success,recurring_pattern,notes
1,granite-4.0-micro,"One-Step, T=0.0",2499,Assertion,Value mismatch,"def test_minimumTotalCost():
    solution=Solution()
    assert solution.minimumTotalCost([1,2,3,4,5], [1,2,3,4,5]) == -1","============================= test session starts =============================
platform win32 -- Python 3.12.10, pytest-8.4.2, pluggy-1.6.0 -- C:\Rep
... [TRUNCATED - showing end] ...
talCost_line22 _________________________

    def test_minimumTotalCost_line22():
        solution = Solution()
>       assert solution.minimumTotalCost([1, 2, 3, 4, 5], [1, 2, 3, 4, 5]) == -1
E       assert 10 == -1
E        +  where 10 = minimumTotalCost([1, 2, 3, 4, 5], [1, 2
... [TRUNCATED] ...
imumTotalCost = <under_test.Solution object at 0x000002C3BA5B1C70>.minimumTotalCost

test_generated.py:46: AssertionError
=========================== short test summary info ===========================
FAILED test_generated.py::test_minimumTotalCost_line22 - assert 10 == -1
FAILED test_generated.py::test_minimumTotalCost_line23 - assert 10 == -1
FAILED test_generated.py::test_minimumTotalCost_line24 - assert 10 == -1
============================== 3 failed in 0.18s ==============================",IncorrectAssertion,"Test asserts minimumTotalCost([1, 2, 3, 4, 5], [1, 2, 3, 4, 5]) == -1 but correct answer is 10.",high,Incorrect expected value,
2,granite-4.0-micro,"Two-Step, T=0.0",1627,Assertion,Value mismatch,"def test_areConnected():
    solution = Solution()
    assert solution.areConnected(6, 2, [[1, 4], [2, 5], [3, 6]]) == [False, False, False]","============================= test session starts =============================
platform win32 -- Python 3.12.10, pytest-8.4.2, pluggy-1.6.0 -- C:\Rep
... [TRUNCATED - showing end] ...
_ test_areConnected_line20 ___________________________

    def test_areConnected_line20():
        solution = Solution()
>       assert solution.areConnected(6, 2, [[1, 4], [2, 5], [3, 6]]) == [False, False, False]
E       AssertionError: assert [False, False, True] == [False, False, False]
E         
E         At index 2 diff: True != False
E         
E         Full diff:
E           [
E               False,
E               False,...
E         
E         ...Full output truncated (3 lines hidden), use '-vv' to show

test_generated.py:38: AssertionError
=========================== short test summary info ===========================
FAILED test_generated.py::test_areConnected_line20 - AssertionError: assert [...
============================== 1 failed in 0.17s ==============================",IncorrectAssertion,"Test asserts areConnected(6, 2, [[1, 4], [2, 5], [3, 6]]) == [False, False, False] but correct answer is [False, False, True].",high,Incorrect expected value,
3,granite-4.0-micro,"Two-Step, T=0.0",417,Assertion,Value mismatch,"def test_pacificAtlantic():
    solution = Solution()
    assert solution.pacificAtlantic([[1, 2, 2, 3, 5],
                                      [3, 2, 3, 4, 4],
                                      [2, 4, 5, 3, 1],
                                      [6, 7, 1, 4, 5],
                                      [5, 1, 1, 2, 4]]) == [[0, 4], [1, 3], [1, 4], [2, 4], [3, 3], [4, 0], [4, 1], [4, 2], [4, 3], [4, 4]]","============================= test session starts =============================
platform win32 -- Python 3.12.10, pytest-8.4.2, pluggy-1.6.0 -- C:\Rep
... [TRUNCATED - showing end] ...
5], [3, 2, 3, 4, 4], [2, 4, 5, 3, 1], [6, 7, 1, 4, 5], [5, 1, 1, 2, 4]]) == [[0, 4], [1, 3], [1, 4], [2, 4], [3, 3], [4, 0], [4, 1], [4, 2], [4, 3], [4, 4]]
E       AssertionError: assert [[0, 4], [1, ..., [3, 1], ...] == [[0, 4], [1, ..., [4, 0], ...]
E         
E         At index 3 diff: [2, 2] != [2, 4]
E         Right contains 3 more items, first extra item: [4, 2]
E         
E         Full diff:
E           [
E               [...
E         
E         ...Full output truncated (47 lines hidden), use '-vv' to show

test_generated.py:38: AssertionError
=========================== short test summary info ===========================
FAILED test_generated.py::test_pacificAtlantic_line41 - AssertionError: asser...
============================== 1 failed in 0.17s ==============================",IncorrectAssertion,Test asserts pacificAtlantic(...) returns a specific list of coordinates but correct answer contains a different list of pairs.,high,Incorrect expected value,
4,granite-4.0-micro,"One-Step, T=0.0",2911,Assertion,Value mismatch,"def test_minimumChanges():
    solution=Solution()
    assert solution.minimumChanges(""abcabc"", 2) == 1","============================= test session starts =============================
platform win32 -- Python 3.12.10, pytest-8.4.2, pluggy-1.6.0 -- C:\Rep
... [TRUNCATED - showing end] ...
es_line52 FAILED                     [100%]

================================== FAILURES ===================================
_________________________ test_minimumChanges_line52 __________________________

    def test_minimumChanges_line52():
        solution = Solution()
>       assert solution.minimumChanges('abcabc', 2) == 1
E       AssertionError: assert 2 == 1
E        +  where 2 = minimumChanges('abcabc', 2)
E        +    where minimumChanges = <under_test.Solution object at 0x000001BCCF11DE80>.minimumChanges

test_generated.py:38: AssertionError
=========================== short test summary info ===========================
FAILED test_generated.py::test_minimumChanges_line52 - AssertionError: assert...
============================== 1 failed in 0.19s ==============================",IncorrectAssertion,"Test asserts minimumChanges(""abcabc"", 2) == 1 but correct answer is 2.",high,Incorrect expected value,
5,granite-4.0-micro,"Two-Step, T=0.0",2812,Assertion,Value mismatch,"def test_maximumSafenessFactor():
    solution = Solution()
    assert solution.maximumSafenessFactor([[1, 0, 2], [0, 0, 0], [0, 0, 1]]) == 1","============================= test session starts =============================
platform win32 -- Python 3.12.10, pytest-8.4.2, pluggy-1.6.0 -- C:\Rep
... [TRUNCATED - showing end] ...
===================== FAILURES ===================================
______________________ test_maximumSafenessFactor_line19 ______________________

    def test_maximumSafenessFactor_line19():
        solution = Solution()
>       assert solution.maximumSafenessFactor([[1, 0, 2], [0, 0, 0], [0, 0, 1]]) == 1
E       assert 0 == 1
E        +  where 0 = maximumSafenessFactor([[1, 0, 2], [0, 0, 0], [0, 0, 1]])
E        +    where maximumSafenessFactor = <under_test.Solution object at 0x000001E89635D250>.maximumSafenessFactor

test_generated.py:38: AssertionError
=========================== short test summary info ===========================
FAILED test_generated.py::test_maximumSafenessFactor_line19 - assert 0 == 1
============================== 1 failed in 0.16s ==============================",IncorrectAssertion,"Test asserts maximumSafenessFactor([[1, 0, 2], [0, 0, 0], [0, 0, 1]]) == 1 but correct answer is 0.",high,Incorrect expected value,
6,granite-4.0-micro,"Two-Step, T=0.0",2653,Assertion,Value mismatch,"def test_getSubarrayBeauty():
    solution = Solution()
    assert solution.getSubarrayBeauty([-1, -2, -3, 4, 5], 3, 2) == [-1, -1, -1]","============================= test session starts =============================
platform win32 -- Python 3.12.10, pytest-8.4.2, pluggy-1.6.0 -- C:\Rep
... [TRUNCATED - showing end] ...
========
________________________ test_getSubarrayBeauty_line18 ________________________

    def test_getSubarrayBeauty_line18():
        solution = Solution()
>       assert solution.getSubarrayBeauty([-1, -2, -3, 4, 5], 3, 2) == [-1, -1, -1]
E       AssertionError: assert [-2, -2, 0] == [-1, -1, -1]
E         
E         At index 0 diff: -2 != -1
E         
E         Full diff:
E           [
E         -     -1,
E         ?      ^...
E         
E         ...Full output truncated (11 lines hidden), use '-vv' to show

test_generated.py:38: AssertionError
=========================== short test summary info ===========================
FAILED test_generated.py::test_getSubarrayBeauty_line18 - AssertionError: ass...
============================== 1 failed in 0.17s ==============================",IncorrectAssertion,"Test asserts getSubarrayBeauty([-1, -2, -3, 4, 5], 3, 2) == [-1, -1, -1] but correct answer is [-2, -2, 0].",high,Incorrect expected value,
7,granite-4.0-micro,"Two-Step, T=0.0",2437,Assertion,Value mismatch,"def test_countTime():
    solution = Solution()
    assert solution.countTime(""?4?:05"") == 20","============================= test session starts =============================
platform win32 -- Python 3.12.10, pytest-8.4.2, pluggy-1.6.0 -- C:\Rep
... [TRUNCATED - showing end] ...
nerated.py::test_countTime_line15 FAILED                          [100%]

================================== FAILURES ===================================
____________________________ test_countTime_line15 ____________________________

    def test_countTime_line15():
        solution = Solution()
>       assert solution.countTime('?4?:05') == 20
E       AssertionError: assert 2 == 20
E        +  where 2 = countTime('?4?:05')
E        +    where countTime = <under_test.Solution object at 0x000002669189BB00>.countTime

test_generated.py:38: AssertionError
=========================== short test summary info ===========================
FAILED test_generated.py::test_countTime_line15 - AssertionError: assert 2 == 20
============================== 1 failed in 0.14s ==============================",IncorrectAssertion,"Test asserts countTime(""?4?:05"") == 20 but correct answer is 2.",high,Incorrect expected value,
8,granite-4.0-micro,"Two-Step, T=0.0",1719,Assertion,Value mismatch,"def test_checkWays():
    solution = Solution()
    assert solution.checkWays([[1, 2], [2, 3], [1, 3]]) == 1","============================= test session starts =============================
platform win32 -- Python 3.12.10, pytest-8.4.2, pluggy-1.6.0 -- C:\Rep
... [TRUNCATED - showing end] ...
_generated.py::test_checkWays_line31 FAILED                          [100%]

================================== FAILURES ===================================
____________________________ test_checkWays_line31 ____________________________

    def test_checkWays_line31():
        solution = Solution()
>       assert solution.checkWays([[1, 2], [2, 3], [1, 3]]) == 1
E       assert 2 == 1
E        +  where 2 = checkWays([[1, 2], [2, 3], [1, 3]])
E        +    where checkWays = <under_test.Solution object at 0x000002571361E0F0>.checkWays

test_generated.py:38: AssertionError
=========================== short test summary info ===========================
FAILED test_generated.py::test_checkWays_line31 - assert 2 == 1
============================== 1 failed in 0.17s ==============================",IncorrectAssertion,"Test asserts checkWays([[1, 2], [2, 3], [1, 3]]) == 1 but correct answer is 2.",high,Incorrect expected value,
9,granite-4.0-micro,"One-Step, T=0.0",2904,Assertion,Needs manual review,"def test_shortestBeautifulSubstring():
    solution=Solution()
    assert solution.shortestBeautifulSubstring(""00110011"", 2) == ""0011""","============================= test session starts =============================
platform win32 -- Python 3.12.10, pytest-8.4.2, pluggy-1.6.0 -- C:\Rep
... [TRUNCATED - showing end] ...
lSubstring_line28 FAILED         [100%]

================================== FAILURES ===================================
___________________ test_shortestBeautifulSubstring_line20 ____________________

    def test_shortestBeautifulSubstring_line20():
        solution = Solution
... [TRUNCATED] ...
===============
FAILED test_generated.py::test_shortestBeautifulSubstring_line20 - AssertionE...
FAILED test_generated.py::test_shortestBeautifulSubstring_line23 - AssertionE...
FAILED test_generated.py::test_shortestBeautifulSubstring_line24 - AssertionE...
FAILED test_generated.py::test_shortestBeautifulSubstring_line26 - AssertionE...
FAILED test_generated.py::test_shortestBeautifulSubstring_line28 - AssertionE...
============================== 5 failed in 0.18s ==============================",IncorrectAssertion,"Test asserts shortestBeautifulSubstring(""00110011"", 2) == ""0011"" but correct answer is different (exact value truncated in logs).",high,Incorrect expected value,
10,granite-4.0-micro,"Two-Step, T=0.0",1579,Assertion,Value mismatch,"def test_maxNumEdgesToRemove():
    solution = Solution()
    assert solution.maxNumEdgesToRemove(4, [[3, 1, 2], [3, 2, 3], [1, 1, 3], [1, 2, 4], [1, 1, 2], [2, 3, 4]]) == 3","============================= test session starts =============================
platform win32 -- Python 3.12.10, pytest-8.4.2, pluggy-1.6.0 -- C:\Rep
... [TRUNCATED - showing end] ...
======
_______________________ test_maxNumEdgesToRemove_line21 _______________________

    def test_maxNumEdgesToRemove_line21():
        solution = Solution()
>       assert solution.maxNumEdgesToRemove(4, [[3, 1, 2], [3, 2, 3], [1, 1, 3], [1, 2, 4], [1, 1, 2], [2, 3, 4]]) == 3
E       assert 2 == 3
E        +  where 2 = maxNumEdgesToRemove(4, [[3, 1, 2], [3, 2, 3], [1, 1, 3], [1, 2, 4], [1, 1, 2], [2, 3, 4]])
E        +    where maxNumEdgesToRemove = <under_test.Solution object at 0x00000205CA14BD40>.maxNumEdgesToRemove

test_generated.py:38: AssertionError
=========================== short test summary info ===========================
FAILED test_generated.py::test_maxNumEdgesToRemove_line21 - assert 2 == 3
============================== 1 failed in 0.17s ==============================",IncorrectAssertion,Test asserts maxNumEdgesToRemove(...) == 3 but correct answer is 2.,high,Incorrect expected value,
11,granite-4.0-micro,"One-Step, T=0.0",2019,Runtime,Key not found,"def test_scoreOfStudents():
    solution=Solution()
    assert solution.scoreOfStudents(""2-3"", [5]) == 5","============================= test session starts =============================
platform win32 -- Python 3.12.10, pytest-8.4.2, pluggy-1.6.0 -- C:\Rep
... [TRUNCATED - showing end] ...

        solution = Solution()
>       assert solution.scoreOfStudents('2-3', [5]) == 5
               ^^^^^^^^^^^^^^^^^^^^^^^^^^^^^^^^^^^^

test_generated.py:38: 
_ _ _ _ _ _ _ _ _ _ _ _ _ _ _ _ _ _ _ _ _ _ _ _ _ _ _ _ _ _ _ _ _ _ _ _ _ _ _ _

self = <under_test.Solution object
... [TRUNCATED] ...
2 + 1]
            for a in dp[i][k]:
              for b in dp[k + 1][j]:
>               res = func[op](a, b)
                      ^^^^^^^^
E               KeyError: '-'

under_test.py:40: KeyError
=========================== short test summary info ===========================
FAILED test_generated.py::test_scoreOfStudents_line31 - KeyError: '-'
FAILED test_generated.py::test_scoreOfStudents_line37 - KeyError: '-'
============================== 2 failed in 0.21s ==============================",SemanticMisunderstanding,"Test passes an expression with a '-' operator which the function does not support, causing a KeyError.",moderate,,Problem only supports '+' and '*'
12,granite-4.0-micro,"One-Step, T=0.0",1878,Runtime,Wrong function signature; Type mismatch,"def test_getBiggestThree():
    solution = Solution()
    grid = [
        [1, 2, 3],
        [4, 5, 6],
        [7, 8, 9]
    ]
    assert list(solution.getBiggestThree()) == [17, 13, 9]","============================= test session starts =============================
platform win32 -- Python 3.12.10, pytest-8.4.2, pluggy-1.6.0 -- C:\Rep
... [TRUNCATED - showing end] ...
ree_line27 FAILED                    [100%]

================================== FAILURES ===================================
_________________________ test_getBiggestThree_line27 _________________________

    def test_getBiggestThree_line27():
        solution = Solution()
        grid = [[1, 2, 3], [4, 5, 6], [7, 8, 9]]
>       assert list(solution.getBiggestThree()) == [17, 13, 9]
                    ^^^^^^^^^^^^^^^^^^^^^^^^^^
E       TypeError: Solution.getBiggestThree() missing 1 required positional argument: 'grid'

test_generated.py:39: TypeError
=========================== short test summary info ===========================
FAILED test_generated.py::test_getBiggestThree_line27 - TypeError: Solution.g...
============================== 1 failed in 0.17s ==============================",SemanticMisunderstanding,Test forgets to pass the grid variable as an argument to getBiggestThree().,high,,
13,granite-4.0-micro,"Two-Step, T=0.0",1301,Runtime,Index out of bounds,"def test_pathsWithMaxScore():
    solution = Solution()
    assert solution.pathsWithMaxScore([""E23"",""2X2"",""12""]) == [3, 2]","============================= test session starts =============================
platform win32 -- Python 3.12.10, pytest-8.4.2, pluggy-1.6.0 -- C:\Rep
... [TRUNCATED - showing end] ...
pathsWithMaxScore(self, board: List[str]) -> List[int]:
      kMod = 1_000_000_007
      n = len(board)
      dirs = ((0, 1), (1, 0), (1, 1))
      dp = [[-1] * (n + 1) for _ in range(n + 1)]
      count = [[0] * (n + 1) for _ in range(n + 1)]
    
      dp[0][0] = 0
      dp[n - 1][n - 1] = 0
      count[n - 1][n - 1] = 1
    
      for i in reversed(range(n)):
        for j in reversed(range(n)):
>         if board[i][j] == 'S' or board[i][j] == 'X':
             ^^^^^^^^^^^
E         IndexError: string index out of range

under_test.py:36: IndexError
=========================== short test summary info ===========================
FAILED test_generated.py::test_pathsWithMaxScore_line26 - IndexError: string ...
============================== 1 failed in 0.17s ==============================",SemanticMisunderstanding,"Test provides a non-square board where the last row has length 2 instead of 3, causing an IndexError.",near,,
14,granite-4.0-micro,"Two-Step, T=0.0",3108,Runtime,Index out of bounds,"def test_minimumCost():
    solution = Solution()
    assert solution.minimumCost(4, [[1, 2, 9], [2, 3, 6], [2, 4, 5], [1, 4, 7]], [[1, 3], [1, 4], [2, 3]]) == [15, 7, 6]","============================= test session starts =============================
platform win32 -- Python 3.12.10, pytest-8.4.2, pluggy-1.6.0 -- C:\Rep
... [TRUNCATED - showing end] ...
^^^^^^^^^^^^^^^

test_generated.py:38: 
_ _ _ _ _ _ _ _ _ _ _ _ _ _ _ _ _ _ _ _ _ _ _ _ _ _ _ _ _ _ _ _ _ _ _ _ _ _ _ _
under_test.py:65: in minimumCost
    uf.unionByRank(u, v, w)
under_test.py:30: in unionByRank
    j = self._find(v)
        ^^^^^^^^^^^^^
_ _ _ _ _ _ _ _ _ _ _ _ _ _ _ _ _ _ _ _ _ _ _ _ _ _ _ _ _ _ _ _ _ _ _ _ _ _ _ _

self = <under_test.UnionFind object at 0x000001AA2CCECFE0>, u = 4

    def _find(self, u: int) -> int:
>     if self.id[u] != u:
         ^^^^^^^^^^
E     IndexError: list index out of range

under_test.py:55: IndexError
=========================== short test summary info ===========================
FAILED test_generated.py::test_minimumCost_line24 - IndexError: list index ou...
============================== 1 failed in 0.17s ==============================",SemanticMisunderstanding,"Test uses 1-based node indices (up to 4) for a UnionFind initialized with size 4, causing an IndexError.",near,graph node index out of bounds,
15,granite-4.0-micro,"Two-Step, T=0.0",1263,Runtime,Needs manual review,"def test_minPushBox():
    solution = Solution()
    grid = [
        ['T', '.', '#', '.'],
        ['#', '.', '.', '.'],
        ['#', '.', '#', '.'],
        ['S', '.', '.', '.']
    ]
    assert solution.minPushBox(grid) == 3","============================= test session starts =============================
platform win32 -- Python 3.12.10, pytest-8.4.2, pluggy-1.6.0 -- C:\Rep
... [TRUNCATED - showing end] ...
.'], ['#', '.', '#', '.'], ['S', '.', '.', '.']]
>       assert solution.minPushBox(grid) == 3
               ^^^^^^^^^^^^^^^^^^^^^^^^^

test_generated.py:39: 
_ _ _ _ _ _ _ _ _ _ _ _ _ _ _ _ _ _ _ _ _ _ _ _ _ _ _ _ _ _ _ _ _ _ _ _ _ _ _ _

self = <under_test.Solution object at 
... [TRUNCATED] ...
(x,y))
              que.append((x,y))
        return False
    
>     q = deque([(0,box,person)])
                    ^^^
E     UnboundLocalError: cannot access local variable 'box' where it is not associated with a value

under_test.py:51: UnboundLocalError
=========================== short test summary info ===========================
FAILED test_generated.py::test_minPushBox_line17 - UnboundLocalError: cannot ...
============================== 1 failed in 0.17s ==============================",SemanticMisunderstanding,"Test provides a grid that is missing the box ('B'), causing an UnboundLocalError in the source code.",near,,
16,granite-4.0-micro,"One-Step, T=0.0",1334,Runtime,Index out of bounds,"def test_findTheCity():
    solution=Solution()
    assert solution.findTheCity(4, [[0,1,3],[3,4,2],[1,2,2],[2,4,3],[2,3,1]], 1) == 3","============================= test session starts =============================
platform win32 -- Python 3.12.10, pytest-8.4.2, pluggy-1.6.0 -- C:\Rep
... [TRUNCATED - showing end] ...
_ _ _ _ _ _ _ _ _ _ _ _ _ _

self = <under_test.Solution object at 0x0000019150921FA0>, n = 4
edges = [[0, 1, 3], [3, 4, 2], [1, 2, 2], [2, 4, 3], [2, 3, 1]]
distanceThreshold = 1

    def _floydWarshall(self, n: int, edges: List[List[int]], distanceThreshold: int) -> List[List[int]]:
      dist = [[distanceThreshold + 1] * n for _ in range(n)]
    
      for i in range(n):
        dist[i][i] = 0
    
      for u, v, w in edges:
>       dist[u][v] = w
        ^^^^^^^^^^
E       IndexError: list assignment index out of range

under_test.py:43: IndexError
=========================== short test summary info ===========================
FAILED test_generated.py::test_findTheCity_line20 - IndexError: list assignme...
============================== 1 failed in 0.19s ==============================",SemanticMisunderstanding,"Test provides a graph with a node index 4 but n=4 (allowing only indices 0-3), causing an IndexError.",near,graph node index out of bounds,
17,granite-4.0-micro,"Two-Step, T=0.0",2976,Runtime,Type mismatch,"def test_minimumCost():
    solution = Solution()
    assert solution.minimumCost(""abc"", ""bcd"", [""abc"", ""bbc""], [""bbc"", ""acc""], [1, 2, 3]) == 6","============================= test session starts =============================
platform win32 -- Python 3.12.10, pytest-8.4.2, pluggy-1.6.0 -- C:\Rep
... [TRUNCATED - showing end] ...
 _ _ _

self = <under_test.Solution object at 0x0000017BAEE4BE30>, source = 'abc'
target = 'bcd', original = ['abc', 'bbc'], changed = ['bbc', 'acc']
cost = [1, 2, 3]

    def minimumCost(self, source: str, target: str, original: List[str], changed: List[str], cost: List[int]) -> int:
      ans = 0
      dist = [[math.inf] * 26 for _ in range(26)]
    
      for a, b, c in zip(original, changed, cost):
>       u = ord(a) - ord('a')
            ^^^^^^
E       TypeError: ord() expected a character, but string of length 3 found

under_test.py:28: TypeError
=========================== short test summary info ===========================
FAILED test_generated.py::test_minimumCost_line24 - TypeError: ord() expected...
============================== 1 failed in 0.17s ==============================",SemanticMisunderstanding,"Test passes lists of strings instead of single characters for the original and changed arrays, causing a TypeError in ord().",near,,
18,granite-4.0-micro,"One-Step, T=0.0",1976,Runtime,Index out of bounds,"def test_countPaths():
    solution=Solution()
    assert solution.countPaths(3, [[0,1,10],[0,2,6],[0,2,5],[1,2,2],[2,3,1]]) == 1","============================= test session starts =============================
platform win32 -- Python 3.12.10, pytest-8.4.2, pluggy-1.6.0 -- C:\Rep
... [TRUNCATED - showing end] ...
^^^^^^^^^^^^^^^^^^^^^^^^^^^^^^^^^

test_generated.py:38: 
_ _ _ _ _ _ _ _ _ _ _ _ _ _ _ _ _ _ _ _ _ _ _ _ _ _ _ _ _ _ _ _ _ _ _ _ _ _ _ _

self = <under_test.Solution object at 0x000001CE27BB2210>, n = 3
roads = [[0, 1, 10], [0, 2, 6], [0, 2, 5], [1, 2, 2], [2, 3, 1]]

    def countPaths(self, n: int, roads: List[List[int]]) -> int:
      graph = [[] for _ in range(n)]
    
      for u, v, w in roads:
        graph[u].append((v, w))
>       graph[v].append((u, w))
        ^^^^^^^^
E       IndexError: list index out of range

under_test.py:28: IndexError
=========================== short test summary info ===========================
FAILED test_generated.py::test_countPaths_line33 - IndexError: list index out...
============================== 1 failed in 0.19s ==============================",SemanticMisunderstanding,"Test provides an edge with node 3 but specifies n=3 (allowing only indices 0-2), causing an IndexError.",near,graph node index out of bounds,
19,granite-4.0-micro,"Two-Step, T=0.0",2836,Runtime,Index out of bounds,"def test_getMaxFunctionValue():
    solution = Solution()
    assert solution.getMaxFunctionValue([1, 2, 3], 3) == 6","============================= test session starts =============================
platform win32 -- Python 3.12.10, pytest-8.4.2, pluggy-1.6.0 -- C:\Rep
... [TRUNCATED - showing end] ...
MaxFunctionValue(self, receiver: List[int], k: int) -> int:
      n = len(receiver)
      m = int(math.log2(k)) + 1
      ans = 0
      jump = [[0] * m for _ in range(n)]
      summ = [[0] * m for _ in range(n)]
    
      for i in range(n):
        jump[i][0] = receiver[i]
        summ[i][0] = receiver[i]
    
      for j in range(1, m):
        for i in range(n):
          midNode = jump[i][j - 1]
>         jump[i][j] = jump[midNode][j - 1]
                       ^^^^^^^^^^^^^
E         IndexError: list index out of range

under_test.py:37: IndexError
=========================== short test summary info ===========================
FAILED test_generated.py::test_getMaxFunctionValue_line34 - IndexError: list ...
============================== 1 failed in 0.17s ==============================",SemanticMisunderstanding,"Test provides a receiver array containing value 3, which is out of bounds for an array of size 3, causing an IndexError.",near,getMaxFunctionValue out of bounds,
20,granite-4.0-micro,"Two-Step, T=0.0",1583,Runtime,Key not found,"def test_unhappyFriends():
    solution = Solution()
    assert solution.unhappyFriends(4, [[1, 3, 2], [2, 3, 0], [0, 3, 2], [1, 2, 0]], [[0, 1], [2, 3]]) == 2","============================= test session starts =============================
platform win32 -- Python 3.12.10, pytest-8.4.2, pluggy-1.6.0 -- C:\Rep
... [TRUNCATED - showing end] ...
], [2, 3, 0], [0, 3, 2], [1, 2, 0]], [[0, 1], [2, 3]]) == 2
               ^^^^^^^^^^^^^^^^^^^^^^^^^^^^^^^^^^^^^^^^^^^^^^^^^^^^^^^^^^^^^^^^^^^^^^^^^^^^^^^^^^^^^^^^^^

test_generated.py:38: 
_ _ _ _ _ _ _ _ _ _ _ _ _ _ _ _ _ _ _ _ _ _ _ _ _ _ _ _ _ _ _ _ _ _ _ _ _ _ _ _

self = <
... [TRUNCATED] ...
ge(n):
        for u in prefer[x].keys():
          y = matches[x]
          v = matches[u]
>         if prefer[x][u] < prefer[x][y] and prefer[u][x] < prefer[u][v]:
                                             ^^^^^^^^^^^^
E         KeyError: 1

under_test.py:40: KeyError
=========================== short test summary info ===========================
FAILED test_generated.py::test_unhappyFriends_line30 - KeyError: 1
============================== 1 failed in 0.17s ==============================",SemanticMisunderstanding,"Test provides a preferences array where node 2 prefers itself and omits node 1, causing a KeyError.",near,unhappyFriends preferences self-loop,
21,Qwen3-4B-Instruct-2507,"One-Step, T=0.0",730,Assertion,Value mismatch,"def test_countPalindromicSubsequences():
    solution = Solution()
    assert solution.countPalindromicSubsequences(""abc"") == 3
    assert solution.countPalindromicSubsequences(""aab"") == 4
    assert solution.countPalindromicSubsequences(""abccba"") == 12","============================= test session starts =============================
platform win32 -- Python 3.12.10, pytest-8.4.2, pluggy-1.6.0 -- C:\Rep
... [TRUNCATED - showing end] ...
=
__________________ test_countPalindromicSubsequences_line24 ___________________

    def test_countPalindromicSubsequences_line24():
        solution = Solution()
        assert solution.countPalindromicSubsequences('abc') == 3
>       assert solution.countPalindromicSubsequences('aab') == 4
E       AssertionError: assert 3 == 4
E        +  where 3 = countPalindromicSubsequences('aab')
E        +    where countPalindromicSubsequences = <under_test.Solution object at 0x0000010DAF31DBB0>.countPalindromicSubsequences

test_generated.py:39: AssertionError
=========================== short test summary info ===========================
FAILED test_generated.py::test_countPalindromicSubsequences_line24 - Assertio...
============================== 1 failed in 0.17s ==============================",IncorrectAssertion,"Test asserts countPalindromicSubsequences(""aab"") == 4 but correct answer is 3.",high,Incorrect expected value,
22,Qwen3-4B-Instruct-2507,"Two-Step, T=0.0",1616,Assertion,Value mismatch,"def test_checkPalindromeFormation():
    solution = Solution()
    assert solution.checkPalindromeFormation(""abc"", ""cba"") == False","============================= test session starts =============================
platform win32 -- Python 3.12.10, pytest-8.4.2, pluggy-1.6.0 -- C:\Rep
... [TRUNCATED - showing end] ...
============= FAILURES ===================================
____________________ test_checkPalindromeFormation_line19 _____________________

    def test_checkPalindromeFormation_line19():
        solution = Solution()
>       assert solution.checkPalindromeFormation('abc', 'cba') == False
E       AssertionError: assert True == False
E        +  where True = checkPalindromeFormation('abc', 'cba')
E        +    where checkPalindromeFormation = <under_test.Solution object at 0x00000184EDC307A0>.checkPalindromeFormation

test_generated.py:38: AssertionError
=========================== short test summary info ===========================
FAILED test_generated.py::test_checkPalindromeFormation_line19 - AssertionErr...
============================== 1 failed in 0.15s ==============================",IncorrectAssertion,"Test asserts checkPalindromeFormation(""abc"", ""cba"") == False but correct answer is True.",high,Incorrect expected value,
23,Qwen3-4B-Instruct-2507,"One-Step, T=0.0",1765,Assertion,Value mismatch,"def test_highestPeak():
    solution = Solution()
    isWater = [
        [0, 0, 1],
        [0, 0, 0],
        [1, 0, 0]
    ]
    expected = [
        [1, 1, 0],
        [1, 0, 1],
        [0, 1, 1]
    ]
    result = solution.highestPeak(isWater)
    assert result == expected","============================= test session starts =============================
platform win32 -- Python 3.12.10, pytest-8.4.2, pluggy-1.6.0 -- C:\Rep
... [TRUNCATED - showing end] ...
     solution = Solution()
        isWater = [[0, 0, 1], [0, 0, 0], [1, 0, 0]]
        expected = [[1, 1, 0], [1, 0, 1], [0, 1, 1]]
        result = solution.highestPeak(isWater)
>       assert result == expected
E       AssertionError: assert [[2, 1, 0], [...1], [0, 1, 2]] == [
... [TRUNCATED] ...
E           [
E               [
E         -         1,...
E         
E         ...Full output truncated (23 lines hidden), use '-vv' to show

test_generated.py:48: AssertionError
=========================== short test summary info ===========================
FAILED test_generated.py::test_highestPeak_line22 - AssertionError: assert [[...
FAILED test_generated.py::test_highestPeak_line23 - AssertionError: assert [[...
============================== 2 failed in 0.18s ==============================",IncorrectAssertion,Test asserts an incorrect expected grid for highestPeak.,high,Incorrect expected value,
24,Qwen3-4B-Instruct-2507,"One-Step, T=0.0",1345,Assertion,Value mismatch,"def test_minJumps():
    solution = Solution()
    arr = [100, -23, 100, 100, 100]
    assert solution.minJumps(arr) == 3","============================= test session starts =============================
platform win32 -- Python 3.12.10, pytest-8.4.2, pluggy-1.6.0 -- C:\Rep
... [TRUNCATED - showing end] ...
:test_minJumps_line26 FAILED                           [100%]

================================== FAILURES ===================================
____________________________ test_minJumps_line26 _____________________________

    def test_minJumps_line26():
        solution = Solution()
        arr = [100, -23, 100, 100, 100]
>       assert solution.minJumps(arr) == 3
E       assert 1 == 3
E        +  where 1 = minJumps([100, -23, 100, 100, 100])
E        +    where minJumps = <under_test.Solution object at 0x0000016B578D7320>.minJumps

test_generated.py:39: AssertionError
=========================== short test summary info ===========================
FAILED test_generated.py::test_minJumps_line26 - assert 1 == 3
============================== 1 failed in 0.15s ==============================",IncorrectAssertion,Test asserts minJumps(...) == 3 but correct answer is 1.,high,Incorrect expected value,
25,Qwen3-4B-Instruct-2507,"One-Step, T=0.0",1717,Assertion,Value mismatch,"def test_maximumGain():
    solution = Solution()
    assert solution.maximumGain(""abba"", 1, 2) == 3","============================= test session starts =============================
platform win32 -- Python 3.12.10, pytest-8.4.2, pluggy-1.6.0 -- C:\Rep
... [TRUNCATED - showing end] ...
E0680>.maximumGain

test_generated.py:42: AssertionError
___________________________ test_maximumGain_line25 ___________________________

    def test_maximumGain_line25():
        solution = Solution()
>       assert solution.maximumGain('abba', 1, 2) == 4
E       AssertionError: assert 3 == 4
E        +  where 3 = maximumGain('abba', 1, 2)
E        +    where maximumGain = <under_test.Solution object at 0x0000022214415820>.maximumGain

test_generated.py:46: AssertionError
=========================== short test summary info ===========================
FAILED test_generated.py::test_maximumGain_line16 - AssertionError: assert 3 ...
FAILED test_generated.py::test_maximumGain_line25 - AssertionError: assert 3 ...
========================= 2 failed, 1 passed in 0.18s =========================",IncorrectAssertion,"Test asserts maximumGain('abba', 1, 2) == 4 but correct answer is 3.",high,Incorrect expected value,
26,Qwen3-4B-Instruct-2507,"One-Step, T=0.0",542,Assertion,Value mismatch,"def test_updateMatrix():
    solution = Solution()
    mat = [[1, 0, 0], [1, 1, 1], [1, 1, 1]]
    expected = [[0, 0, 0], [1, 1, 1], [2, 2, 2]]
    result = solution.updateMatrix(mat)
    assert result == expected","============================= test session starts =============================
platform win32 -- Python 3.12.10, pytest-8.4.2, pluggy-1.6.0 -- C:\Rep
... [TRUNCATED - showing end] ...
     solution = Solution()
        mat = [[1, 0, 0], [1, 1, 1], [1, 1, 1]]
        expected = [[0, 0, 0], [1, 1, 1], [2, 2, 2]]
        result = solution.updateMatrix(mat)
>       assert result == expected
E       AssertionError: assert [[1, 0, 0], [...1], [3, 2, 2]] == [[0, 0, 
... [TRUNCATED] ...
E           [
E               [
E         -         0,...
E         
E         ...Full output truncated (23 lines hidden), use '-vv' to show

test_generated.py:48: AssertionError
=========================== short test summary info ===========================
FAILED test_generated.py::test_updateMatrix_line22 - AssertionError: assert [...
FAILED test_generated.py::test_updateMatrix_line23 - AssertionError: assert [...
============================== 2 failed in 0.24s ==============================",IncorrectAssertion,Test asserts an incorrect expected matrix for updateMatrix.,high,Incorrect expected value,
27,Qwen3-4B-Instruct-2507,"Two-Step, T=0.0",2699,Assertion,Value mismatch,"def test_modifiedGraphEdges():
    solution = Solution()
    assert solution.modifiedGraphEdges(5, [[0,1,-1],[1,2,-1],[2,3,-1],[3,4,-1]], 0, 4, 5) == [[0,1,1],[1,2,1],[2,3,1],[3,4,1]]","============================= test session starts =============================
platform win32 -- Python 3.12.10, pytest-8.4.2, pluggy-1.6.0 -- C:\Rep
... [TRUNCATED - showing end] ...
ine19():
        solution = Solution()
>       assert solution.modifiedGraphEdges(5, [[0, 1, -1], [1, 2, -1], [2, 3, -1], [3, 4, -1]], 0, 4, 5) == [[0, 1, 1], [1, 2, 1], [2, 3, 1], [3, 4, 1]]
E       AssertionError: assert [[0, 1, 1], [...1], [3, 4, 2]] == [[0, 1, 1], [...1], [3, 4, 1]]
E         
E         At index 3 diff: [3, 4, 2] != [3, 4, 1]
E         
E         Full diff:
E           [
E               [
E                   0,...
E         
E         ...Full output truncated (22 lines hidden), use '-vv' to show

test_generated.py:38: AssertionError
=========================== short test summary info ===========================
FAILED test_generated.py::test_modifiedGraphEdges_line19 - AssertionError: as...
============================== 1 failed in 0.17s ==============================",IncorrectAssertion,Test asserts an incorrect modified edges list for modifiedGraphEdges.,high,Incorrect expected value,
28,Qwen3-4B-Instruct-2507,"Two-Step, T=0.0",1687,Assertion,Value mismatch,"def test_boxDelivering():
    solution = Solution()
    assert solution.boxDelivering([[1, 10], [2, 20], [3, 30], [4, 40]], 5, 2, 60) == 3","============================= test session starts =============================
platform win32 -- Python 3.12.10, pytest-8.4.2, pluggy-1.6.0 -- C:\Rep
... [TRUNCATED - showing end] ...
 [100%]

================================== FAILURES ===================================
__________________________ test_boxDelivering_line23 __________________________

    def test_boxDelivering_line23():
        solution = Solution()
>       assert solution.boxDelivering([[1, 10], [2, 20], [3, 30], [4, 40]], 5, 2, 60) == 3
E       assert 7 == 3
E        +  where 7 = boxDelivering([[1, 10], [2, 20], [3, 30], [4, 40]], 5, 2, 60)
E        +    where boxDelivering = <under_test.Solution object at 0x0000018CB86D7260>.boxDelivering

test_generated.py:38: AssertionError
=========================== short test summary info ===========================
FAILED test_generated.py::test_boxDelivering_line23 - assert 7 == 3
============================== 1 failed in 0.16s ==============================",IncorrectAssertion,Test asserts boxDelivering(...) == 3 but correct answer is 7.,high,Incorrect expected value,
29,Qwen3-4B-Instruct-2507,"Two-Step, T=0.0",2846,Assertion,Value mismatch,"def test_minOperationsQueries():
    solution = Solution()
    assert solution.minOperationsQueries(4, [[0,1,1],[1,2,1],[2,3,1]], [[0,3]]) == [1]","============================= test session starts =============================
platform win32 -- Python 3.12.10, pytest-8.4.2, pluggy-1.6.0 -- C:\Rep
... [TRUNCATED - showing end] ...
===========
______________________ test_minOperationsQueries_line27 _______________________

    def test_minOperationsQueries_line27():
        solution = Solution()
>       assert solution.minOperationsQueries(4, [[0, 1, 1], [1, 2, 1], [2, 3, 1]], [[0, 3]]) == [1]
E       AssertionError: assert [0] == [1]
E         
E         At index 0 diff: 0 != 1
E         
E         Full diff:
E           [
E         -     1,
E         ?     ^...
E         
E         ...Full output truncated (3 lines hidden), use '-vv' to show

test_generated.py:38: AssertionError
=========================== short test summary info ===========================
FAILED test_generated.py::test_minOperationsQueries_line27 - AssertionError: ...
============================== 1 failed in 0.18s ==============================",IncorrectAssertion,Test asserts minOperationsQueries(...) == [1] but correct answer is [0].,high,Incorrect expected value,
30,Qwen3-4B-Instruct-2507,"One-Step, T=0.0",866,Assertion,Value mismatch,"def test_primePalindrome():
    solution = Solution()
    assert solution.primePalindrome(10) == 101","============================= test session starts =============================
platform win32 -- Python 3.12.10, pytest-8.4.2, pluggy-1.6.0 -- C:\Rep
... [TRUNCATED - showing end] ...
generated.py::test_primePalindrome_line23 FAILED                    [100%]

================================== FAILURES ===================================
_________________________ test_primePalindrome_line23 _________________________

    def test_primePalindrome_line23():
        solution = Solution()
>       assert solution.primePalindrome(10) == 101
E       assert 11 == 101
E        +  where 11 = primePalindrome(10)
E        +    where primePalindrome = <under_test.Solution object at 0x000002BA1896E4E0>.primePalindrome

test_generated.py:38: AssertionError
=========================== short test summary info ===========================
FAILED test_generated.py::test_primePalindrome_line23 - assert 11 == 101
============================== 1 failed in 0.17s ==============================",IncorrectAssertion,Test asserts primePalindrome(10) == 101 but correct answer is 11.,high,Incorrect expected value,
31,Qwen3-4B-Instruct-2507,"Two-Step, T=0.0",1906,Runtime,Index out of bounds,"def test_minDifference():
    solution = Solution()
    assert solution.minDifference([0, 102, 103, 104], [[0, 1], [1, 2]]) == [-1, -1]","============================= test session starts =============================
platform win32 -- Python 3.12.10, pytest-8.4.2, pluggy-1.6.0 -- C:\Rep
... [TRUNCATED - showing end] ...
^^^^^^^^^^^^^^^^^^^^^^^^^^^^^^^^

test_generated.py:38: 
_ _ _ _ _ _ _ _ _ _ _ _ _ _ _ _ _ _ _ _ _ _ _ _ _ _ _ _ _ _ _ _ _ _ _ _ _ _ _ _

self = <under_test.Solution object at 0x000001D4B75FBA70>
nums = [0, 102, 103, 104], queries = [[0, 1], [1, 2]]

    def minDifference(self, nums: List[int], queries: List[List[int]]) -> List[int]:
      numToIndices = [[] for _ in range(101)]
    
      for i, num in enumerate(nums):
>       numToIndices[num].append(i)
        ^^^^^^^^^^^^^^^^^
E       IndexError: list index out of range

under_test.py:28: IndexError
=========================== short test summary info ===========================
FAILED test_generated.py::test_minDifference_line20 - IndexError: list index ...
============================== 1 failed in 0.17s ==============================",SemanticMisunderstanding,"Test uses values greater than 100 in the nums array, which exceeds the function's internal limits and causes an IndexError.",near,,
32,Qwen3-4B-Instruct-2507,"Two-Step, T=0.0",1301,Runtime,Index out of bounds,"def test_pathsWithMaxScore():
    solution = Solution()
    board = [
        ""0"", ""0"", ""0"",
        ""0"", ""0"", ""0"",
        ""0"", ""0"", ""0""
    ]
    assert solution.pathsWithMaxScore(board) == [0, 1]","============================= test session starts =============================
platform win32 -- Python 3.12.10, pytest-8.4.2, pluggy-1.6.0 -- C:\Rep
... [TRUNCATED - showing end] ...
pathsWithMaxScore(self, board: List[str]) -> List[int]:
      kMod = 1_000_000_007
      n = len(board)
      dirs = ((0, 1), (1, 0), (1, 1))
      dp = [[-1] * (n + 1) for _ in range(n + 1)]
      count = [[0] * (n + 1) for _ in range(n + 1)]
    
      dp[0][0] = 0
      dp[n - 1][n - 1] = 0
      count[n - 1][n - 1] = 1
    
      for i in reversed(range(n)):
        for j in reversed(range(n)):
>         if board[i][j] == 'S' or board[i][j] == 'X':
             ^^^^^^^^^^^
E         IndexError: string index out of range

under_test.py:36: IndexError
=========================== short test summary info ===========================
FAILED test_generated.py::test_pathsWithMaxScore_line26 - IndexError: string ...
============================== 1 failed in 0.17s ==============================",SemanticMisunderstanding,"Test provides a flattened list of characters instead of a list of strings representing a 2D grid, causing an IndexError.",near,,
33,Qwen3-4B-Instruct-2507,"Two-Step, T=0.0",1583,Runtime,Key not found,"def test_unhappyFriends():
    solution = Solution()
    assert solution.unhappyFriends(4, [[1, 2, 3, 0], [3, 0, 1, 2], [2, 1, 0, 3], [0, 1, 2, 3]], [[0, 1], [2, 3]]) == 2","============================= test session starts =============================
platform win32 -- Python 3.12.10, pytest-8.4.2, pluggy-1.6.0 -- C:\Rep
... [TRUNCATED - showing end] ...
, 0], [3, 0, 1, 2], [2, 1, 0, 3], [0, 1, 2, 3]], [[0, 1], [2, 3]]) == 2
               ^^^^^^^^^^^^^^^^^^^^^^^^^^^^^^^^^^^^^^^^^^^^^^^^^^^^^^^^^^^^^^^^^^^^^^^^^^^^^^^^^^^^^^^^^^^^^^^^^^^^^^

test_generated.py:38: 
_ _ _ _ _ _ _ _ _ _ _ _ _ _ _ _ _ _ _ _ _ _ _ _ _ _ _ _ _ _ _ _ _
... [TRUNCATED] ...
     for x in range(n):
        for u in prefer[x].keys():
          y = matches[x]
          v = matches[u]
>         if prefer[x][u] < prefer[x][y] and prefer[u][x] < prefer[u][v]:
                            ^^^^^^^^^^^^
E         KeyError: 3

under_test.py:40: KeyError
=========================== short test summary info ===========================
FAILED test_generated.py::test_unhappyFriends_line30 - KeyError: 3
============================== 1 failed in 0.18s ==============================",SemanticMisunderstanding,"Test provides a preferences array where node 0 prefers itself, causing a KeyError.",near,unhappyFriends preferences self-loop,
34,Qwen3-4B-Instruct-2507,"Two-Step, T=0.0",1923,Runtime,Possible API hallucination,"def test_longestCommonSubpath():
    solution = Solution()
    assert solution.longestCommonCommonSubpath(2, [[1, 2, 3], [1, 2, 3, 4]]) == 3","============================= test session starts =============================
platform win32 -- Python 3.12.10, pytest-8.4.2, pluggy-1.6.0 -- C:\Rep
... [TRUNCATED - showing end] ...
               [100%]

================================== FAILURES ===================================
______________________ test_longestCommonSubpath_line23 _______________________

    def test_longestCommonSubpath_line23():
        solution = Solution()
>       assert solution.longestCommonCommonSubpath(2, [[1, 2, 3], [1, 2, 3, 4]]) == 3
               ^^^^^^^^^^^^^^^^^^^^^^^^^^^^^^^^^^^
E       AttributeError: 'Solution' object has no attribute 'longestCommonCommonSubpath'. Did you mean: 'longestCommonSubpath'?

test_generated.py:38: AttributeError
=========================== short test summary info ===========================
FAILED test_generated.py::test_longestCommonSubpath_line23 - AttributeError: ...
============================== 1 failed in 0.16s ==============================",APIHallucination,Test calls a misspelled method longestCommonCommonSubpath() instead of longestCommonSubpath().,high,,
35,Qwen3-4B-Instruct-2507,"Two-Step, T=0.0",2836,Runtime,Index out of bounds,"def test_getMaxFunctionValue():
    solution = Solution()
    assert solution.getMaxFunctionValue([1, 2, 3, 4, 5], 5) == 10","============================= test session starts =============================
platform win32 -- Python 3.12.10, pytest-8.4.2, pluggy-1.6.0 -- C:\Rep
... [TRUNCATED - showing end] ...
MaxFunctionValue(self, receiver: List[int], k: int) -> int:
      n = len(receiver)
      m = int(math.log2(k)) + 1
      ans = 0
      jump = [[0] * m for _ in range(n)]
      summ = [[0] * m for _ in range(n)]
    
      for i in range(n):
        jump[i][0] = receiver[i]
        summ[i][0] = receiver[i]
    
      for j in range(1, m):
        for i in range(n):
          midNode = jump[i][j - 1]
>         jump[i][j] = jump[midNode][j - 1]
                       ^^^^^^^^^^^^^
E         IndexError: list index out of range

under_test.py:37: IndexError
=========================== short test summary info ===========================
FAILED test_generated.py::test_getMaxFunctionValue_line34 - IndexError: list ...
============================== 1 failed in 0.17s ==============================",SemanticMisunderstanding,"Test provides a receiver array containing value 5, which is out of bounds for an array of size 5, causing an IndexError.",near,getMaxFunctionValue out of bounds,
36,Qwen3-4B-Instruct-2507,"One-Step, T=0.0",1583,Runtime,Key not found,"def test_unhappyFriends():
    solution = Solution()
    n = 4
    preferences = [
        [1, 2, 3],
        [2, 3, 1],
        [3, 1, 2],
        [1, 2, 3]
    ]
    pairs = [[0, 1], [2, 3]]
    assert solution.unhappyFriends(n, preferences, pairs) == 2","============================= test session starts =============================
platform win32 -- Python 3.12.10, pytest-8.4.2, pluggy-1.6.0 -- C:\Rep
... [TRUNCATED - showing end] ...
 3, 1], [3, 1, 2], [1, 2, 3]]
        pairs = [[0, 1], [2, 3]]
>       assert solution.unhappyFriends(n, preferences, pairs) == 2
               ^^^^^^^^^^^^^^^^^^^^^^^^^^^^^^^^^^^^^^^^^^^^^^

test_generated.py:41: 
_ _ _ _ _ _ _ _ _ _ _ _ _ _ _ _ _ _ _ _ _ _ _ _ _ _ _ _ _ _ _ _
... [TRUNCATED] ...
     for x in range(n):
        for u in prefer[x].keys():
          y = matches[x]
          v = matches[u]
>         if prefer[x][u] < prefer[x][y] and prefer[u][x] < prefer[u][v]:
                            ^^^^^^^^^^^^
E         KeyError: 0

under_test.py:40: KeyError
=========================== short test summary info ===========================
FAILED test_generated.py::test_unhappyFriends_line30 - KeyError: 0
============================== 1 failed in 0.17s ==============================",SemanticMisunderstanding,"Test provides a preferences array where node 1 prefers itself and omits node 0, causing a KeyError.",near,unhappyFriends preferences self-loop,
37,Qwen3-4B-Instruct-2507,"Two-Step, T=0.0",2973,Runtime,Index out of bounds,"def test_placedCoins():
    solution = Solution()
    assert solution.placedCoins([[1,2],[3,4]], [-1, -2, -3, -4]) == [0, 0, 0, 0]","============================= test session starts =============================
platform win32 -- Python 3.12.10, pytest-8.4.2, pluggy-1.6.0 -- C:\Rep
... [TRUNCATED - showing end] ...
^^^^^^^^^^^^^^^^

test_generated.py:38: 
_ _ _ _ _ _ _ _ _ _ _ _ _ _ _ _ _ _ _ _ _ _ _ _ _ _ _ _ _ _ _ _ _ _ _ _ _ _ _ _

self = <under_test.Solution object at 0x000001BD5D4BBBF0>
edges = [[1, 2], [3, 4]], cost = [-1, -2, -3, -4]

    def placedCoins(self, edges: List[List[int]], cost: List[int]) -> List[int]:
      n = len(cost)
      ans = [0] * n
      tree = [[] for _ in range(n)]
    
      for u, v in edges:
        tree[u].append(v)
>       tree[v].append(u)
        ^^^^^^^
E       IndexError: list index out of range

under_test.py:58: IndexError
=========================== short test summary info ===========================
FAILED test_generated.py::test_placedCoins_line28 - IndexError: list index ou...
============================== 1 failed in 0.16s ==============================",SemanticMisunderstanding,"Test provides an edge with node 4 but the cost array size implies nodes 0-3, causing an IndexError.",near,graph node index out of bounds,
38,Qwen3-4B-Instruct-2507,"Two-Step, T=0.0",1705,Assertion,Value mismatch,"def test_eatenApples():
    solution = Solution()
    assert solution.eatenApples([1, 2, 3, 4, 5], [3, 2, 1, 1, 1]) == 7","============================= test session starts =============================
platform win32 -- Python 3.12.10, pytest-8.4.2, pluggy-1.6.0 -- C:\Rep
... [TRUNCATED - showing end] ...
les_line22 FAILED                        [100%]

================================== FAILURES ===================================
___________________________ test_eatenApples_line22 ___________________________

    def test_eatenApples_line22():
        solution = Solution()
>       assert solution.eatenApples([1, 2, 3, 4, 5], [3, 2, 1, 1, 1]) == 7
E       assert 5 == 7
E        +  where 5 = eatenApples([1, 2, 3, 4, 5], [3, 2, 1, 1, 1])
E        +    where eatenApples = <under_test.Solution object at 0x0000022F9CBF0EF0>.eatenApples

test_generated.py:38: AssertionError
=========================== short test summary info ===========================
FAILED test_generated.py::test_eatenApples_line22 - assert 5 == 7
============================== 1 failed in 0.15s ==============================",IncorrectAssertion,Test asserts eatenApples(...) == 7 but correct answer is 5.,high,Incorrect expected value,
39,Qwen3-4B-Instruct-2507,"One-Step, T=0.0",2257,Assertion,Value mismatch,"def test_countUnguarded():
    solution = Solution()
    assert solution.countUnguarded(3, 3, [[0, 0], [2, 2]], [[1, 1]]) == 4","============================= test session starts =============================
platform win32 -- Python 3.12.10, pytest-8.4.2, pluggy-1.6.0 -- C:\Rep
... [TRUNCATED - showing end] ...
ED                     [100%]

================================== FAILURES ===================================
_________________________ test_countUnguarded_line30 __________________________

    def test_countUnguarded_line30():
        solution = Solution()
>       assert solution.countUnguarded(3, 3, [[0, 0], [2, 2]], [[1, 1]]) == 4
E       assert 0 == 4
E        +  where 0 = countUnguarded(3, 3, [[0, 0], [2, 2]], [[1, 1]])
E        +    where countUnguarded = <under_test.Solution object at 0x000001F2C18170B0>.countUnguarded

test_generated.py:38: AssertionError
=========================== short test summary info ===========================
FAILED test_generated.py::test_countUnguarded_line30 - assert 0 == 4
============================== 1 failed in 0.19s ==============================",IncorrectAssertion,Test asserts countUnguarded(...) == 4 but correct answer is 0.,high,Incorrect expected value,
40,Qwen3-4B-Instruct-2507,"Two-Step, T=0.0",2301,Assertion,Value mismatch,"def test_matchReplacement():
    solution = Solution()
    assert solution.matchReplacement(""abc"", ""ac"", [[""b"", ""c""]]) == True","============================= test session starts =============================
platform win32 -- Python 3.12.10, pytest-8.4.2, pluggy-1.6.0 -- C:\Rep
... [TRUNCATED - showing end] ...
=========================== FAILURES ===================================
________________________ test_matchReplacement_line20 _________________________

    def test_matchReplacement_line20():
        solution = Solution()
>       assert solution.matchReplacement('abc', 'ac', [['b', 'c']]) == True
E       AssertionError: assert False == True
E        +  where False = matchReplacement('abc', 'ac', [['b', 'c']])
E        +    where matchReplacement = <under_test.Solution object at 0x0000019AF370D5E0>.matchReplacement

test_generated.py:38: AssertionError
=========================== short test summary info ===========================
FAILED test_generated.py::test_matchReplacement_line20 - AssertionError: asse...
============================== 1 failed in 0.17s ==============================",IncorrectAssertion,Test asserts matchReplacement(...) == True but correct answer is False.,high,Incorrect expected value,
41,Qwen3-4B-Thinking-2507,"Two-Step, T=0.0",289,Runtime,Possible API hallucination; Incomplete test structure,"Okay, let's tackle this problem. I need to generate a test case for the `gameOfLife` function that satisfies the conditions for line 27 to be executed. 

First, I'll recall what line 27 does. From the code, line 27 is `board[i][j] |= 0b10`. This line is executed when the condition in line 26 is true: `if board[i][j] == 0 and ones == 3:`. 

So, for line 27 to run, two things must be true:
1. The current cell (i, j) is dead (value 0).
2. The count of live cells in the 3x3 neighborhood (including itself) is exactly 3. But since the cell is dead, this count equals the number of live neighbors.

In Conway's Game of Life rules, a dead cell with exactly three live neighbors becomes alive in the next generation. So the test case needs to have a dea
... [TRUNCATED] ...
 column 1):

The 3x3 neighborhood includes rows 0-2 and columns 0-2.

The live cells are:

(0,0) → 1

(1,2) → 1

(2,1) → 1

Total: 3. Yes.

So 'ones' = 3.

Since board[1][1] is 0, the condition is met.

After the function runs, the center cell becomes 1 (as explained earlier).

This test case should work.

Another possible example: a 2x2 board. But the code handles boundaries, so maybe a 3x3 is safe.

Let me confirm with the code.

In the code, for cell (1,1) in a 3x3 board:

x ranges from max(0","============================= test session starts =============================
platform win32 -- Python 3.12.10, pytest-8.4.2, pluggy-1.6.0 -- C:\Rep
... [TRUNCATED - showing end] ...
ns: anyio-4.12.0, cov-5.0.0
collecting ... collected 1 item

test_generated.py::test_twoSum_line24 FAILED                             [100%]

================================== FAILURES ===================================
_____________________________ test_twoSum_line24 ______________________________

    def test_twoSum_line24():
        solution = Solution()
>       assert solution.twoSum([2, 7, 11, 15], 9) == [0, 1]
               ^^^^^^^^^^^^^^^
E       AttributeError: 'Solution' object has no attribute 'twoSum'

test_generated.py:38: AttributeError
=========================== short test summary info ===========================
FAILED test_generated.py::test_twoSum_line24 - AttributeError: 'Solution' obj...
============================== 1 failed in 0.20s ==============================",SemanticMisunderstanding,Model generates a test for twoSum instead of the requested gameOfLife function.,low,Generates twoSum test instead of requested function,
42,Qwen3-4B-Thinking-2507,"Two-Step, T=0.0",15,Assertion,Value mismatch; Incomplete test structure,"Okay, let's tackle this problem. I need to generate a test case for the threeSum function that satisfies the conditions related to line 39 being executed.

First, I need to understand what line 39 does. From the code provided:

The threeSum function finds all triplets in the input list that add up to zero. The code sorts the list, then uses two pointers (l and r) to find triplets.

Line 39 is `r -= 1`, which is part of the 'else' clause in the conditional structure. The structure is:

- If the sum (nums[i] + nums[l] + nums[r]) is 0, handle it.
- Else if the sum is less than 0, increment l.
- Else (sum > 0), decrement r.

So line 39 is executed when the sum is greater than 0.

The conditions for line 39 to be executed are:
1. The sum of nums
... [TRUNCATED] ...
,0,0], then l increments (l=2), r decrements (r=1) → loop ends.

No line 39 executed here.

So the test case [-1,0,1,2] is good.

Thus, the generated test case is:

```python
def test_threeSum():
    solution = Solution()
    assert solution.threeSum([-1, 0, 1, 2]) == []
```

Wait, but the problem says ""the test function should be named test_threeSum"". Yes.

Yes, this should work.
</think>

```python
def test_threeSum():
    solution = Solution()
    assert solution.threeSum([-1, 0, 1, 2]) == []","============================= test session starts =============================
platform win32 -- Python 3.12.10, pytest-8.4.2, pluggy-1.6.0 -- C:\Rep
... [TRUNCATED - showing end] ...
==== FAILURES ===================================
____________________________ test_threeSum_line14 _____________________________

    def test_threeSum_line14():
        solution = Solution()
>       assert solution.threeSum([-1, 0, 1, 2]) == []
E       AssertionError: assert [(-1, 0, 1)] == []
E         
E         Left contains one more item: (-1, 0, 1)
E         
E         Full diff:
E         - []
E         + [
E         +     (...
E         
E         ...Full output truncated (5 lines hidden), use '-vv' to show

test_generated.py:38: AssertionError
=========================== short test summary info ===========================
FAILED test_generated.py::test_threeSum_line14 - AssertionError: assert [(-1,...
============================== 1 failed in 0.20s ==============================",IncorrectAssertion,"Test asserts threeSum(...) == [] but correct answer is [(-1, 0, 1)].",high,Incorrect expected value,
43,Qwen3-4B-Thinking-2507,"Two-Step, T=0.0",1162,Assertion,Value mismatch; Incomplete test structure,"Okay, let's tackle this problem. I need to generate a test case for the maxDistance function that satisfies the conditions related to line 24 being executed.

First, let me recall the code. The maxDistance function uses BFS to find the maximum distance between two land cells (where land is 1 and water is 0). Line 24 is where they append the cell (i, j) to the queue when grid[i][j] is not 0.

The conditions given for line 24 to be executed are that grid[i][j] != 0. So, in the test case, I need to create a grid where at least one cell has a value of 1 (since in the problem context, land is 1 and water is 0).

Wait, the problem says ""generate a test case that will satisfy these conditions"". The conditions are about line 24 being executed. So t
... [TRUNCATED] ...
test case has a 1, so line 24 is executed.

Yes.

So this should work.

Wait, but the problem's code uses grid[x][y] = 2 after appending. So in the test case, the grid is modified during the BFS. But the test case is just checking the input grid.

The test case's assertion is about the output of the function. So the test case is correct.

I think this is a valid test case.
</think>

```python
def test_maxDistance():
    solution = Solution()
    assert solution.maxDistance([[1, 0], [0, 0]]) == 1","============================= test session starts =============================
platform win32 -- Python 3.12.10, pytest-8.4.2, pluggy-1.6.0 -- C:\Rep
... [TRUNCATED - showing end] ...
test_generated.py::test_maxDistance_line22 FAILED                        [100%]

================================== FAILURES ===================================
___________________________ test_maxDistance_line22 ___________________________

    def test_maxDistance_line22():
        solution = Solution()
>       assert solution.maxDistance([[1, 0], [0, 0]]) == 1
E       assert 2 == 1
E        +  where 2 = maxDistance([[1, 2], [2, 2]])
E        +    where maxDistance = <under_test.Solution object at 0x00000150603FAFF0>.maxDistance

test_generated.py:38: AssertionError
=========================== short test summary info ===========================
FAILED test_generated.py::test_maxDistance_line22 - assert 2 == 1
============================== 1 failed in 0.17s ==============================",IncorrectAssertion,Test asserts maxDistance(...) == 1 but correct answer is 2.,high,Incorrect expected value,
44,Qwen3-4B-Thinking-2507,"Two-Step, T=0.0",1462,Assertion,Value mismatch; Incomplete test structure,"Okay, let's tackle this problem. The user wants a test case for the `checkIfPrerequisite` function that satisfies specific conditions related to line 27 being executed. 

First, I need to understand what line 27 does. Looking at the code snippet provided:

```python
def _dfs(self, graph: List[List[int]], u: int, used: List[bool]) -> None:  #24
    for v in graph[u]:  #25
        if used[v]:  #26
            continue  #27
```

Line 27 is the `continue` statement. It gets executed when the condition in line 26 (`used[v]`) is `True`. So, the key condition here is that `used[v]` is `True` for some node `v` during the DFS traversal.

The problem states that the test case should satisfy the conditions derived from the steps above. Specifically, t
... [TRUNCATED] ...
s correct.

I think this test case works. Let me check if there's a simpler case.

Another possibility: numCourses=3, prerequisites=[[0,1], [1,2], [2,0]]. This creates a cycle. But the minimal case is 2 courses.

Yes, the 2-course case is sufficient.

So the answer is the test case with numCourses=2, prerequisites as a cycle, and a query.
</think>

```python
def test_checkIfPrerequisite():
    solution = Solution()
    assert solution.checkIfPrerequisite(2, [[0, 1], [1, 0]], [[0, 1]]) == [False]","============================= test session starts =============================
platform win32 -- Python 3.12.10, pytest-8.4.2, pluggy-1.6.0 -- C:\Rep
... [TRUNCATED - showing end] ...
    [100%]

================================== FAILURES ===================================
_______________________ test_checkIfPrerequisite_line27 _______________________

    def test_checkIfPrerequisite_line27():
        solution = Solution()
>       assert solution.checkIfPrerequisite(2, [[0, 1], [1, 0]], [[0, 1]]) == [False]
E       assert [True] == [False]
E         
E         At index 0 diff: True != False
E         
E         Full diff:
E           [
E         -     False,
E         +     True,
E           ]

test_generated.py:38: AssertionError
=========================== short test summary info ===========================
FAILED test_generated.py::test_checkIfPrerequisite_line27 - assert [True] == ...
============================== 1 failed in 0.15s ==============================",IncorrectAssertion,Test asserts checkIfPrerequisite(...) == [False] but correct answer is [True].,high,Incorrect expected value,
45,Qwen3-4B-Thinking-2507,"Two-Step, T=0.0",1604,Assertion,Value mismatch; Incomplete test structure,"Okay, let's tackle this problem. I need to generate a test case for the alertNames function that satisfies the conditions for line 31 being executed.

First, I need to understand what line 31 does. From the code:

The _hasAlert function checks if there's an alert. It first checks if the list of minutes has more than 70 elements (line 26), returning True immediately. If not, it sorts the list (line 28) and then loops from i=2 onwards (line 29). For each i, it checks if minutes[i-2] + 60 >= minutes[i] (line 30). If that's true, it returns True (line 31).

So line 31 is executed when the loop finds at least one i where minutes[i] - minutes[i-2] <= 60.

The conditions for line 31 to be executed are:

1. The length of the minutes list is <=70 (s
... [TRUNCATED] ...
) == [""Test""]
```

Wait, but the problem says ""the test function should be named test_alertNames"". Yes.

Alternatively, maybe the problem expects a more complex test case, but the example used a simple one.

In the example, the test case was [2,7,11,15] with target 9.

So this test case is simple and meets the conditions.

I think this is correct.
</think>

```python
def test_alertNames():
    solution = Solution()
    assert solution.alertNames([""Test""], [""00:00"", ""00:00"", ""00:01""]) == [""Test""]","============================= test session starts =============================
platform win32 -- Python 3.12.10, pytest-8.4.2, pluggy-1.6.0 -- C:\Rep
... [TRUNCATED - showing end] ...
[100%]

================================== FAILURES ===================================
___________________________ test_alertNames_line22 ____________________________

    def test_alertNames_line22():
        solution = Solution()
>       assert solution.alertNames(['Test'], ['00:00', '00:00', '00:01']) == ['Test']
E       AssertionError: assert [] == ['Test']
E         
E         Right contains one more item: 'Test'
E         
E         Full diff:
E         + []
E         - [
E         -     'Test',
E         - ]

test_generated.py:38: AssertionError
=========================== short test summary info ===========================
FAILED test_generated.py::test_alertNames_line22 - AssertionError: assert [] ...
============================== 1 failed in 0.17s ==============================",IncorrectAssertion,Test asserts alertNames(...) == ['Test'] but correct answer is [].,high,Incorrect expected value,
46,Qwen3-4B-Thinking-2507,"Two-Step, T=0.0",1632,Assertion,Value mismatch; Incomplete test structure,"Okay, let's tackle this problem. The user wants a test case for the `matrixRankTransform` function that satisfies specific conditions related to line 21 being executed in the UnionFind class.

First, I need to understand what line 21 does. Looking at the code, line 21 is `self.id[i] = j` inside the `union` method of the UnionFind class. For this line to be executed, the condition in line 20 (`i != j`) must be true. 

So, the key condition here is that when we call `union(u, v)`, the roots of `u` and `v` (after path compression) are different. That means `u` and `v` are in separate connected components before the union operation.

The example given in the problem shows that the test case should be designed such that the conditions for line 1
... [TRUNCATED] ...
triggers line 21.

Process (1,0): uf.union(1, 0+2=2).

Now, for the group (values in uf.getGroupIdToValues()):

After unions, the groups are [0,2] and [1].

Wait, no. Let's see:

After first union (0,2):

id: {0:2, 2:2}

After second union (1,2):

- setdefault(1,1) → id[1]=1
- setdefault(2,2) → already exists
- _find(1) → 1
- _find(2) → 2
- i=1, j=2 → different → line 21: id[1] = 2 → id becomes {0:2, 2:2, 1:2}

So the groups are [0,1,2] under root 2.

Then, uf.getGroupIdToValues() returns {2: [0","============================= test session starts =============================
platform win32 -- Python 3.12.10, pytest-8.4.2, pluggy-1.6.0 -- C:\Rep
... [TRUNCATED - showing end] ...
=====
_______________________ test_matrixRankTransform_line21 _______________________

    def test_matrixRankTransform_line21():
        solution = Solution()
>       assert solution.matrixRankTransform([[1], [1]]) == [[1, 0], [0, 1]]
E       AssertionError: assert [[1], [1]] == [[1, 0], [0, 1]]
E         
E         At index 0 diff: [1] != [1, 0]
E         
E         Full diff:
E           [
E               [
E                   1,...
E         
E         ...Full output truncated (7 lines hidden), use '-vv' to show

test_generated.py:38: AssertionError
=========================== short test summary info ===========================
FAILED test_generated.py::test_matrixRankTransform_line21 - AssertionError: a...
============================== 1 failed in 0.17s ==============================",IncorrectAssertion,"Test asserts matrixRankTransform(...) returns a 2x2 matrix but the correct answer is a 2x1 matrix [[1], [1]].",high,Incorrect expected value,
47,Qwen3-4B-Thinking-2507,"Two-Step, T=0.0",1654,Assertion,Value mismatch; Incomplete test structure,"Okay, let's tackle this problem. I need to generate a test case for the minimumJumps function that satisfies the conditions for line 37 to be executed. 

First, I need to understand what line 37 does. From the code, line 37 is q.append((Direction.kForward, forward)), which happens when the condition in line 35 is true. Line 35 checks if forward (pos + a) is <= furthest and not in seenForward.

So for line 37 to execute, two conditions must hold:
1. forward <= furthest
2. forward not in seenForward

Also, since the code reaches line 35, the current pos must not be x (otherwise, it would have returned at line 32).

Let me think about what values would make line 37 execute.

Let's pick simple numbers. Let's say forbidden = [1, 2], a=1, b=1, x=
... [TRUNCATED] ...
 but the problem says ""generate a test case that will satisfy these conditions"". The conditions are for line 37 to be executed. So the test case should have the inputs where line 37 is executed.

The example in the problem had a specific assertion. So the answer should be a test function with the assert statement.

So the generated test case is as above.

I think this works.
</think>

```python
def test_minimumJumps():
    solution = Solution()
    assert solution.minimumJumps([3], 1, 1, 4) == 2","============================= test session starts =============================
platform win32 -- Python 3.12.10, pytest-8.4.2, pluggy-1.6.0 -- C:\Rep
... [TRUNCATED - showing end] ...
est_generated.py::test_minimumJumps_line32 FAILED                       [100%]

================================== FAILURES ===================================
__________________________ test_minimumJumps_line32 ___________________________

    def test_minimumJumps_line32():
        solution = Solution()
>       assert solution.minimumJumps([3], 1, 1, 4) == 2
E       assert -1 == 2
E        +  where -1 = minimumJumps([3], 1, 1, 4)
E        +    where minimumJumps = <under_test.Solution object at 0x00000291B79ECFE0>.minimumJumps

test_generated.py:38: AssertionError
=========================== short test summary info ===========================
FAILED test_generated.py::test_minimumJumps_line32 - assert -1 == 2
============================== 1 failed in 0.16s ==============================",IncorrectAssertion,Test asserts minimumJumps(...) == 2 but correct answer is -1.,high,Incorrect expected value,
48,Qwen3-4B-Thinking-2507,"Two-Step, T=0.0",1681,Runtime,Incomplete test structure,"Okay, let's tackle this problem. I need to generate a test case for the given code snippet that satisfies the conditions related to line 60 being executed.

First, let me understand what line 60 does. Looking at the code:

In the function `_getIncompatibility`, line 60 is:
```python
mini = min(mini, num)
```

This line is inside a loop that iterates over each element in `nums`. The loop checks if the i-th bit of `mask` is set (using `mask >> i & 1`). If it is, then it updates `maxi` and `mini` with the current `num`.

So, for line 60 to be executed, the condition `mask >> i & 1` must be true for the current index `i`. That means the i-th bit in the mask is set, indicating that `nums[i]` is part of the subset represented by the mask.

The pr
... [TRUNCATED] ...
ue returns True.

Then incompatibilities[3] = _getIncompatibility(nums, 3) → which computes max(1,2) - min(1,2) = 1.

So incompatibilities[3] = 1.

Then in the DP loop:

dp[3] = min(dp[3], dp[3 - 3] + incompatibilities[3]) → dp[0] is 0, so dp[3] = 0 + 1 = 1.

Finally, dp[-1] is dp[3] =1, so the function returns 1.

So the test case could be:

def test_minimumIncompatibility():
    solution = Solution()
    assert solution.minimumIncompatibility([1, 2], 1) == 1

But does this test case cause line","============================= test session starts =============================
platform win32 -- Python 3.12.10, pytest-8.4.2, pluggy-1.6.0 -- C:\Rep
... [TRUNCATED - showing end] ...
\Local\Temp\eval_1681_kr0pkycx
plugins: anyio-4.12.0, cov-5.0.0
collecting ... collected 1 item

test_generated.py::test_line27 FAILED                                    [100%]

================================== FAILURES ===================================
_________________________________ test_line27 _________________________________

    def test_line27():
>       mini = min(mini, num)
                   ^^^^
E       UnboundLocalError: cannot access local variable 'mini' where it is not associated with a value

test_generated.py:37: UnboundLocalError
=========================== short test summary info ===========================
FAILED test_generated.py::test_line27 - UnboundLocalError: cannot access loca...
============================== 1 failed in 0.16s ==============================",SemanticMisunderstanding,Model generates a snippet of internal function logic instead of a proper unit test calling the Solution class.,far,Outputs function logic instead of test,
49,Qwen3-4B-Thinking-2507,"Two-Step, T=0.0",1938,Runtime,Incomplete test structure,"Okay, let's tackle this problem. The user wants me to generate a test case for the given code snippet that satisfies the specified conditions related to line 38 being executed.

First, I need to understand what line 38 does and the conditions under which it's executed. From the code provided, line 38 is inside the `query` method of the `Trie` class. The code for `query` is:

```python
def query(self, num: int) -> int:  #31
    ans = 0  #32
    node = self.root  #33
    for i in range(self.kHeight, -1, -1):  #34
      bit = (num >> i) & 1  #35
      targetBit = bit ^ 1  #36
      if node.children[targetBit] and node.children[targetBit].count > 0:  #37
        ans += 1 << i  #38
        node = node.children[targetBit]  #39
      else:  #40
  
... [TRUNCATED] ...
1-4) similar to the example.

2. Generate a test case (a function) that satisfies those conditions.

But the user says: ""Your test function should be named test_maxGeneticDifference.""

Wait, the user says: ""In a similar fashion, generate a test case for the following code snippet and conditions.""

So the answer should be the test case function, but the user also expects me to write the conditions (the four steps) as part of the answer? No, the example shows that the answer is just the test case.","============================= test session starts =============================
platform win32 -- Python 3.12.10, pytest-8.4.2, pluggy-1.6.0 -- C:\Rep
... [TRUNCATED - showing end] ...
num: int) -> int:
E       fixture 'self' not found
>       available fixtures: anyio_backend, anyio_backend_name, anyio_backend_options, cache, capfd, capfdbinary, caplog, capsys, capsysbinary, capteesys, cov, doctest_namespace, free_tcp_port, free_tcp_port_factory, free_udp_port, free_udp_port_factory, monkeypatch, no_cover, pytestconfig, record_property, record_testsuite_property, record_xml_attribute, recwarn, tmp_path, tmp_path_factory, tmpdir, tmpdir_factory
>       use 'pytest --fixtures [testpath]' for help on them.

C:\Users\cbark\AppData\Local\Temp\eval_1938_5iwajr0g\test_generated.py:36
=========================== short test summary info ===========================
ERROR test_generated.py::test_line27
============================== 1 error in 0.07s ===============================",SemanticMisunderstanding,Test function is defined with a 'self' parameter which Pytest incorrectly tries to resolve as a fixture.,low,,
50,Qwen3-4B-Thinking-2507,"Two-Step, T=0.0",2132,Runtime,Incomplete test structure,"Okay, let's tackle this problem. The task is to generate a test case for the `possibleToStamp` function that satisfies the conditions related to line 35 being executed.

First, I need to understand what line 35 does and when it's executed. From the code snippet:

```python
for i in range(m):
  for j in range(n):
    if not grid[i][j]:  # line 34
      x = min(i + stampHeight, m)  # line 35
      y = min(j + stampWidth, n)  # line 36
      ...
```

Line 35 is executed only when the condition in line 34 (`if not grid[i][j]`) is true. In Python, `not grid[i][j]` is True if `grid[i][j]` is 0 (since 0 is considered False in a boolean context for integers).

So, the key condition here is that `grid[i][j]` must be 0. The test case needs to have at
... [TRUNCATED] ...
 was for the twoSum function, which returns a list. The test case checked that the return value equals [0,1].

So for this problem, the test case should check the return value of the function. But the problem's conditions are about line 35 being executed. So the test case must be a grid where line 35 is executed, and the function returns a specific value (maybe True).

But the problem says ""generate a test case that will satisfy these conditions"". The conditions are the four steps (about line 35","============================= test session starts =============================
platform win32 -- Python 3.12.10, pytest-8.4.2, pluggy-1.6.0 -- C:\Repos\slm-python-unit-test-benchmark\venv\Scripts\python.exe
cachedir: .pytest_cache
rootdir: C:\Users\cbark\AppData\Local\Temp\eval_2132_oe4228v0
plugins: anyio-4.12.0, cov-5.0.0
collecting ... collected 1 item

test_generated.py::test_line23 FAILED                                    [100%]

================================== FAILURES ===================================
_________________________________ test_line23 _________________________________

    def test_line23():
>       for i in range(m):
                       ^
E       NameError: name 'm' is not defined

test_generated.py:37: NameError
=========================== short test summary info ===========================
FAILED test_generated.py::test_line23 - NameError: name 'm' is not defined
============================== 1 failed in 0.16s ==============================",SemanticMisunderstanding,Model generates a snippet of internal function logic instead of a proper unit test calling the Solution class.,far,Outputs function logic instead of test,
51,Qwen3-4B-Thinking-2507,"Two-Step, T=0.0",2467,Runtime,Incomplete test structure,"Okay, let's tackle this problem. I need to generate a test case for the `mostProfitablePath` function that satisfies the conditions related to line 50 being executed.

First, I'll recall what line 50 does. From the code snippet:

```python
maxPath = max(maxPath, self._getMoney(tree, v, u, amount))
```

This line is part of the `_getMoney` function, which recursively calculates the maximum profit path starting from node `u`. Line 50 is executed for each child node `v` (where `v != prev`). 

The conditions specified require that line 50 is executed. So, for line 50 to be executed, the following must hold:

1. The loop in line 48 (iterating over neighbors of `u`) must have at least one neighbor `v` where `v != prev`.
2. The initial check in li
... [TRUNCATED] ...
1, 1, 1]) == 2
```

Wait, but the problem says ""Your test function should be named `test_mostProfitablePath`."" So the code should start with that.

Let me confirm the code structure.

The code snippet shows that the class is named `Solution`, so the test function creates an instance of `Solution` and calls `mostProfitablePath` with the given arguments.

Yes, the test case is correctly formatted.

I think this test case works because in the tree with edges [[0,1], [1,2]], node 1 has a child (node","============================= test session starts =============================
platform win32 -- Python 3.12.10, pytest-8.4.2, pluggy-1.6.0 -- C:\Rep
... [TRUNCATED - showing end] ...
4.12.0, cov-5.0.0
collecting ... collected 1 item

test_generated.py::test_line27 FAILED                                    [100%]

================================== FAILURES ===================================
_________________________________ test_line27 _________________________________

    def test_line27():
>       maxPath = max(maxPath, self._getMoney(tree, v, u, amount))
                      ^^^^^^^
E       UnboundLocalError: cannot access local variable 'maxPath' where it is not associated with a value

test_generated.py:37: UnboundLocalError
=========================== short test summary info ===========================
FAILED test_generated.py::test_line27 - UnboundLocalError: cannot access loca...
============================== 1 failed in 0.15s ==============================",SemanticMisunderstanding,Model generates a snippet of internal function logic instead of a proper unit test calling the Solution class.,far,Outputs function logic instead of test,
52,Qwen3-4B-Thinking-2507,"Two-Step, T=0.0",2508,Assertion,Value mismatch; Incomplete test structure,"Okay, let's tackle this problem. I need to generate a test case for the isPossible function that satisfies the conditions for line 27 to be executed.

First, I need to understand what line 27 does and when it's executed. Looking at the code:

The function isPossible checks if a graph meets certain conditions based on the number of nodes with odd degrees.

The code builds a graph using sets (adjacency list), then computes oddNodes as nodes with odd degrees.

The conditions are:
- If no odd nodes: return True (line 21)
- If exactly 2 odd nodes: check if there's a node connected to neither (line 24)
- If exactly 4 odd nodes: return the OR of three conditions (line 27)
- Otherwise: return False (line 28)

Line 27 is executed only when len(oddNo
... [TRUNCATED] ...
test function should be named test_isPossible"".

Yes.

Let me confirm that in this test case, the code will enter line 27.

Yes, because all four nodes have odd degrees (degree 3), so len(oddNodes)=4.

Thus, the code will execute line 27.

So this test case satisfies the condition that line 27 is executed.

I think this is the correct test case.
</think>

```python
def test_isPossible():
    solution = Solution()
    assert solution.isPossible(4, [[1, 2], [1, 3], [1, 4], [2, 3], [2, 4], [3, 4]])","============================= test session starts =============================
platform win32 -- Python 3.12.10, pytest-8.4.2, pluggy-1.6.0 -- C:\Rep
... [TRUNCATED - showing end] ...
            [100%]

================================== FAILURES ===================================
___________________________ test_isPossible_line21 ____________________________

    def test_isPossible_line21():
        solution = Solution()
>       assert solution.isPossible(4, [[1, 2], [1, 3], [1, 4], [2, 3], [2, 4], [3, 4]])
E       assert False
E        +  where False = isPossible(4, [[1, 2], [1, 3], [1, 4], [2, 3], [2, 4], [3, 4]])
E        +    where isPossible = <under_test.Solution object at 0x0000020EAC7707A0>.isPossible

test_generated.py:38: AssertionError
=========================== short test summary info ===========================
FAILED test_generated.py::test_isPossible_line21 - assert False
============================== 1 failed in 0.17s ==============================",IncorrectAssertion,Test implicitly asserts isPossible(...) is True but the correct answer is False.,high,Incorrect expected value,
53,Qwen3-4B-Thinking-2507,"Two-Step, T=0.0",3030,Runtime,Possible API hallucination; Incomplete test structure,"Okay, let's tackle this problem. I need to generate a test case for the given code snippet that satisfies the specified conditions. First, I'll make sure I understand the code and the conditions properly.

The code is for the `resultGrid` function in a `Solution` class. It processes a 2D image matrix and a threshold to determine regions and compute some grid values.

Looking at the code, the key part for line 24 (which is `sums[x][y] += subgridSum // 9`) is inside the loops that process each 3x3 block. For line 24 to be executed, the following must happen:

1. The outer loops (i and j) must have a valid starting position where a 3x3 block fits (i.e., i < m-2 and j < n-2).
2. The `_isRegion` method must return True for the current (i, j) and
... [TRUNCATED] ...
, for x in 0,1,2 and y in 0,1,2:

sums[x][y] += 0 //9 → 0.

counts[x][y] +=1 → 1.

Then, in the next part (lines 27-29), for each cell in image:

if counts[i][j] >0 → yes, so image[i][j] = sums[i][j] // counts[i][j] → 0//1=0.

So the image remains all zeros.

So the assertion would pass.

But the problem is to generate a test case where line 24 is executed. This test case does that.

Another possible test case is a 4x4 image where the top-left 3x3 block has values that are all the same, so the _","============================= test session starts =============================
platform win32 -- Python 3.12.10, pytest-8.4.2, pluggy-1.6.0 -- C:\Rep
... [TRUNCATED - showing end] ...
ns: anyio-4.12.0, cov-5.0.0
collecting ... collected 1 item

test_generated.py::test_twoSum_line22 FAILED                             [100%]

================================== FAILURES ===================================
_____________________________ test_twoSum_line22 ______________________________

    def test_twoSum_line22():
        solution = Solution()
>       assert solution.twoSum([2, 7, 11, 15], 9) == [0, 1]
               ^^^^^^^^^^^^^^^
E       AttributeError: 'Solution' object has no attribute 'twoSum'

test_generated.py:38: AttributeError
=========================== short test summary info ===========================
FAILED test_generated.py::test_twoSum_line22 - AttributeError: 'Solution' obj...
============================== 1 failed in 0.17s ==============================",SemanticMisunderstanding,Model generates a test for twoSum instead of the requested resultGrid function.,low,Generates twoSum test instead of requested function,
54,Qwen3-4B-Thinking-2507,"One-Step, T=0.0",1926,Assertion,Value mismatch; Incomplete test structure,"Okay, let's see. I need to write a test method for the nearestExit function. The problem says that the test case must cover line 30: continue. Hmm, line 30 is part of the code where it checks if the current cell is an exit.

Wait, the function's logic is a BFS. The code starts by adding the entrance to the queue. Then, for each step, it processes all cells in the current level. For each neighbor, it checks if it's within bounds, not visited, not a wall. If it's on the border (x==0 or x==m-1 or y==0 or y==n-1), then it returns the current step count (ans).

But the test needs to cover line 30. Line 30 is the 'continue' statement. Wait, looking at the code:

Line 29: if (x, y) in seen or maze[x][y] == '+': continue

So line 30 is the next lin
... [TRUNCATED] ...
: (1,2) is '.' → added to queue.

Now, the queue has two elements.

Next iteration (ans=2):

Process (1,0). Check if it's a border cell: y=0 → yes. So return 2.

Yes, correct.

So the test case is valid.

Therefore, the answer is the test method with this input.

I think this is the correct test case.
</think>

def test_nearestExit():
    solution = Solution()
    maze = [['.', '+', '.'], ['.', '.', '.'], ['.', '+', '.']]
    entrance = [1, 1]
    assert solution.nearestExit(maze, entrance) == 2","============================= test session starts =============================
platform win32 -- Python 3.12.10, pytest-8.4.2, pluggy-1.6.0 -- C:\Rep
... [TRUNCATED - showing end] ...
_______________________ test_nearestExit_line28 ___________________________

    def test_nearestExit_line28():
        solution = Solution()
        maze = [['.', '+', '.'], ['.', '.', '.'], ['.', '+', '.']]
        entrance = [1, 1]
>       assert solution.nearestExit(maze, entrance) == 2
E       AssertionError: assert 1 == 2
E        +  where 1 = nearestExit([['.', '+', '.'], ['.', '.', '.'], ['.', '+', '.']], [1, 1])
E        +    where nearestExit = <under_test.Solution object at 0x00000236FFB27A70>.nearestExit

test_generated.py:40: AssertionError
=========================== short test summary info ===========================
FAILED test_generated.py::test_nearestExit_line28 - AssertionError: assert 1 ...
============================== 1 failed in 0.19s ==============================",IncorrectAssertion,Test asserts nearestExit(...) == 2 but correct answer is 1.,high,Incorrect expected value,
55,Qwen3-4B-Thinking-2507,"One-Step, T=0.0",2257,Runtime,Possible API hallucination; Incomplete test structure,"Okay, let's see. I need to write a test method for the countUnguarded function. The key here is to make sure that the test covers line 57 where ans is incremented.

First, I should understand what the function does. The problem says it counts unguarded cells that are not occupied by walls or guards. So, the grid has some guards (marked 'G') and walls ('W'), and the rest are empty (0). The function checks each cell that's not a wall or guard, and if none of the four directions (left, right, up, down) have a guard, then it's unguarded and gets counted.

The test needs to cover line 57. That line increments ans when a cell meets the condition: grid[i][j] is 0 (so not a wall or guard), and all four directions (left, right, up, down) don't have 
... [TRUNCATED] ...
ng left, the lastCell before j=2 is 'W' at j=1).

So left[0][2] is 'W' → condition fails.

So this cell is not counted.

Hmm, not helpful.

Another idea: a 3x3 grid with a guard in the center. But then the cells around it would be guarded.

But perhaps the simplest test case is the 2x2 with one guard.

Yes, the previous example seems good.

So the test method is as written.

I think that's the answer.
</think>

def test_countUnguarded():
    solution = Solution()
    assert solution.countUnguard","============================= test session starts =============================
platform win32 -- Python 3.12.10, pytest-8.4.2, pluggy-1.6.0 -- C:\Rep
... [TRUNCATED - showing end] ...
llecting ... collected 1 item

test_generated.py::test_countUnguarded_line30 FAILED                     [100%]

================================== FAILURES ===================================
_________________________ test_countUnguarded_line30 __________________________

    def test_countUnguarded_line30():
        solution = Solution()
>       assert solution.countUnguard
               ^^^^^^^^^^^^^^^^^^^^^
E       AttributeError: 'Solution' object has no attribute 'countUnguard'. Did you mean: 'countUnguarded'?

test_generated.py:38: AttributeError
=========================== short test summary info ===========================
FAILED test_generated.py::test_countUnguarded_line30 - AttributeError: 'Solut...
============================== 1 failed in 0.18s ==============================",MalformedSyntax,"Test code is truncated, leaving an incomplete assertion and missing the method call parentheses.",near,,
56,Qwen3-4B-Thinking-2507,"One-Step, T=0.0",2456,Assertion,Value mismatch; Incomplete test structure,"Okay, let's see. I need to write a test method for the mostPopularCreator function. The key here is to make sure that the test covers line 33, which is where the creator's videoId is updated when there's a new maxView or same maxView but lexicographically smaller id.

First, I should think about what scenario would trigger line 33. The code checks if the current view is greater than the creator's maxView, or equal but the id is lexicographically smaller. So, for example, if a creator has a video with 100 views and id 'abc', then another video with 100 views and id 'ab' (which is lex smaller) would update the videoId to 'ab'.

So, the test case needs to have at least two videos by the same creator where the second video has the same number o
... [TRUNCATED] ...
unction definition"". Hmm, but the function definition requires strings to be quoted. So I think the user means that the answer shouldn't have any extra text outside the function, like comments or explanations.

So the code as written is acceptable.

Yes.

So this should be the answer.
</think>

def test_mostPopularCreator():
    solution = Solution()
    creators = [""Alice""]
    ids = [""b"", ""a""]
    views = [10, 10]
    assert solution.mostPopularCreator(creators, ids, views) == [[""Alice"", ""a""]]","============================= test session starts =============================
platform win32 -- Python 3.12.10, pytest-8.4.2, pluggy-1.6.0 -- C:\Rep
... [TRUNCATED - showing end] ...
_line26():
        solution = Solution()
        creators = ['Alice']
        ids = ['b', 'a']
        views = [10, 10]
>       assert solution.mostPopularCreator(creators, ids, views) == [['Alice', 'a']]
E       AssertionError: assert [['Alice', 'b']] == [['Alice', 'a']]
E         
E         At index 0 diff: ['Alice', 'b'] != ['Alice', 'a']
E         
E         Full diff:
E           [
E               [
E                   'Alice',...
E         
E         ...Full output truncated (6 lines hidden), use '-vv' to show

test_generated.py:41: AssertionError
=========================== short test summary info ===========================
FAILED test_generated.py::test_mostPopularCreator_line26 - AssertionError: as...
============================== 1 failed in 0.18s ==============================",IncorrectAssertion,"Test asserts mostPopularCreator(...) == [['Alice', 'a']] but correct answer is [['Alice', 'b']].",high,Incorrect expected value,
57,Qwen3-4B-Thinking-2507,"One-Step, T=0.0",2751,Assertion,Value mismatch; Incomplete test structure,"Okay, let's see. I need to write a test method for the function survivedRobotsHealths. The user specified that the test case must cover line 40: stack.append(robot). So I have to make sure that in my test input, the robot's health is greater than 0 after processing, so it gets appended to the stack.

First, I should understand what the function does. The function takes three lists: positions, healths, and directions. It creates robots with their index, position, health, and direction. Then sorts them by position. Then processes each robot. For robots moving right ('R'), they go into a stack. For left ('L') robots, they collide with the right-moving ones in the stack.

The key part here is that when a left-moving robot (which is coming from 
... [TRUNCATED] ...
 written.

I think this is correct.

Let me check if the code returns [1].

Yes.

Another way: if the input is positions [1,2], healths [1,2], directions ""LR"", then the code returns [1].

Yes.

So the test case is correct.

Therefore, the answer is the function with this test input.
</think>

def test_survivedRobotsHealths():
    solution = Solution()
    positions = [1, 2]
    healths = [1, 2]
    directions = ""LR""
    assert solution.survivedRobotsHealths(positions, healths, directions) == [1]","============================= test session starts =============================
platform win32 -- Python 3.12.10, pytest-8.4.2, pluggy-1.6.0 -- C:\Rep
... [TRUNCATED - showing end] ...
=======================
______________________ test_survivedRobotsHealths_line27 ______________________

    def test_survivedRobotsHealths_line27():
        solution = Solution()
        positions = [1, 2]
        healths = [1, 2]
        directions = 'LR'
>       assert solution.survivedRobotsHealths(positions, healths, directions) == [1]
E       assert [1, 2] == [1]
E         
E         Left contains one more item: 2
E         
E         Full diff:
E           [
E               1,
E         +     2,
E           ]

test_generated.py:41: AssertionError
=========================== short test summary info ===========================
FAILED test_generated.py::test_survivedRobotsHealths_line27 - assert [1, 2] =...
============================== 1 failed in 0.20s ==============================",IncorrectAssertion,"Test asserts survivedRobotsHealths(...) == [1] but correct answer is [1, 2].",high,Incorrect expected value,
58,Qwen3-8B-AWQ,"Two-Step, T=0.0",882,Assertion,Value mismatch; Incomplete test structure,"<think>
Okay, I need to generate a test case for the `reachableNodes` function based on the conditions provided. Let me first understand what the function does and what the conditions require.

The `reachableNodes` function uses Dijkstra's algorithm to find the number of nodes reachable within a certain number of moves (`maxMoves`). It also considers edges with counts, which might represent how many times you can traverse them. The function returns the total number of reachable nodes plus the reachable subnodes through edges.

The conditions for line 44 (the `heapq.heappush` call) involve ensuring that the new distance to a neighbor node is less than the current stored distance. This implies that the code must have processed a node `u` with
... [TRUNCATED] ...
ould allow the algorithm to process node 0, then node 1, then node 2, ensuring that each step involves updating distances and pushing into the heap. 

But for simplicity, the first test case with edges [[0,1,1]], maxMoves=2, n=2, expecting 3 is sufficient to satisfy the conditions for line 44 to execute.
</think>

```python
def test_reachableNodes():
    solution = Solution()
    edges = [[0, 1, 1], [1, 2, 1]]
    maxMoves = 3
    n = 3
    assert solution.reachableNodes(edges, maxMoves, n) == 5","============================= test session starts =============================
platform win32 -- Python 3.12.10, pytest-8.4.2, pluggy-1.6.0 -- C:\Rep
... [TRUNCATED - showing end] ...
========= FAILURES ===================================
_________________________ test_reachableNodes_line37 __________________________

    def test_reachableNodes_line37():
        solution = Solution()
        edges = [[0, 1, 1], [1, 2, 1]]
        maxMoves = 3
        n = 3
>       assert solution.reachableNodes(edges, maxMoves, n) == 5
E       assert 4 == 5
E        +  where 4 = reachableNodes([[0, 1, 1], [1, 2, 1]], 3, 3)
E        +    where reachableNodes = <under_test.Solution object at 0x000001B282EFAFF0>.reachableNodes

test_generated.py:41: AssertionError
=========================== short test summary info ===========================
FAILED test_generated.py::test_reachableNodes_line37 - assert 4 == 5
============================== 1 failed in 0.16s ==============================",IncorrectAssertion,Test asserts reachableNodes(...) == 5 but correct answer is 4.,high,Incorrect expected value,
59,Qwen3-8B-AWQ,"Two-Step, T=0.0",688,Assertion,Value mismatch; Incomplete test structure,"<think>
</think>

```python
def test_knightProbability():
    solution = Solution()
    assert solution.knightProbability(8, 1, 0, 0) == 0.125","============================= test session starts =============================
platform win32 -- Python 3.12.10, pytest-8.4.2, pluggy-1.6.0 -- C:\Rep
... [TRUNCATED - showing end] ...
e25 FAILED                  [100%]

================================== FAILURES ===================================
________________________ test_knightProbability_line25 ________________________

    def test_knightProbability_line25():
        solution = Solution()
>       assert solution.knightProbability(8, 1, 0, 0) == 0.125
E       assert 0.25 == 0.125
E        +  where 0.25 = knightProbability(8, 1, 0, 0)
E        +    where knightProbability = <under_test.Solution object at 0x000002A7F388BCE0>.knightProbability

test_generated.py:38: AssertionError
=========================== short test summary info ===========================
FAILED test_generated.py::test_knightProbability_line25 - assert 0.25 == 0.125
============================== 1 failed in 0.14s ==============================",IncorrectAssertion,Test asserts knightProbability(...) == 0.125 but correct answer is 0.25.,high,Incorrect expected value,
60,Qwen3-8B-AWQ,"Two-Step, T=0.0",1765,Assertion,Value mismatch; Incomplete test structure,"<think>
Okay, I need to generate a test case for the `highestPeak` function based on the conditions provided. Let me recall the code and the conditions.

The function `highestPeak` takes a 2D list `isWater` and returns a 2D list of distances from water cells. The code uses BFS to propagate distances from all initial water cells (marked as 1) to their neighbors. 

The conditions for line 22 (where water cells are added to the queue) to execute are:
1. The current cell (i,j) must be a water cell (`isWater[i][j] == 1`).
2. The grid must contain at least one water cell (so that the loops encounter at least one such cell).

To create a test case that satisfies these conditions, I need to provide an input `isWater` that includes at least one wate
... [TRUNCATED] ...
ld be a matrix where the water cell has distance 0, and others are calculated based on BFS propagation. 

Testing this case should confirm that the function correctly processes the water cell and propagates distances. The test function `test_highestPeak` should verify that the output matches the expected result.
</think>

```python
def test_highestPeak():
    solution = Solution()
    isWater = [[1, 0], [0, 0]]
    expected = [[0, 1], [1, -1]]
    assert solution.highestPeak(isWater) == expected","============================= test session starts =============================
platform win32 -- Python 3.12.10, pytest-8.4.2, pluggy-1.6.0 -- C:\Rep
... [TRUNCATED - showing end] ...
 ___________________________

    def test_highestPeak_line22():
        solution = Solution()
        isWater = [[1, 0], [0, 0]]
        expected = [[0, 1], [1, -1]]
>       assert solution.highestPeak(isWater) == expected
E       AssertionError: assert [[0, 1], [1, 2]] == [[0, 1], [1, -1]]
E         
E         At index 1 diff: [1, 2] != [1, -1]
E         
E         Full diff:
E           [
E               [
E                   0,...
E         
E         ...Full output truncated (10 lines hidden), use '-vv' to show

test_generated.py:40: AssertionError
=========================== short test summary info ===========================
FAILED test_generated.py::test_highestPeak_line22 - AssertionError: assert [[...
============================== 1 failed in 0.18s ==============================",IncorrectAssertion,"Test asserts highestPeak([[1, 0], [0, 0]]) == [[0, 1], [1, -1]] but correct answer is [[0, 1], [1, 2]].",high,Incorrect expected value,
61,Qwen3-8B-AWQ,"Two-Step, T=0.0",3108,Assertion,Value mismatch; Incomplete test structure,"<think>
Okay, let's see. The user provided a code snippet and conditions related to line 45 in the UnionFind class's _find method. They want a test case for the test_minimumCost function that satisfies those conditions.

First, I need to understand the conditions. The main point is that line 45 (self.id[u] = self._find(self.id[u])) is executed. That happens when the current node u is not its own parent (self.id[u] != u). So, the test case needs to ensure that during the execution of _find, this condition is met.

Looking at the code, the _find method is used in unionByRank and getMinCost. For line 45 to execute, the _find method must be called on a node that isn't the root. So, the test case should involve scenarios where path compression o
... [TRUNCATED] ...
pression. For example, n=3, edges=[[0,1,1], [1,2,2]], query=[[0,2]]. The expected result would be the weight of the root. 

But the main thing is to ensure that during the _find calls, the nodes are not roots, thus triggering line 45. 

So, the generated test case should be something like the above example.
</think>

```python
def test_minimumCost():
    solution = Solution()
    n = 3
    edges = [[0, 1, 1], [1, 2, 2]]
    query = [[0, 2]]
    assert solution.minimumCost(n, edges, query) == [1]","============================= test session starts =============================
platform win32 -- Python 3.12.10, pytest-8.4.2, pluggy-1.6.0 -- C:\Rep
... [TRUNCATED - showing end] ...
__________ test_minimumCost_line24 ___________________________

    def test_minimumCost_line24():
        solution = Solution()
        n = 3
        edges = [[0, 1, 1], [1, 2, 2]]
        query = [[0, 2]]
>       assert solution.minimumCost(n, edges, query) == [1]
E       AssertionError: assert [0] == [1]
E         
E         At index 0 diff: 0 != 1
E         
E         Full diff:
E           [
E         -     1,
E         ?     ^...
E         
E         ...Full output truncated (3 lines hidden), use '-vv' to show

test_generated.py:41: AssertionError
=========================== short test summary info ===========================
FAILED test_generated.py::test_minimumCost_line24 - AssertionError: assert [0...
============================== 1 failed in 0.18s ==============================",IncorrectAssertion,"Test asserts minimumCost(3, [[0, 1, 1], [1, 2, 2]], [[0, 2]]) == [1] but correct answer is [0].",high,Incorrect expected value,
62,Qwen3-8B-AWQ,"Two-Step, T=0.0",1735,Assertion,Value mismatch; Incomplete test structure,"<think>
Okay, I need to generate a test case for the `waysToFillArray` method based on the conditions provided. Let me first understand the code and the conditions.

The code involves a method `waysToFillArray` that processes queries. It uses helper methods like `_sieveEratosthenes` and `_getPrimeFactorsCount`, along with combinatorial calculations using `nCk`. The key part here is ensuring that line 44 (`minPrimeFactors[j] = min(...`) is executed. From the conditions, this happens when `i` is a prime number in the outer loop (lines 41-44), and `j` is a multiple of `i` starting from `i*i`.

To create a test case that ensures line 44 is executed, I need to provide inputs that trigger this logic. Let's consider a scenario where the sieve algo
... [TRUNCATED] ...
alue, indicating that the sieve was processed correctly. Alternatively, the test case can be designed to ensure that the sieve is generated, which is the key point here.

In conclusion, the test case should pass a query that causes the sieve to be generated, thereby ensuring line 44 is executed. The simplest way is to pass any non-empty query, like `[[10, 2]]`.
</think>

```python
def test_waysToFillArray():
    solution = Solution()
    assert solution.waysToFillArray([[10, 2]]) == [1000000007]","============================= test session starts =============================
platform win32 -- Python 3.12.10, pytest-8.4.2, pluggy-1.6.0 -- C:\Rep
... [TRUNCATED - showing end] ...
                  [100%]

================================== FAILURES ===================================
_________________________ test_waysToFillArray_line43 _________________________

    def test_waysToFillArray_line43():
        solution = Solution()
>       assert solution.waysToFillArray([[10, 2]]) == [1000000007]
E       assert [10] == [1000000007]
E         
E         At index 0 diff: 10 != 1000000007
E         
E         Full diff:
E           [
E         -     1000000007,
E         +     10,
E           ]

test_generated.py:38: AssertionError
=========================== short test summary info ===========================
FAILED test_generated.py::test_waysToFillArray_line43 - assert [10] == [10000...
============================== 1 failed in 0.18s ==============================",IncorrectAssertion,"Test asserts waysToFillArray([[10, 2]]) == [1000000007] but correct answer is [10].",high,Incorrect expected value,
63,Qwen3-8B-AWQ,"Two-Step, T=0.0",2662,Assertion,Value mismatch; Incomplete test structure,"<think>
</think>

```python
def test_minimumCost():
    solution = Solution()
    # Define a scenario where a shorter path is found through a special road
    # Start at (0, 0), target at (5, 5)
    # Special roads: 
    # Road 0: from (0, 0) to (2, 2) with cost 1
    # Road 1: from (3, 3) to (5, 5) with cost 1
    # Direct path from start to target costs 10
    # Path via Road 0 → Road 1 costs 1 + 1 = 2, which is better
    assert solution.minimumCost([0, 0], [5, 5], [[0, 0, 2, 2, 1], [3, 3, 5, 5, 1]]) == 2","============================= test session starts =============================
platform win32 -- Python 3.12.10, pytest-8.4.2, pluggy-1.6.0 -- C:\Rep
... [TRUNCATED - showing end] ...
     [100%]

================================== FAILURES ===================================
___________________________ test_minimumCost_line28 ___________________________

    def test_minimumCost_line28():
        solution = Solution()
>       assert solution.minimumCost([0, 0], [5, 5], [[0, 0, 2, 2, 1], [3, 3, 5, 5, 1]]) == 2
E       assert 4 == 2
E        +  where 4 = minimumCost([0, 0], [5, 5], [[0, 0, 2, 2, 1], [3, 3, 5, 5, 1]])
E        +    where minimumCost = <under_test.Solution object at 0x00000177C94BB830>.minimumCost

test_generated.py:38: AssertionError
=========================== short test summary info ===========================
FAILED test_generated.py::test_minimumCost_line28 - assert 4 == 2
============================== 1 failed in 0.17s ==============================",IncorrectAssertion,Test asserts minimumCost(...) == 2 but correct answer is 4.,high,Incorrect expected value,
64,Qwen3-8B-AWQ,"Two-Step, T=0.0",1574,Assertion,Value mismatch; Incomplete test structure,"<think>
</think>

```python
def test_findLengthOfShortestSubarray():
    solution = Solution()
    arr = [1, 3, 5, 7, 9]
    assert solution.findLengthOfShortestSubarray(arr) == 1","============================= test session starts =============================
platform win32 -- Python 3.12.10, pytest-8.4.2, pluggy-1.6.0 -- C:\Rep
... [TRUNCATED - showing end] ...
FAILURES ===================================
__________________ test_findLengthOfShortestSubarray_line27 ___________________

    def test_findLengthOfShortestSubarray_line27():
        solution = Solution()
        arr = [1, 3, 5, 7, 9]
>       assert solution.findLengthOfShortestSubarray(arr) == 1
E       assert 0 == 1
E        +  where 0 = findLengthOfShortestSubarray([1, 3, 5, 7, 9])
E        +    where findLengthOfShortestSubarray = <under_test.Solution object at 0x000002A8442B1700>.findLengthOfShortestSubarray

test_generated.py:39: AssertionError
=========================== short test summary info ===========================
FAILED test_generated.py::test_findLengthOfShortestSubarray_line27 - assert 0...
============================== 1 failed in 0.16s ==============================",IncorrectAssertion,"Test asserts findLengthOfShortestSubarray([1, 3, 5, 7, 9]) == 1 but correct answer is 0.",high,Incorrect expected value,
65,Qwen3-8B-AWQ,"Two-Step, T=0.0",952,Assertion,Value mismatch; Incomplete test structure,"<think>
Okay, let's see. The user wants a test case for the given code and conditions. The code is for the largestComponentSize method, which uses a Union-Find data structure to group numbers based on their factors. The conditions are about when line 45 (uf.unionByRank(num, num // x)) is executed.

First, I need to understand when line 45 runs. From the code, line 45 is inside a loop that iterates over x in a range from 2 to sqrt(num) + 1. For each x, if num is divisible by x, then two union operations are done: one with x and another with num//x. So line 45 is executed when num is divisible by x, and x is in that range.

So, to trigger line 45, there must be a num in the input list that has a divisor x (where x is between 2 and sqrt(num)),
... [TRUNCATED] ...
s 4. 

But the test case needs to ensure that line 45 is executed. So any nums that have at least one number with a divisor in the range 2 to sqrt(num) would work. 

So the simplest test case is nums=[6], expecting 3. 

Thus, the generated test case would be:

def test_largestComponentSize():
    solution = Solution()
    assert solution.largestComponentSize([6]) == 3
</think>

```python
def test_largestComponentSize():
    solution = Solution()
    assert solution.largestComponentSize([6]) == 3","============================= test session starts =============================
platform win32 -- Python 3.12.10, pytest-8.4.2, pluggy-1.6.0 -- C:\Rep
... [TRUNCATED - showing end] ...
estComponentSize_line20 FAILED               [100%]

================================== FAILURES ===================================
______________________ test_largestComponentSize_line20 _______________________

    def test_largestComponentSize_line20():
        solution = Solution()
>       assert solution.largestComponentSize([6]) == 3
E       assert 1 == 3
E        +  where 1 = largestComponentSize([6])
E        +    where largestComponentSize = <under_test.Solution object at 0x0000028F31ECBFE0>.largestComponentSize

test_generated.py:38: AssertionError
=========================== short test summary info ===========================
FAILED test_generated.py::test_largestComponentSize_line20 - assert 1 == 3
============================== 1 failed in 0.18s ==============================",IncorrectAssertion,Test asserts largestComponentSize([6]) == 3 but correct answer is 1.,high,Incorrect expected value,
66,Qwen3-8B-AWQ,"Two-Step, T=0.0",2876,Assertion,Value mismatch; Incomplete test structure,"<think>
</think>

```python
def test_countVisitedNodes():
    solution = Solution()
    edges = [1, 2, 3, 0, 4, 5, 6]  # Example graph with cycles and chains
    expected = [1, 2, 3, 1, 1, 1, 1]  # Expected output based on graph structure
    assert solution.countVisitedNodes(edges) == expected","============================= test session starts =============================
platform win32 -- Python 3.12.10, pytest-8.4.2, pluggy-1.6.0 -- C:\Rep
... [TRUNCATED - showing end] ...
_____________

    def test_countVisitedNodes_line28():
        solution = Solution()
        edges = [1, 2, 3, 0, 4, 5, 6]
        expected = [1, 2, 3, 1, 1, 1, 1]
>       assert solution.countVisitedNodes(edges) == expected
E       AssertionError: assert [4, 4, 4, 4, 1, 1, ...] == [1, 2, 3, 1, 1, 1, ...]
E         
E         At index 0 diff: 4 != 1
E         
E         Full diff:
E           [
E         -     1,
E         ?     ^...
E         
E         ...Full output truncated (18 lines hidden), use '-vv' to show

test_generated.py:40: AssertionError
=========================== short test summary info ===========================
FAILED test_generated.py::test_countVisitedNodes_line28 - AssertionError: ass...
============================== 1 failed in 0.17s ==============================",IncorrectAssertion,Test asserts an incorrect expected list of visited nodes.,high,Incorrect expected value,
67,Qwen3-8B-AWQ,"Two-Step, T=0.0",407,Assertion,Value mismatch; Incomplete test structure,"<think>
Okay, I need to generate a test case for the `trapRainWater` function based on the given conditions. Let me first understand the code and the conditions.

The code uses a min-heap to simulate the process of trapping rainwater. It starts by pushing the boundary cells (first and last columns of each row, and first and last rows of each column) into the heap. Then, it processes each cell, checking its neighbors. When a neighbor's height is less than the current boundary height (`h`), it adds the difference to the answer (`ans`). 

The conditions for line 42 (ans += ...) to execute are:
1. The neighbor cell (x,y) must have a height less than the current boundary height `h`.
2. The neighbor cell (x,y) must be within the grid boundaries.

... [TRUNCATED] ...
 trapped water. The expected result would be the volume of water trapped, which in this case would be 4 units (each of the four surrounding cells contributes 1 unit of water).

So, the test case should use a 3x3 grid with the specified values and assert that the result matches the expected output.
</think>

```python
def test_trapRainWater():
    solution = Solution()
    heightMap = [
        [3, 3, 3],
        [3, 0, 3],
        [3, 3, 3]
    ]
    assert solution.trapRainWater(heightMap) == 4","============================= test session starts =============================
platform win32 -- Python 3.12.10, pytest-8.4.2, pluggy-1.6.0 -- C:\Rep
... [TRUNCATED - showing end] ...
0%]

================================== FAILURES ===================================
__________________________ test_trapRainWater_line38 __________________________

    def test_trapRainWater_line38():
        solution = Solution()
        heightMap = [[3, 3, 3], [3, 0, 3], [3, 3, 3]]
>       assert solution.trapRainWater(heightMap) == 4
E       assert 3 == 4
E        +  where 3 = trapRainWater([[3, 3, 3], [3, 0, 3], [3, 3, 3]])
E        +    where trapRainWater = <under_test.Solution object at 0x0000024D74563DD0>.trapRainWater

test_generated.py:39: AssertionError
=========================== short test summary info ===========================
FAILED test_generated.py::test_trapRainWater_line38 - assert 3 == 4
============================== 1 failed in 0.19s ==============================",IncorrectAssertion,Test asserts trapRainWater(...) == 4 but correct answer is 3.,high,Incorrect expected value,
68,Qwen3-8B-AWQ,"One-Step, T=0.0",581,Runtime,Possible API hallucination; Incomplete test structure,"<think>
Okay, let's see. I need to write a test method for the function findUnsortedSubarray. The user specified that the test case must cover line 19, which is where flag is set to True. 

First, I should understand what the code does. The function seems to identify the smallest subarray that needs to be sorted for the entire array to be sorted. The approach involves finding the minimum and maximum elements in the unsorted parts of the array and then determining the left and right boundaries of the subarray.

Looking at the code lines:

In the first loop (lines 17-22), they check for any point where nums[i] < nums[i-1], which indicates a dip. When such a dip is found, flag is set to True. Then, while flag is True, they update mini to the m
... [TRUNCATED] ...
put. So this should be sufficient. 

Another possible test case is [1,2,5,3,4,6]. The unsorted part is 5,3,4. The correct answer is 4 (from index 2 to 4). Let me check:

First loop: looking for dips. 

i=1: 2>1 → no. i=2: 5>2 → no. i=3: 3 <5 → flag becomes True. mini is 3. i=4: 4>3 → no. i=5: 6>4 → no. So mini is 3. 

Second loop: check from end. 

i=4: 4 <6 → no. i=3: 3 <4 → no. i=2: 5>3 → flag becomes True. maxi is 5. 

Then, find left boundary: starting from 0. nums[0]=1, which is not >3. num","============================= test session starts =============================
platform win32 -- Python 3.12.10, pytest-8.4.2, pluggy-1.6.0 -- C:\Rep
... [TRUNCATED - showing end] ...
 anyio-4.12.0, cov-5.0.0
collecting ... collected 1 item

test_generated.py::test_findUnsortedSubarray_line27 FAILED               [100%]

================================== FAILURES ===================================
______________________ test_findUnsortedSubarray_line27 _______________________

    def test_findUnsortedSubarray_line27():
        solution = Solution()
>       assert solution.findUnsorted
               ^^^^^^^^^^^^^^^^^^^^^
E       AttributeError: 'Solution' object has no attribute 'findUnsorted'

test_generated.py:38: AttributeError
=========================== short test summary info ===========================
FAILED test_generated.py::test_findUnsortedSubarray_line27 - AttributeError: ...
============================== 1 failed in 0.10s ==============================",MalformedSyntax,"Test code is truncated, leaving only ""assert solution.findUnsorted"".",near,,
69,Qwen3-8B-AWQ,"Two-Step, T=0.0",1938,Runtime,Index out of bounds; Incomplete test structure,"<think>
</think>

```python
def test_maxGeneticDifference():
    solution = Solution()
    parents = [1, 2, 3, 4, 5]
    queries = [[0, 1], [1, 2], [2, 3], [3, 4], [4, 5]]
    expected = [1, 2, 3, 4, 5]
    assert solution.maxGeneticDifference(parents, queries) == expected","============================= test session starts =============================
platform win32 -- Python 3.12.10, pytest-8.4.2, pluggy-1.6.0 -- C:\Rep
... [TRUNCATED - showing end] ...
 [[0, 1], [1, 2], [2, 3], [3, 4], [4, 5]]

    def maxGeneticDifference(self, parents: List[int], queries: List[List[int]]) -> List[int]:
      n = len(parents)
      ans = [0] * len(queries)
      rootVal = -1
      tree = [[] for _ in range(n)]
      nodeToQueries = collections.defaultdict(list)
      trie = Trie()
    
      for i, parent in enumerate(parents):
        if parent == -1:
          rootVal = i
        else:
>         tree[parent].append(i)
          ^^^^^^^^^^^^
E         IndexError: list index out of range

under_test.py:69: IndexError
=========================== short test summary info ===========================
FAILED test_generated.py::test_maxGeneticDifference_line27 - IndexError: list...
============================== 1 failed in 0.16s ==============================",SemanticMisunderstanding,"Test provides a parents array where a parent index is out of bounds (5 for an array of size 5), causing an IndexError.",near,,
70,Qwen3-8B-AWQ,"Two-Step, T=0.0",927,Runtime,Incomplete test structure,"<think>
</think>

```python
def test_threeEqualParts():
    solut","============================= test session starts =============================
platform win32 -- Python 3.12.10, pytest-8.4.2, pluggy-1.6.0 -- C:\Repos\slm-python-unit-test-benchmark\venv\Scripts\python.exe
cachedir: .pytest_cache
rootdir: C:\Users\cbark\AppData\Local\Temp\eval_927_ol2bzrxg
plugins: anyio-4.12.0, cov-5.0.0
collecting ... collected 1 item

test_generated.py::test_threeEqualParts_line16 FAILED                    [100%]

================================== FAILURES ===================================
_________________________ test_threeEqualParts_line16 _________________________

    def test_threeEqualParts_line16():
>       solut
E       NameError: name 'solut' is not defined

test_generated.py:37: NameError
=========================== short test summary info ===========================
FAILED test_generated.py::test_threeEqualParts_line16 - NameError: name 'solu...
============================== 1 failed in 0.16s ==============================",MalformedSyntax,"Test code is truncated, leaving only ""solut"".",near,,
71,Qwen3-8B-AWQ,"Two-Step, T=0.0",1293,Runtime,Incomplete test structure,"<think>
Okay, I need to generate a test case for the given code snippet and conditions. Let me first understand the code and the conditions.

The code is for the shortestPath function, which uses BFS to find the shortest path in a grid where obstacles can be eliminated up to k times. The function returns the minimum number of steps needed to reach the bottom-right corner.

The conditions for line 33 (return steps) to be executed are:

1. The destination cell (m-1, n-1) must be reachable from (0,0) with the given k. This means there's a path where the number of obstacles is ≤ k.

2. During BFS traversal, the code must process a cell (i,j) that has a neighbor (x,y) which is the destination. This implies that the destination is adjacent to the
... [TRUNCATED] ...
st case that checked for a specific input. So the answer should be a test case that meets the conditions for line 33 to be executed, which requires the destination to be reachable and the BFS to reach it. 

Therefore, the correct test case would be one where the destination is reachable and the steps are calculated correctly. The example I thought of earlier with grid [[0,1],[0,0]] and k=1 returning 2 steps is valid.
</think>

```python
def test_shortestPath():
    solution = Solution()
    asse","============================= test session starts =============================
platform win32 -- Python 3.12.10, pytest-8.4.2, pluggy-1.6.0 -- C:\Repos\slm-python-unit-test-benchmark\venv\Scripts\python.exe
cachedir: .pytest_cache
rootdir: C:\Users\cbark\AppData\Local\Temp\eval_1293_njikxtn1
plugins: anyio-4.12.0, cov-5.0.0
collecting ... collected 1 item

test_generated.py::test_shortestPath_line16 FAILED                       [100%]

================================== FAILURES ===================================
__________________________ test_shortestPath_line16 ___________________________

    def test_shortestPath_line16():
        solution = Solution()
>       asse
E       NameError: name 'asse' is not defined

test_generated.py:38: NameError
=========================== short test summary info ===========================
FAILED test_generated.py::test_shortestPath_line16 - NameError: name 'asse' i...
============================== 1 failed in 0.17s ==============================",MalformedSyntax,"Test code is truncated, leaving only ""asse"".",near,,
72,Qwen3-8B-AWQ,"Two-Step, T=0.0",2709,Runtime,Possible API hallucination; Incomplete test structure,"<think>
Okay, let's see. The user wants a test case for the canTraverseAllPairs method where line 50 is executed. Line 50 is part of the else clause in the if statement on line 47. So, line 50 runs when the prime_factor isn't in primeToFirstIndex yet.

So, the test case needs to ensure that during the processing of some number in nums, a prime factor is encountered for the first time. That means, for that particular prime factor, it hasn't been added to primeToFirstIndex before.

Let me think about what inputs would cause this. Suppose the nums list has numbers whose prime factors include some unique ones. For example, if one of the numbers is a prime number itself, like 2, 3, etc. Let's take an example.

Let's say nums is [2, 3]. Let's wal
... [TRUNCATED] ...
h index 1. Now, the union find structure has two separate components. Then, the function returns any(uf.getSize(i) == n for i in range(n)), which is n=2. So for i=0, the size is 1 (since it's the root of 0), and for i=1, the size is 1. So the return value is False. So the test case would assert that the function returns False.

But the user's question is about the conditions for line 50 to be executed. So the test case needs to have an input that causes line 50 to be executed. So even if the fun","============================= test session starts =============================
platform win32 -- Python 3.12.10, pytest-8.4.2, pluggy-1.6.0 -- C:\Rep
... [TRUNCATED - showing end] ...
ert solution.ca
               ^^^^^^^^^^^
E       AttributeError: 'Solution' object has no attribute 'ca'

test_generated.py:38: AttributeError
_______________________ test_canTraverseAllPairs_line23 _______________________

    def test_canTraverseAllPairs_line23():
        solution = Solution()
>       assert solution.canTravers
               ^^^^^^^^^^^^^^^^^^^
E       AttributeError: 'Solution' object has no attribute 'canTravers'

test_generated.py:42: AttributeError
=========================== short test summary info ===========================
FAILED test_generated.py::test_canTraverseAllPairs_line22 - AttributeError: '...
FAILED test_generated.py::test_canTraverseAllPairs_line23 - AttributeError: '...
============================== 2 failed in 0.18s ==============================",MalformedSyntax,"Test code is truncated, leaving only ""assert solution.ca"".",near,,
73,Qwen3-8B-AWQ,"Two-Step, T=0.0",1616,Runtime,Incomplete test structure,"<think>
Okay, let's see. The user provided a code snippet for the `checkPalindromeFormation` method and a list of conditions that need to be satisfied for line 27 to be executed. My task is to generate a test case that meets these conditions.

First, I need to understand the code and the conditions. The code involves checking if a string is a palindrome in a specific way. The `_isPalindrome` method checks if a substring from index i to j is a palindrome. Line 27 is the return statement that returns False when the characters at positions i and j are not equal.

The conditions for line 27 to be executed are likely related to when the `_isPalindrome` method is called and the first character comparison fails. So, the test case needs to create a
... [TRUNCATED] ...
return False. So the overall result is False. Thus, the test case would be correct.

Therefore, the generated test case should be:

def test_checkPalindromeFormation():
    solution = Solution()
    assert solution.checkPalindromeFormation(""ab"", ""cd"") == False

This test case ensures that during execution, line 27 is executed twice (once for each _isPalindrome call), thus satisfying the conditions.
</think>

```python
def test_checkPalindromeFormation():
    solution = Solution()
    assert solu","============================= test session starts =============================
platform win32 -- Python 3.12.10, pytest-8.4.2, pluggy-1.6.0 -- C:\Rep
... [TRUNCATED - showing end] ...
: C:\Users\cbark\AppData\Local\Temp\eval_1616_8of3xdz_
plugins: anyio-4.12.0, cov-5.0.0
collecting ... collected 1 item

test_generated.py::test_checkPalindromeFormation_line19 FAILED           [100%]

================================== FAILURES ===================================
____________________ test_checkPalindromeFormation_line19 _____________________

    def test_checkPalindromeFormation_line19():
        solution = Solution()
>       assert solu
               ^^^^
E       NameError: name 'solu' is not defined

test_generated.py:38: NameError
=========================== short test summary info ===========================
FAILED test_generated.py::test_checkPalindromeFormation_line19 - NameError: n...
============================== 1 failed in 0.16s ==============================",MalformedSyntax,"Test code is truncated, leaving only ""assert solu"".",near,,
74,Qwen3-8B-AWQ,"Two-Step, T=0.0",2973,Assertion,Value mismatch; Incomplete test structure,"<think>
</think>

```python
def test_placedCoins():
    solution = Solution()
    edges = [[0, 1], [1, 2], [2, 3]]
    cost = [-1, -2, -3, -4]
    assert solution.placedCoins(edges, cost) == [0, 1, 2, 3]","============================= test session starts =============================
platform win32 -- Python 3.12.10, pytest-8.4.2, pluggy-1.6.0 -- C:\Rep
... [TRUNCATED - showing end] ...
cedCoins_line28 ___________________________

    def test_placedCoins_line28():
        solution = Solution()
        edges = [[0, 1], [1, 2], [2, 3]]
        cost = [-1, -2, -3, -4]
>       assert solution.placedCoins(edges, cost) == [0, 1, 2, 3]
E       AssertionError: assert [0, 0, 1, 1] == [0, 1, 2, 3]
E         
E         At index 1 diff: 0 != 1
E         
E         Full diff:
E           [
E               0,
E         +     0,...
E         
E         ...Full output truncated (7 lines hidden), use '-vv' to show

test_generated.py:40: AssertionError
=========================== short test summary info ===========================
FAILED test_generated.py::test_placedCoins_line28 - AssertionError: assert [0...
============================== 1 failed in 0.18s ==============================",IncorrectAssertion,"Test asserts placedCoins(...) == [0, 1, 2, 3] but correct answer is [0, 0, 1, 1].",high,Incorrect expected value,
75,Qwen3-8B-AWQ,"Two-Step, T=0.0",2663,Assertion,Value mismatch; Incomplete test structure,"<think>
</think>

```python
def test_smallestBeautifulString():
    solution = Solution()
    assert solution.smallestBeautifulString(""abc"", 3) == ""abc""","============================= test session starts =============================
platform win32 -- Python 3.12.10, pytest-8.4.2, pluggy-1.6.0 -- C:\Rep
... [TRUNCATED - showing end] ...
.0, cov-5.0.0
collecting ... collected 1 item

test_generated.py::test_smallestBeautifulString_line20 FAILED            [100%]

================================== FAILURES ===================================
_____________________ test_smallestBeautifulString_line20 _____________________

    def test_smallestBeautifulString_line20():
        solution = Solution()
>       assert solution.smallestBeautifulString('abc', 3) == 'abc'
E       AssertionError: assert 'acb' == 'abc'
E         
E         - abc
E         + acb

test_generated.py:38: AssertionError
=========================== short test summary info ===========================
FAILED test_generated.py::test_smallestBeautifulString_line20 - AssertionErro...
============================== 1 failed in 0.18s ==============================",IncorrectAssertion,"Test asserts smallestBeautifulString('abc', 3) == 'abc' but correct answer is 'acb'.",high,Incorrect expected value,
76,Qwen3-8B-AWQ,"Two-Step, T=0.0",1655,Assertion,Value mismatch; Incomplete test structure,"<think>
</think>

```python
def test_canDistribute():
    solution = Solution()
    assert solution.canDistribute([1, 2, 3, 4], [2, 3]) == True","============================= test session starts =============================
platform win32 -- Python 3.12.10, pytest-8.4.2, pluggy-1.6.0 -- C:\Rep
... [TRUNCATED - showing end] ...
e28 FAILED                      [100%]

================================== FAILURES ===================================
__________________________ test_canDistribute_line28 __________________________

    def test_canDistribute_line28():
        solution = Solution()
>       assert solution.canDistribute([1, 2, 3, 4], [2, 3]) == True
E       assert False == True
E        +  where False = canDistribute([1, 2, 3, 4], [2, 3])
E        +    where canDistribute = <under_test.Solution object at 0x0000017C3777C5F0>.canDistribute

test_generated.py:38: AssertionError
=========================== short test summary info ===========================
FAILED test_generated.py::test_canDistribute_line28 - assert False == True
============================== 1 failed in 0.18s ==============================",IncorrectAssertion,"Test asserts canDistribute([1, 2, 3, 4], [2, 3]) == True but correct answer is False.",high,Incorrect expected value,
77,Qwen3-8B-AWQ,"Two-Step, T=0.0",1210,Assertion,Value mismatch; Incomplete test structure,"<think>
Okay, let's see. The user wants a test case for the given code where line 34 is executed. Line 34 is part of the canMoveDown function when pos is kVertical. So, the test case needs to ensure that canMoveDown is called with pos as kVertical, and that the conditions for line 34 to execute are met.

First, I need to create a grid where the function canMoveDown is called with pos=kVertical. Let's think about the structure of the grid. The grid is a list of lists, and the function checks if moving down is possible. For line 34 to execute, the pos must be kVertical, and the code must reach that return statement.

Let me consider a simple grid. Suppose the grid is 3x3. Let's say the current position is (0, 0) with pos=kVertical. Then, canM
... [TRUNCATED] ...
 the main point is to ensure that line 34 is executed. Therefore, the test case should be designed to trigger that line. Hence, the grid should allow the rotation to kVertical and then the canMoveDown function to be called with pos=kVertical.

So, the final test case would be a grid that allows this scenario.
</think>

```python
def test_minimumMoves():
    solution = Solution()
    grid = [
        [0, 0, 0],
        [0, 0, 0],
        [0, 0, 0]
    ]
    assert solution.minimumMoves(grid) == 2","============================= test session starts =============================
platform win32 -- Python 3.12.10, pytest-8.4.2, pluggy-1.6.0 -- C:\Rep
... [TRUNCATED - showing end] ...
             [100%]

================================== FAILURES ===================================
__________________________ test_minimumMoves_line29 ___________________________

    def test_minimumMoves_line29():
        solution = Solution()
        grid = [[0, 0, 0], [0, 0, 0], [0, 0, 0]]
>       assert solution.minimumMoves(grid) == 2
E       assert 3 == 2
E        +  where 3 = minimumMoves([[0, 0, 0], [0, 0, 0], [0, 0, 0]])
E        +    where minimumMoves = <under_test.Solution object at 0x000002482DFDC980>.minimumMoves

test_generated.py:39: AssertionError
=========================== short test summary info ===========================
FAILED test_generated.py::test_minimumMoves_line29 - assert 3 == 2
============================== 1 failed in 0.17s ==============================",IncorrectAssertion,Test asserts minimumMoves(...) == 2 but correct answer is 3.,high,Incorrect expected value,
78,gemma-3-4b-it,"One-Step, T=0.0",1994,Assertion,Value mismatch,"def test_numberOfGoodSubsets():
    solution=Solution()
    nums = [1, 2, 3, 4]
    assert solution.numberOfGoodSubsets(nums) == 8","============================= test session starts =============================
platform win32 -- Python 3.12.10, pytest-8.4.2, pluggy-1.6.0 -- C:\Rep
... [TRUNCATED - showing end] ...
             [100%]

================================== FAILURES ===================================
_______________________ test_numberOfGoodSubsets_line21 _______________________

    def test_numberOfGoodSubsets_line21():
        solution = Solution()
        nums = [1, 2, 3, 4]
>       assert solution.numberOfGoodSubsets(nums) == 8
E       assert 6 == 8
E        +  where 6 = numberOfGoodSubsets([1, 2, 3, 4])
E        +    where numberOfGoodSubsets = <under_test.Solution object at 0x000002F709D516D0>.numberOfGoodSubsets

test_generated.py:39: AssertionError
=========================== short test summary info ===========================
FAILED test_generated.py::test_numberOfGoodSubsets_line21 - assert 6 == 8
============================== 1 failed in 0.17s ==============================",IncorrectAssertion,"Test asserts numberOfGoodSubsets([1, 2, 3, 4]) == 8 but correct answer is 6.",high,Incorrect expected value,
79,gemma-3-4b-it,"Two-Step, T=0.0",673,Assertion,Value mismatch,"def test_findNumberOfLIS():
    solution = Solution()
    assert solution.findNumberOfLIS([1, 2, 3]) == 1
    assert solution.findNumberOfLIS([1, 2, 3, 4, 5]) == 3
    assert solution.findNumberOfLIS([1, 3, 5, 4, 7]) == 2
    assert solution.findNumberOfLIS([1, 2, 4, 3]) == 2
    assert solution.findNumberOfLIS([1, 2, 3, 4, 5, 6, 7, 8, 9, 10]) == 6","============================= test session starts =============================
platform win32 -- Python 3.12.10, pytest-8.4.2, pluggy-1.6.0 -- C:\Rep
... [TRUNCATED - showing end] ...
]

================================== FAILURES ===================================
_________________________ test_findNumberOfLIS_line21 _________________________

    def test_findNumberOfLIS_line21():
        solution = Solution()
        assert solution.findNumberOfLIS([1, 2, 3]) == 1
>       assert solution.findNumberOfLIS([1, 2, 3, 4, 5]) == 3
E       assert 1 == 3
E        +  where 1 = findNumberOfLIS([1, 2, 3, 4, 5])
E        +    where findNumberOfLIS = <under_test.Solution object at 0x000001FC5E4BCE60>.findNumberOfLIS

test_generated.py:39: AssertionError
=========================== short test summary info ===========================
FAILED test_generated.py::test_findNumberOfLIS_line21 - assert 1 == 3
============================== 1 failed in 0.18s ==============================",IncorrectAssertion,"Test asserts findNumberOfLIS([1, 2, 3, 4, 5]) == 3 but correct answer is 1.",high,Incorrect expected value,
80,gemma-3-4b-it,"Two-Step, T=0.0",417,Assertion,Value mismatch,"def test_pacificAtlantic():
    solution = Solution()
    heights = [[1,2,2],[3,2,1],[1,1,4]]
    assert solution.pacificAtlantic(heights) == [[0, 0], [1, 0], [2, 0], [0, 1], [1, 1], [2, 1]]","============================= test session starts =============================
platform win32 -- Python 3.12.10, pytest-8.4.2, pluggy-1.6.0 -- C:\Rep
... [TRUNCATED - showing end] ...
solution = Solution()
        heights = [[1, 2, 2], [3, 2, 1], [1, 1, 4]]
>       assert solution.pacificAtlantic(heights) == [[0, 0], [1, 0], [2, 0], [0, 1], [1, 1], [2, 1]]
E       AssertionError: assert [[0, 1], [0, ..., [2, 1], ...] == [[0, 0], [1, ...1, 1], [2, 1]]
E         
E         At index 0 diff: [0, 1] != [0, 0]
E         Left contains one more item: [2, 2]
E         
E         Full diff:
E           [
E               [...
E         
E         ...Full output truncated (36 lines hidden), use '-vv' to show

test_generated.py:39: AssertionError
=========================== short test summary info ===========================
FAILED test_generated.py::test_pacificAtlantic_line41 - AssertionError: asser...
============================== 1 failed in 0.17s ==============================",IncorrectAssertion,Test asserts an incorrect list of coordinates for pacificAtlantic.,high,Incorrect expected value,
81,gemma-3-4b-it,"One-Step, T=0.0",1717,Assertion,Value mismatch,"def test_maximumGain():
    solution=Solution()
    assert solution.maximumGain(""cabxbae"", 1, 2) == 15","============================= test session starts =============================
platform win32 -- Python 3.12.10, pytest-8.4.2, pluggy-1.6.0 -- C:\Rep
... [TRUNCATED - showing end] ...
Gain_line14 FAILED                        [100%]

================================== FAILURES ===================================
___________________________ test_maximumGain_line14 ___________________________

    def test_maximumGain_line14():
        solution = Solution()
>       assert solution.maximumGain('cabxbae', 1, 2) == 15
E       AssertionError: assert 3 == 15
E        +  where 3 = maximumGain('cabxbae', 1, 2)
E        +    where maximumGain = <under_test.Solution object at 0x00000250D2607CB0>.maximumGain

test_generated.py:38: AssertionError
=========================== short test summary info ===========================
FAILED test_generated.py::test_maximumGain_line14 - AssertionError: assert 3 ...
============================== 1 failed in 0.17s ==============================",IncorrectAssertion,"Test asserts maximumGain('cabxbae', 1, 2) == 15 but correct answer is 3.",high,Incorrect expected value,
82,gemma-3-4b-it,"Two-Step, T=0.0",1687,Assertion,Value mismatch,"def test_boxDelivering():
    solution = Solution()
    assert solution.boxDelivering([[2,1],[3,2],[4,3],[5,2],[6,3]], 2, 3, 5) == 2","============================= test session starts =============================
platform win32 -- Python 3.12.10, pytest-8.4.2, pluggy-1.6.0 -- C:\Rep
... [TRUNCATED - showing end] ...
]

================================== FAILURES ===================================
__________________________ test_boxDelivering_line23 __________________________

    def test_boxDelivering_line23():
        solution = Solution()
>       assert solution.boxDelivering([[2, 1], [3, 2], [4, 3], [5, 2], [6, 3]], 2, 3, 5) == 2
E       assert 8 == 2
E        +  where 8 = boxDelivering([[2, 1], [3, 2], [4, 3], [5, 2], [6, 3]], 2, 3, 5)
E        +    where boxDelivering = <under_test.Solution object at 0x000001C8154B20F0>.boxDelivering

test_generated.py:38: AssertionError
=========================== short test summary info ===========================
FAILED test_generated.py::test_boxDelivering_line23 - assert 8 == 2
============================== 1 failed in 0.18s ==============================",IncorrectAssertion,Test asserts boxDelivering(...) == 2 but correct answer is 8.,high,Incorrect expected value,
83,gemma-3-4b-it,"One-Step, T=0.0",2462,Assertion,Value mismatch,"def test_totalCost():
    solution=Solution()
    assert solution.totalCost([1, 2, 3, 4, 5], 2, 2) == 6","============================= test session starts =============================
platform win32 -- Python 3.12.10, pytest-8.4.2, pluggy-1.6.0 -- C:\Rep
... [TRUNCATED - showing end] ...
Cost_line27 ____________________________

    def test_totalCost_line27():
        solution = Solution()
>       assert solution.totalCost([1, 2, 3, 4, 5], 2, 2) == 6
E       assert 3 == 6
E        +  where 3 = totalCost([1, 2, 3, 4, 5], 2, 2)
E        +    where totalCost = <un
... [TRUNCATED] ...
, 3, 4, 5], 2, 2)
E        +    where totalCost = <under_test.Solution object at 0x000002AB74101EE0>.totalCost

test_generated.py:46: AssertionError
=========================== short test summary info ===========================
FAILED test_generated.py::test_totalCost_line27 - assert 3 == 6
FAILED test_generated.py::test_totalCost_line29 - assert 3 == 6
FAILED test_generated.py::test_totalCost_line31 - assert 3 == 6
============================== 3 failed in 0.19s ==============================",IncorrectAssertion,"Test asserts totalCost([1, 2, 3, 4, 5], 2, 2) == 6 but correct answer is 3.",high,Incorrect expected value,
84,gemma-3-4b-it,"Two-Step, T=0.0",2973,Runtime,Needs manual review,"def test_placedCoins():
    solution = Solution()
    edges = [[0, 1], [0, 2], [1, 3], [2, 3]]
    cost = [1, 2, 3, 4]
    assert solution.placedCoins(edges, cost) == [1, 2, 6, 24]","============================= test session starts =============================
platform win32 -- Python 3.12.10, pytest-8.4.2, pluggy-1.6.0 -- C:\Rep
... [TRUNCATED - showing end] ...
   cost = [1, 2, 3, 4]
>       assert solution.placedCoins(edges, cost) == [1, 2, 6, 24]
               ^^^^^^^^^^^^^^^^^^^^^^^^^^^^^^^^^

test_generated.py:40: 
_ _ _ _ _ _ _ _ _ _ _ _ _ _ _ _ _ _ _ _ _ _ _ _ _ _ _ _ _ _ _ _ _ _ _ _ _ _ _ _
under_test.py:68: in placedCoins
    
... [TRUNCATED] ...
 _ _ _ _ _ _ _ _ _ _ _ _ _ _ _ _ _ _ _ _ _ _ _ _ _

u = 1, prev = 0

    def dfs(u: int, prev: int) -> None:
>     res = ChildCost(cost[u])
            ^^^^^^^^^^^^^^^^^^
E     RecursionError: maximum recursion depth exceeded

under_test.py:61: RecursionError
=========================== short test summary info ===========================
FAILED test_generated.py::test_placedCoins_line28 - RecursionError: maximum r...
============================== 1 failed in 1.23s ==============================",SemanticMisunderstanding,"Test provides edges that form a cycle, causing an infinite loop and RecursionError in the DFS search.",near,,
85,gemma-3-4b-it,"Two-Step, T=0.0",1489,Runtime,Index out of bounds,"def test_findCriticalAndPseudoCriticalEdges():
    solution = Solution()
    n = 4
    edges = [[1, 2, 1], [2, 3, 2], [3, 1, 3], [1, 4, 4], [4, 2, 5]]
    expected_output = [[0, 3], [1, 2]]
    assert solution.findCriticalAndPseudoCriticalEdges(n, edges) == expected_output","============================= test session starts =============================
platform win32 -- Python 3.12.10, pytest-8.4.2, pluggy-1.6.0 -- C:\Rep
... [TRUNCATED - showing end] ...
_ _ _ _ _ _ _ _ _ _ _ _ _ _ _
under_test.py:78: in findCriticalAndPseudoCriticalEdges
    mstWeight = getMSTWeight([], -1)
                ^^^^^^^^^^^^^^^^^^^^
under_test.py:67: in getMSTWeight
    if uf.find(u) == uf.find(v):
                     ^^^^^^^^^^
_ _ _ _ _ _ _ _ _ _ _ _ _ _ _ _ _ _ _ _ _ _ _ _ _ _ _ _ _ _ _ _ _ _ _ _ _ _ _ _

self = <under_test.UnionFind object at 0x00000142CFC8E1B0>, u = 4

    def find(self, u: int) -> int:
>     if self.id[u] != u:
         ^^^^^^^^^^
E     IndexError: list index out of range

under_test.py:41: IndexError
=========================== short test summary info ===========================
FAILED test_generated.py::test_findCriticalAndPseudoCriticalEdges_line20 - In...
============================== 1 failed in 0.18s ==============================",SemanticMisunderstanding,"Test uses 1-based node indices (up to 4) for a graph initialized with size 4, causing an IndexError.",near,graph node index out of bounds,
86,gemma-3-4b-it,"Two-Step, T=0.0",2437,Runtime,Index out of bounds,"def test_countTime():
    solution = Solution()
    assert solution.countTime(""2?3?"") == 24","============================= test session starts =============================
platform win32 -- Python 3.12.10, pytest-8.4.2, pluggy-1.6.0 -- C:\Rep
... [TRUNCATED - showing end] ...
___________

    def test_countTime_line15():
        solution = Solution()
>       assert solution.countTime('2?3?') == 24
               ^^^^^^^^^^^^^^^^^^^^^^^^^^

test_generated.py:38: 
_ _ _ _ _ _ _ _ _ _ _ _ _ _ _ _ _ _ _ _ _ _ _ _ _ _ _ _ _ _ _ _ _ _ _ _ _ _ _ _

self = <under_test.Solution object at 0x000001FB936307A0>, time = '2?3?'

    def countTime(self, time: str) -> int:
      ans = 1
      if time[3] == '?':
        ans *= 6
>     if time[4] == '?':
         ^^^^^^^
E     IndexError: string index out of range

under_test.py:27: IndexError
=========================== short test summary info ===========================
FAILED test_generated.py::test_countTime_line15 - IndexError: string index ou...
============================== 1 failed in 0.17s ==============================",SemanticMisunderstanding,"Test provides a time string of length 4 (""2?3?"") instead of the expected length 5 format (""HH:MM""), causing an IndexError.",near,countTime string length,
87,gemma-3-4b-it,"Two-Step, T=0.0",1579,Runtime,Needs manual review,"def test_maxNumEdgesToRemove():
    solution = Solution()
    edges = [[1,2],[1,3],[2,3]]
    assert solution.maxNumEdgesToRemove(3, edges) == -1
    edges = [[1,2],[2,3],[3,4],[1,4],[1,5]]
    assert solution.maxNumEdgesToRemove(5, edges) == 1
    edges = [[1,2],[2,3],[1,3]]
    assert solution.maxNumEdgesToRemove(3, edges) == 0
    edges = [[1,2],[1,3],[2,3],[4,5],[4,6],[5,6]]
    assert solution.maxNumEdgesToRemove(6, edges) == -1
    edges = [[1,2],[2,3],[3,4],[1,4],[1,5],[5,6],[6,7],[1,7]]
    assert solution.maxNumEdgesToRemove(7, edges) == 2","============================= test session starts =============================
platform win32 -- Python 3.12.10, pytest-8.4.2, pluggy-1.6.0 -- C:\Rep
... [TRUNCATED - showing end] ...
^^^^^^^^^^^^^^^^^^^^^^^^^^^^^^

test_generated.py:39: 
_ _ _ _ _ _ _ _ _ _ _ _ _ _ _ _ _ _ _ _ _ _ _ _ _ _ _ _ _ _ _ _ _ _ _ _ _ _ _ _

self = <under_test.Solution object at 0x0000014FA9BFB9E0>, n = 3
edges = [[1, 2], [1, 3], [2, 3]]

    def maxNumEdgesToRemove(self, n: int, edges: List[List[int]]) -> int:
      alice = UnionFind(n)
      bob = UnionFind(n)
      requiredEdges = 0
    
>     for type, u, v in sorted(edges, reverse=True):
          ^^^^^^^^^^
E     ValueError: not enough values to unpack (expected 3, got 2)

under_test.py:55: ValueError
=========================== short test summary info ===========================
FAILED test_generated.py::test_maxNumEdgesToRemove_line21 - ValueError: not e...
============================== 1 failed in 0.19s ==============================",SemanticMisunderstanding,"Test provides edges as pairs of nodes [u, v] instead of triplets [type, u, v], causing a ValueError upon unpacking.",near,,
88,gemma-3-4b-it,"One-Step, T=0.0",913,Runtime,Needs manual review,"def test_catMouseGame():
    graph = [[1, 2], [0, 2], [0, 1]]
    assert solution.catMouseGame(graph) == 1","============================= test session starts =============================
platform win32 -- Python 3.12.10, pytest-8.4.2, pluggy-1.6.0 -- C:\Rep
... [TRUNCATED - showing end] ...
\eval_913_yza40sdx
plugins: anyio-4.12.0, cov-5.0.0
collecting ... collected 1 item

test_generated.py::test_catMouseGame_line42 FAILED                       [100%]

================================== FAILURES ===================================
__________________________ test_catMouseGame_line42 ___________________________

    def test_catMouseGame_line42():
        graph = [[1, 2], [0, 2], [0, 1]]
>       assert solution.catMouseGame(graph) == 1
               ^^^^^^^^
E       NameError: name 'solution' is not defined

test_generated.py:38: NameError
=========================== short test summary info ===========================
FAILED test_generated.py::test_catMouseGame_line42 - NameError: name 'solutio...
============================== 1 failed in 0.16s ==============================",MissingDefinition,Test calls solution.catMouseGame(...) without instantiating the solution object.,near,solution undefined,
89,gemma-3-4b-it,"Two-Step, T=0.0",2940,Runtime,Needs manual review,"def test_leftmostBuildingQueries():
    solution = Solution()
    heights = [4, 2, 7, 6, 9, 14, 12]
    queries = [[0, 2, 6], [1, 3, 5], [2, 4, 7]]
    assert solution.leftmostBuildingQueries(heights, queries) == [6, 5, 7]","============================= test session starts =============================
platform win32 -- Python 3.12.10, pytest-8.4.2, pluggy-1.6.0 -- C:\Rep
... [TRUNCATED - showing end] ...
 14, ...], queries = [[0, 2, 6], [1, 3, 5], [2, 4, 7]]

    def leftmostBuildingQueries(self, heights: List[int], queries: List[List[int]]) -> List[int]:
      ans = [-1] * len(queries)
      stack = []
    
      heightsIndex = len(heights) - 1
>     for queryIndex, a, b in sorted([IndexedQuery(i, min(a, b), max(a, b)) for i, (a, b) in enumerate(queries)], key=lambda iq: -iq.b):
                                                                                   ^^^^^^
E     ValueError: too many values to unpack (expected 2)

under_test.py:40: ValueError
=========================== short test summary info ===========================
FAILED test_generated.py::test_leftmostBuildingQueries_line31 - ValueError: t...
============================== 1 failed in 0.16s ==============================",SemanticMisunderstanding,"Test provides queries as triplets instead of pairs, causing a ValueError upon unpacking.",near,,
90,gemma-3-4b-it,"One-Step, T=0.0",786,Timeout,Needs manual review,"def test_kthSmallestPrimeFraction():
    solution=Solution()
    assert solution.kthSmallestPrimeFraction([7, 3, 14, 11, 23, 14], 2) == [3, 14]",TIMEOUT (30s limit),SemanticMisunderstanding,"Test triggers an infinite loop or excessive computation, resulting in a timeout.",far,timeout,
91,gemma-3-4b-it,"One-Step, T=0.0",1591,Runtime,Needs manual review,"def test_isPrintable():
  assert solution.isPrintable([[1, 2, 3], [1, 2, 3], [1, 2, 3]]) == False","============================= test session starts =============================
platform win32 -- Python 3.12.10, pytest-8.4.2, pluggy-1.6.0 -- C:\Rep
... [TRUNCATED - showing end] ...
Local\Temp\eval_1591_win4845_
plugins: anyio-4.12.0, cov-5.0.0
collecting ... collected 1 item

test_generated.py::test_isPrintable_line36 FAILED                        [100%]

================================== FAILURES ===================================
___________________________ test_isPrintable_line36 ___________________________

    def test_isPrintable_line36():
>       assert solution.isPrintable([[1, 2, 3], [1, 2, 3], [1, 2, 3]]) == False
               ^^^^^^^^
E       NameError: name 'solution' is not defined

test_generated.py:37: NameError
=========================== short test summary info ===========================
FAILED test_generated.py::test_isPrintable_line36 - NameError: name 'solution...
============================== 1 failed in 0.17s ==============================",MissingDefinition,Test calls solution.isPrintable(...) without instantiating the solution object.,near,solution undefined,
92,gemma-3-4b-it,"Two-Step, T=0.0",2030,Assertion,Value mismatch,"def test_smallestSubsequence():
    solution = Solution()
    assert solution.smallestSubsequence(""cbacdcbc"", 3, 'b', 2) == ""acdb""","============================= test session starts =============================
platform win32 -- Python 3.12.10, pytest-8.4.2, pluggy-1.6.0 -- C:\Rep
... [TRUNCATED - showing end] ...
5.0.0
collecting ... collected 1 item

test_generated.py::test_smallestSubsequence_line20 FAILED                [100%]

================================== FAILURES ===================================
_______________________ test_smallestSubsequence_line20 _______________________

    def test_smallestSubsequence_line20():
        solution = Solution()
>       assert solution.smallestSubsequence('cbacdcbc', 3, 'b', 2) == 'acdb'
E       AssertionError: assert 'bab' == 'acdb'
E         
E         - acdb
E         + bab

test_generated.py:38: AssertionError
=========================== short test summary info ===========================
FAILED test_generated.py::test_smallestSubsequence_line20 - AssertionError: a...
============================== 1 failed in 0.18s ==============================",IncorrectAssertion,"Test asserts smallestSubsequence('cbacdcbc', 3, 'b', 2) == 'acdb' but correct answer is 'bab'.",high,Incorrect expected value,
93,gemma-3-4b-it,"One-Step, T=0.0",1617,Assertion,Value mismatch,"def test_countSubgraphsForEachDiameter():
    solution = Solution()
    n = 4
    edges = [[1, 2], [1, 3], [2, 4]]
    expected = [1, 1, 1]
    actual = solution.countSubgraphsForEachDiameter(n, edges)
    assert actual == expected","============================= test session starts =============================
platform win32 -- Python 3.12.10, pytest-8.4.2, pluggy-1.6.0 -- C:\Rep
... [TRUNCATED - showing end] ...
_countSubgraphsForEachDiameter_line20():
        solution = Solution()
        n = 4
        edges = [[1, 2], [1, 3], [2, 4]]
        expected = [1, 1, 1]
        actual = solution.countSubgraphsForEachDiameter(n, edges)
>       assert actual == expected
E       AssertionError: assert [3, 2, 1] == [1, 1, 1]
E         
E         At index 0 diff: 3 != 1
E         
E         Full diff:
E           [
E         -     1,
E         ?     ^...
E         
E         ...Full output truncated (8 lines hidden), use '-vv' to show

test_generated.py:42: AssertionError
=========================== short test summary info ===========================
FAILED test_generated.py::test_countSubgraphsForEachDiameter_line20 - Asserti...
============================== 1 failed in 0.17s ==============================",IncorrectAssertion,"Test asserts countSubgraphsForEachDiameter(...) == [1, 1, 1] but correct answer is [3, 2, 1].",high,Incorrect expected value,
94,gemma-3-4b-it,"One-Step, T=0.0",1417,Assertion,Value mismatch,"def test_reformat():
    solution=Solution()
    assert solution.reformat(""12345"") == ""12345""","============================= test session starts =============================
platform win32 -- Python 3.12.10, pytest-8.4.2, pluggy-1.6.0 -- C:\Rep
... [TRUNCATED - showing end] ...
mat_line16 _____________________________

    def test_reformat_line16():
        solution = Solution()
>       assert solution.reformat('12345') == '12345'
E       AssertionError: assert '' == '12345'
E         
E         - 12345

test_generated.py:38: AssertionError
__________
... [TRUNCATED] ...
ionError: assert '' == '12345'
E         
E         - 12345

test_generated.py:46: AssertionError
=========================== short test summary info ===========================
FAILED test_generated.py::test_reformat_line16 - AssertionError: assert '' ==...
FAILED test_generated.py::test_reformat_line20 - AssertionError: assert '' ==...
FAILED test_generated.py::test_reformat_line23 - AssertionError: assert '' ==...
============================== 3 failed in 0.18s ==============================",IncorrectAssertion,Test asserts reformat('12345') == '12345' but correct answer is ''.,high,Incorrect expected value,
95,gemma-3-4b-it,"Two-Step, T=0.0",2653,Assertion,Value mismatch,"def test_getSubarrayBeauty():
    solution = Solution()
    nums = [-1, -1, 1]
    k = 1
    x = 1
    assert solution.getSubarrayBeauty(nums, k, x) == [0]","============================= test session starts =============================
platform win32 -- Python 3.12.10, pytest-8.4.2, pluggy-1.6.0 -- C:\Rep
... [TRUNCATED - showing end] ...
18 ________________________

    def test_getSubarrayBeauty_line18():
        solution = Solution()
        nums = [-1, -1, 1]
        k = 1
        x = 1
>       assert solution.getSubarrayBeauty(nums, k, x) == [0]
E       AssertionError: assert [-1, -1, 0] == [0]
E         
E         At index 0 diff: -1 != 0
E         Left contains 2 more items, first extra item: -1
E         
E         Full diff:
E           [
E         +     -1,...
E         
E         ...Full output truncated (3 lines hidden), use '-vv' to show

test_generated.py:41: AssertionError
=========================== short test summary info ===========================
FAILED test_generated.py::test_getSubarrayBeauty_line18 - AssertionError: ass...
============================== 1 failed in 0.16s ==============================",IncorrectAssertion,"Test asserts getSubarrayBeauty([-1, -1, 1], 1, 1) == [0] but correct answer is [-1, -1, 0].",high,Incorrect expected value,
96,gemma-3-4b-it,"One-Step, T=0.0",15,Assertion,Value mismatch,"def test_threeSum():
    solution=Solution()
    nums = [-1, 0, 1, 2, -1, -4]
    assert solution.threeSum(nums) == [[-1, 0, 1], [-1, -1, 2]]","============================= test session starts =============================
platform win32 -- Python 3.12.10, pytest-8.4.2, pluggy-1.6.0 -- C:\Rep
... [TRUNCATED - showing end] ...
solution = Solution()
        nums = [-1, 0, 1, 2, -1, -4]
>       assert solution.threeSum(nums) == [[-1, 0, 1], [-1, -1, 2]]
E       AssertionError: assert [(-1, -1, 2), (-1, 0, 1)] == [[-1, 0, 1], [-1, -1, 2]]
E         
E         At index 0 diff: (-1, -1, 2) != [-1, 0, 1]
E 
... [TRUNCATED] ...
iff:
E           [
E         -     [
E         ?     ^...
E         
E         ...Full output truncated (20 lines hidden), use '-vv' to show

test_generated.py:44: AssertionError
=========================== short test summary info ===========================
FAILED test_generated.py::test_threeSum_line14 - AssertionError: assert [(-1,...
FAILED test_generated.py::test_threeSum_line22 - AssertionError: assert [(-1,...
============================== 2 failed in 0.20s ==============================",IncorrectAssertion,Test asserts threeSum(...) returns a list of lists but the function returns a list of tuples.,high,list vs tuple return mismatch,
97,gemma-3-4b-it,"Two-Step, T=0.0",1093,Assertion,Value mismatch,"def test_sampleStats():
    solution = Solution()
    assert solution.sampleStats([1, 2, 3, 4, 5]) == [0, 4, 3.0, 2.5, 0]","============================= test session starts =============================
platform win32 -- Python 3.12.10, pytest-8.4.2, pluggy-1.6.0 -- C:\Rep
... [TRUNCATED - showing end] ...
_________ test_sampleStats_line24 ___________________________

    def test_sampleStats_line24():
        solution = Solution()
>       assert solution.sampleStats([1, 2, 3, 4, 5]) == [0, 4, 3.0, 2.5, 0]
E       AssertionError: assert [0, 4, 2.6666...66665, 3.0, 4] == [0, 4, 3.0, 2.5, 0]
E         
E         At index 2 diff: 2.6666666666666665 != 3.0
E         
E         Full diff:
E           [
E               0,
E               4,...
E         
E         ...Full output truncated (8 lines hidden), use '-vv' to show

test_generated.py:38: AssertionError
=========================== short test summary info ===========================
FAILED test_generated.py::test_sampleStats_line24 - AssertionError: assert [0...
============================== 1 failed in 0.19s ==============================",IncorrectAssertion,"Test asserts sampleStats([1, 2, 3, 4, 5]) == [0, 4, 3.0, 2.5, 0] but correct answer is [0, 4, 2.6666666666666665, 3.0, 4].",high,Incorrect expected value,
98,Llama-3.2-3B-Instruct,"Two-Step, T=0.0",1906,Assertion,Value mismatch,"def test_minDifference():
    solution = Solution()
    assert solution.minDifference([1, 5, 3, 19, 18, 25], [[3, 7], [2, 12]]) == [9, 8]","============================= test session starts =============================
platform win32 -- Python 3.12.10, pytest-8.4.2, pluggy-1.6.0 -- C:\Rep
... [TRUNCATED - showing end] ...
======================
__________________________ test_minDifference_line20 __________________________

    def test_minDifference_line20():
        solution = Solution()
>       assert solution.minDifference([1, 5, 3, 19, 18, 25], [[3, 7], [2, 12]]) == [9, 8]
E       AssertionError: assert [1, 1] == [9, 8]
E         
E         At index 0 diff: 1 != 9
E         
E         Full diff:
E           [
E         -     9,
E         ?     ^...
E         
E         ...Full output truncated (7 lines hidden), use '-vv' to show

test_generated.py:38: AssertionError
=========================== short test summary info ===========================
FAILED test_generated.py::test_minDifference_line20 - AssertionError: assert ...
============================== 1 failed in 0.17s ==============================",IncorrectAssertion,"Test asserts minDifference(...) == [9, 8] but correct answer is [1, 1].",high,Incorrect expected value,
99,Llama-3.2-3B-Instruct,"Two-Step, T=0.0",2844,Assertion,Value mismatch,"def test_minimumOperations():
    solution = Solution()
    assert solution.minimumOperations(""125"") == 3","============================= test session starts =============================
platform win32 -- Python 3.12.10, pytest-8.4.2, pluggy-1.6.0 -- C:\Rep
... [TRUNCATED - showing end] ...
ns_line19 FAILED                  [100%]

================================== FAILURES ===================================
________________________ test_minimumOperations_line19 ________________________

    def test_minimumOperations_line19():
        solution = Solution()
>       assert solution.minimumOperations('125') == 3
E       AssertionError: assert 0 == 3
E        +  where 0 = minimumOperations('125')
E        +    where minimumOperations = <under_test.Solution object at 0x000001CE20D1D880>.minimumOperations

test_generated.py:38: AssertionError
=========================== short test summary info ===========================
FAILED test_generated.py::test_minimumOperations_line19 - AssertionError: ass...
============================== 1 failed in 0.16s ==============================",IncorrectAssertion,Test asserts minimumOperations('125') == 3 but correct answer is 0.,high,Incorrect expected value,
100,Llama-3.2-3B-Instruct,"Two-Step, T=0.0",1805,Assertion,Value mismatch,"def test_numDifferentIntegers():
    solution = Solution()
    assert solution.numDifferentIntegers(""123a7"") == 3
    assert solution.numDifferentIntegers(""123"") == 1
    assert solution.numDifferentIntegers(""10200"") == 1
    assert solution.numDifferentIntegers(""112358"") == 1
    assert solution.numDifferentIntegers(""1123589"") == 1","============================= test session starts =============================
platform win32 -- Python 3.12.10, pytest-8.4.2, pluggy-1.6.0 -- C:\Rep
... [TRUNCATED - showing end] ...
               [100%]

================================== FAILURES ===================================
______________________ test_numDifferentIntegers_line18 _______________________

    def test_numDifferentIntegers_line18():
        solution = Solution()
>       assert solution.numDifferentIntegers('123a7') == 3
E       AssertionError: assert 2 == 3
E        +  where 2 = numDifferentIntegers('123a7')
E        +    where numDifferentIntegers = <under_test.Solution object at 0x000001AD44E4E390>.numDifferentIntegers

test_generated.py:38: AssertionError
=========================== short test summary info ===========================
FAILED test_generated.py::test_numDifferentIntegers_line18 - AssertionError: ...
============================== 1 failed in 0.19s ==============================",IncorrectAssertion,Test asserts numDifferentIntegers('123a7') == 3 but correct answer is 2.,high,Incorrect expected value,
101,Llama-3.2-3B-Instruct,"One-Step, T=0.0",2503,Assertion,Value mismatch,"def test_maxPoints():
    grid = [[1, 2, 3], [4, 5, 6], [7, 8, 9]]
    queries = [10, 8, 9]
    solution = Solution()
    assert solution.maxPoints(grid, queries) == [1, 0, 1]","============================= test session starts =============================
platform win32 -- Python 3.12.10, pytest-8.4.2, pluggy-1.6.0 -- C:\Rep
... [TRUNCATED - showing end] ...
est_maxPoints_line35 ____________________________

    def test_maxPoints_line35():
        grid = [[1, 2, 3], [4, 5, 6], [7, 8, 9]]
        queries = [10, 8, 9]
        solution = Solution()
>       assert solution.maxPoints(grid, queries) == [1, 0, 1]
E       AssertionError: assert [9, 7, 8] == [1, 0, 1]
E         
E         At index 0 diff: 9 != 1
E         
E         Full diff:
E           [
E         -     1,
E         ?     ^...
E         
E         ...Full output truncated (11 lines hidden), use '-vv' to show

test_generated.py:40: AssertionError
=========================== short test summary info ===========================
FAILED test_generated.py::test_maxPoints_line35 - AssertionError: assert [9, ...
============================== 1 failed in 0.16s ==============================",IncorrectAssertion,"Test asserts maxPoints(...) == [1, 0, 1] but correct answer is [9, 7, 8].",high,Incorrect expected value,
102,Llama-3.2-3B-Instruct,"One-Step, T=0.0",1681,Assertion,Value mismatch,"def test_minimumIncompatibility():
    solution = Solution()
    nums = [1, 2, 3, 4, 5, 6, 7, 8, 9, 10]
    k = 3
    assert solution.minimumIncompatibility(nums, k) == 15","============================= test session starts =============================
platform win32 -- Python 3.12.10, pytest-8.4.2, pluggy-1.6.0 -- C:\Rep
... [TRUNCATED - showing end] ...
patibility_line27 ______________________

    def test_minimumIncompatibility_line27():
        solution = Solution()
        nums = [1, 2, 3, 4, 5, 6, 7, 8, 9, 10]
        k = 3
>       assert solution.minimumIncompatibility(nums, k) == 15
E       assert -1 == 15
E        +  wh
... [TRUNCATED] ...
, 2, 3, 4, 5, 6, ...], 3)
E        +    where minimumIncompatibility = <under_test.Solution object at 0x000002172C8DEB40>.minimumIncompatibility

test_generated.py:46: AssertionError
=========================== short test summary info ===========================
FAILED test_generated.py::test_minimumIncompatibility_line27 - assert -1 == 15
FAILED test_generated.py::test_minimumIncompatibility_line31 - assert -1 == 15
========================= 2 failed, 1 passed in 0.22s =========================",IncorrectAssertion,Test asserts minimumIncompatibility(...) == 15 but correct answer is -1.,high,Incorrect expected value,
103,Llama-3.2-3B-Instruct,"Two-Step, T=0.0",3006,Assertion,Value mismatch,"def test_beautifulIndices():
    solution = Solution()
    assert solution.beautifulIndices(""abcabcabc"", ""abc"", ""abc"", 1) == [0, 1, 2]","============================= test session starts =============================
platform win32 -- Python 3.12.10, pytest-8.4.2, pluggy-1.6.0 -- C:\Rep
... [TRUNCATED - showing end] ...
==================
________________________ test_beautifulIndices_line22 _________________________

    def test_beautifulIndices_line22():
        solution = Solution()
>       assert solution.beautifulIndices('abcabcabc', 'abc', 'abc', 1) == [0, 1, 2]
E       AssertionError: assert [0, 3, 6] == [0, 1, 2]
E         
E         At index 1 diff: 3 != 1
E         
E         Full diff:
E           [
E               0,
E         -     1,...
E         
E         ...Full output truncated (8 lines hidden), use '-vv' to show

test_generated.py:38: AssertionError
=========================== short test summary info ===========================
FAILED test_generated.py::test_beautifulIndices_line22 - AssertionError: asse...
============================== 1 failed in 0.17s ==============================",IncorrectAssertion,"Test asserts beautifulIndices(...) == [0, 1, 2] but correct answer is [0, 3, 6].",high,Incorrect expected value,
104,Llama-3.2-3B-Instruct,"Two-Step, T=0.0",2499,Assertion,Value mismatch,"def test_minimumTotalCost():
    solution = Solution()
    assert solution.minimumTotalCost([1, 2, 3, 2, 2], [3, 2, 1, 2, 1]) == 4","============================= test session starts =============================
platform win32 -- Python 3.12.10, pytest-8.4.2, pluggy-1.6.0 -- C:\Rep
... [TRUNCATED - showing end] ...
           [100%]

================================== FAILURES ===================================
________________________ test_minimumTotalCost_line22 _________________________

    def test_minimumTotalCost_line22():
        solution = Solution()
>       assert solution.minimumTotalCost([1, 2, 3, 2, 2], [3, 2, 1, 2, 1]) == 4
E       assert 6 == 4
E        +  where 6 = minimumTotalCost([1, 2, 3, 2, 2], [3, 2, 1, 2, 1])
E        +    where minimumTotalCost = <under_test.Solution object at 0x000002B6B137B050>.minimumTotalCost

test_generated.py:38: AssertionError
=========================== short test summary info ===========================
FAILED test_generated.py::test_minimumTotalCost_line22 - assert 6 == 4
============================== 1 failed in 0.16s ==============================",IncorrectAssertion,Test asserts minimumTotalCost(...) == 4 but correct answer is 6.,high,Incorrect expected value,
105,Llama-3.2-3B-Instruct,"One-Step, T=0.0",838,Assertion,Value mismatch,"def test_pushDominoes():
    solution = Solution()
    assert solution.pushDominoes(""...L.R...."") == ""RR.L""","============================= test session starts =============================
platform win32 -- Python 3.12.10, pytest-8.4.2, pluggy-1.6.0 -- C:\Rep
... [TRUNCATED - showing end] ...
2.0, cov-5.0.0
collecting ... collected 1 item

test_generated.py::test_pushDominoes_line19 FAILED                       [100%]

================================== FAILURES ===================================
__________________________ test_pushDominoes_line19 ___________________________

    def test_pushDominoes_line19():
        solution = Solution()
>       assert solution.pushDominoes('...L.R....') == 'RR.L'
E       AssertionError: assert 'LLLL.RRRRR' == 'RR.L'
E         
E         - RR.L
E         + LLLL.RRRRR

test_generated.py:38: AssertionError
=========================== short test summary info ===========================
FAILED test_generated.py::test_pushDominoes_line19 - AssertionError: assert '...
============================== 1 failed in 0.19s ==============================",IncorrectAssertion,Test asserts pushDominoes('...L.R....') == 'RR.L' but correct answer is 'LLLL.RRRRR'.,high,Incorrect expected value,
106,Llama-3.2-3B-Instruct,"Two-Step, T=0.0",770,Assertion,Value mismatch,"def test_basicCalculatorIV():
    solution = Solution()
    assert solution.basicCalculatorIV(""1+2*3"", [""x""], [1, 2, 3]) == ['1', '3']","============================= test session starts =============================
platform win32 -- Python 3.12.10, pytest-8.4.2, pluggy-1.6.0 -- C:\Rep
... [TRUNCATED - showing end] ...
_______________ test_basicCalculatorIV_line14 ________________________

    def test_basicCalculatorIV_line14():
        solution = Solution()
>       assert solution.basicCalculatorIV('1+2*3', ['x'], [1, 2, 3]) == ['1', '3']
E       AssertionError: assert ['7'] == ['1', '3']
E         
E         At index 0 diff: '7' != '1'
E         Right contains one more item: '3'
E         
E         Full diff:
E           [
E         -     '1',...
E         
E         ...Full output truncated (5 lines hidden), use '-vv' to show

test_generated.py:38: AssertionError
=========================== short test summary info ===========================
FAILED test_generated.py::test_basicCalculatorIV_line14 - AssertionError: ass...
============================== 1 failed in 0.17s ==============================",IncorrectAssertion,"Test asserts basicCalculatorIV('1+2*3', ['x'], [1, 2, 3]) == ['1', '3'] but correct answer is ['7'].",high,Incorrect expected value,
107,Llama-3.2-3B-Instruct,"Two-Step, T=0.0",2653,Assertion,Value mismatch,"def test_getSubarrayBeauty():
    solution = Solution()
    assert solution.getSubarrayBeauty([-1, -2, -3, -4, -5], 3, 2) == [-2, -1]","============================= test session starts =============================
platform win32 -- Python 3.12.10, pytest-8.4.2, pluggy-1.6.0 -- C:\Rep
... [TRUNCATED - showing end] ...
________________ test_getSubarrayBeauty_line18 ________________________

    def test_getSubarrayBeauty_line18():
        solution = Solution()
>       assert solution.getSubarrayBeauty([-1, -2, -3, -4, -5], 3, 2) == [-2, -1]
E       AssertionError: assert [-2, -3, -4] == [-2, -1]
E         
E         At index 1 diff: -3 != -1
E         Left contains one more item: -4
E         
E         Full diff:
E           [
E               -2,...
E         
E         ...Full output truncated (6 lines hidden), use '-vv' to show

test_generated.py:38: AssertionError
=========================== short test summary info ===========================
FAILED test_generated.py::test_getSubarrayBeauty_line18 - AssertionError: ass...
============================== 1 failed in 0.16s ==============================",IncorrectAssertion,"Test asserts getSubarrayBeauty([-1, -2, -3, -4, -5], 3, 2) == [-2, -1] but correct answer is [-2, -3, -4].",high,Incorrect expected value,
108,Llama-3.2-3B-Instruct,"Two-Step, T=0.0",684,Runtime,Wrong function signature; Type mismatch,"def test_findRedundantConnection():
    solution = Solution()
    assert solution.findRedundantConnection([[1, 2], [2, 3], [3, 4], [1, 3]]), ""Test case 1 failed""
    assert solution.findRedundantConnection([[1, 2], [2, 3], [3, 4], [1, 4]], 5) == None, ""Test case 2 failed""","============================= test session starts =============================
platform win32 -- Python 3.12.10, pytest-8.4.2, pluggy-1.6.0 -- C:\Rep
... [TRUNCATED - showing end] ...
ndantConnection_line20 _____________________

    def test_findRedundantConnection_line20():
        solution = Solution()
        assert solution.findRedundantConnection([[1, 2], [2, 3], [3, 4], [1, 3]]), 'Test case 1 failed'
>       assert solution.findRedundantConnection([[1, 2], [2, 3], [3, 4], [1, 4]], 5) == None, 'Test case 2 failed'
               ^^^^^^^^^^^^^^^^^^^^^^^^^^^^^^^^^^^^^^^^^^^^^^^^^^^^^^^^^^^^^^^^^^^^^
E       TypeError: Solution.findRedundantConnection() takes 2 positional arguments but 3 were given

test_generated.py:39: TypeError
=========================== short test summary info ===========================
FAILED test_generated.py::test_findRedundantConnection_line20 - TypeError: So...
============================== 1 failed in 0.18s ==============================",APIHallucination,Test passes 2 arguments to findRedundantConnection() which only takes 1 argument (plus self).,high,,
109,Llama-3.2-3B-Instruct,"Two-Step, T=0.0",2437,Runtime,Index out of bounds,"def test_countTime():
    solution = Solution()
    assert solution.countTime(""??"") == 603","============================= test session starts =============================
platform win32 -- Python 3.12.10, pytest-8.4.2, pluggy-1.6.0 -- C:\Rep
... [TRUNCATED - showing end] ...
_______ test_countTime_line15 ____________________________

    def test_countTime_line15():
        solution = Solution()
>       assert solution.countTime('??') == 603
               ^^^^^^^^^^^^^^^^^^^^^^^^

test_generated.py:38: 
_ _ _ _ _ _ _ _ _ _ _ _ _ _ _ _ _ _ _ _ _ _ _ _ _ _ _ _ _ _ _ _ _ _ _ _ _ _ _ _

self = <under_test.Solution object at 0x000002656ACDCFE0>, time = '??'

    def countTime(self, time: str) -> int:
      ans = 1
>     if time[3] == '?':
         ^^^^^^^
E     IndexError: string index out of range

under_test.py:25: IndexError
=========================== short test summary info ===========================
FAILED test_generated.py::test_countTime_line15 - IndexError: string index ou...
============================== 1 failed in 0.17s ==============================",SemanticMisunderstanding,"Test provides a time string of length 2 (""??"") instead of the expected length 5 format (""HH:MM""), causing an IndexError.",near,countTime string length,
110,Llama-3.2-3B-Instruct,"Two-Step, T=0.0",2684,Runtime,Wrong function signature; Type mismatch,"def test_maxMoves():
    solution = Solution()
    assert solution.maxMoves([[9,9,4],[6,6,8],[2,1,1]], 8) == 4","============================= test session starts =============================
platform win32 -- Python 3.12.10, pytest-8.4.2, pluggy-1.6.0 -- C:\Rep
... [TRUNCATED - showing end] ...
rated.py::test_maxMoves_line20 FAILED                           [100%]

================================== FAILURES ===================================
____________________________ test_maxMoves_line20 _____________________________

    def test_maxMoves_line20():
        solution = Solution()
>       assert solution.maxMoves([[9, 9, 4], [6, 6, 8], [2, 1, 1]], 8) == 4
               ^^^^^^^^^^^^^^^^^^^^^^^^^^^^^^^^^^^^^^^^^^^^^^^^^^^^^^^
E       TypeError: Solution.maxMoves() takes 2 positional arguments but 3 were given

test_generated.py:38: TypeError
=========================== short test summary info ===========================
FAILED test_generated.py::test_maxMoves_line20 - TypeError: Solution.maxMoves...
============================== 1 failed in 0.17s ==============================",APIHallucination,Test passes a second argument to maxMoves() which only takes a single grid argument.,high,,
111,Llama-3.2-3B-Instruct,"Two-Step, T=0.0",2127,Runtime,Index out of bounds,"def test_maximumInvitations():
    solution = Solution()
    favorite = [1, 2, 3, 4, 5, 6, 7, 8, 9]
    assert solution.maximumInvitations(favorite) == 2","============================= test session starts =============================
platform win32 -- Python 3.12.10, pytest-8.4.2, pluggy-1.6.0 -- C:\Rep
... [TRUNCATED - showing end] ...
 _ _ _ _ _ _ _ _ _ _ _ _ _ _ _ _ _ _ _ _ _ _ _ _ _ _ _ _ _ _ _

self = <under_test.Solution object at 0x000001FEB02AC5F0>
favorite = [1, 2, 3, 4, 5, 6, ...]

    def maximumInvitations(self, favorite: List[int]) -> int:
      n = len(favorite)
      sumComponentsLength = 0
      graph = [[] for _ in range(n)]
      inDegrees = [0] * n
      maxChainLength = [1] * n
    
      for i, f in enumerate(favorite):
        graph[i].append(f)
>       inDegrees[f] += 1
        ^^^^^^^^^^^^
E       IndexError: list index out of range

under_test.py:41: IndexError
=========================== short test summary info ===========================
FAILED test_generated.py::test_maximumInvitations_line39 - IndexError: list i...
============================== 1 failed in 0.17s ==============================",SemanticMisunderstanding,"Test provides a favorite array where nodes point to index 9, but the array length is 9 (indices 0-8), causing an IndexError.",near,,
112,Llama-3.2-3B-Instruct,"Two-Step, T=0.0",1001,Runtime,Needs manual review,"def test_gridIllumination():
    solution = Solution()
    assert solution.gridIllumination(5, [[1, 4], [2, 5], [3, 1]], [[1, 2], [3]]) == [1, 0]","============================= test session starts =============================
platform win32 -- Python 3.12.10, pytest-8.4.2, pluggy-1.6.0 -- C:\Rep
... [TRUNCATED - showing end] ...
ueries: List[List[int]]) -> List[int]:
      ans = []
      rows = collections.Counter()
      cols = collections.Counter()
      diag1 = collections.Counter()
      diag2 = collections.Counter()
      lampsSet = set()
    
      for i, j in lamps:
        if (i, j) not in lampsSet:
          lampsSet.add((i, j))
          rows[i] += 1
          cols[j] += 1
          diag1[i + j] += 1
          diag2[i - j] += 1
    
>     for i, j in queries:
          ^^^^
E     ValueError: not enough values to unpack (expected 2, got 1)

under_test.py:39: ValueError
=========================== short test summary info ===========================
FAILED test_generated.py::test_gridIllumination_line22 - ValueError: not enou...
============================== 1 failed in 0.17s ==============================",SemanticMisunderstanding,"Test provides a query [3] with only one coordinate instead of a pair, causing a ValueError upon unpacking.",near,,
113,Llama-3.2-3B-Instruct,"Two-Step, T=0.0",1923,Runtime,Type mismatch,"def test_longestCommonSubpath():
    solution = Solution()
    assert solution.longestCommonSubpath([[-1, 0, 1, 2, 3], [0, 1, 2, 3, 4], [1, 2, 3, 4, 5]], 3) == 2","============================= test session starts =============================
platform win32 -- Python 3.12.10, pytest-8.4.2, pluggy-1.6.0 -- C:\Rep
... [TRUNCATED - showing end] ...
]], 3) == 2
               ^^^^^^^^^^^^^^^^^^^^^^^^^^^^^^^^^^^^^^^^^^^^^^^^^^^^^^^^^^^^^^^^^^^^^^^^^^^^^^^^^^^^^^

test_generated.py:38: 
_ _ _ _ _ _ _ _ _ _ _ _ _ _ _ _ _ _ _ _ _ _ _ _ _ _ _ _ _ _ _ _ _ _ _ _ _ _ _ _

self = <under_test.Solution object at 0x0000021CA4951160>
n = [[-1, 0, 1, 2, 3], [0, 1, 2, 3, 4], [1, 2, 3, 4, 5]], paths = 3

    def longestCommonSubpath(self, n: int, paths: List[List[int]]) -> int:
      l = 0
>     r = len(paths[0])
              ^^^^^^^^
E     TypeError: 'int' object is not subscriptable

under_test.py:29: TypeError
=========================== short test summary info ===========================
FAILED test_generated.py::test_longestCommonSubpath_line23 - TypeError: 'int'...
============================== 1 failed in 0.16s ==============================",SemanticMisunderstanding,"Test passes the arguments in the wrong order (paths first, then n), causing a TypeError when the function tries to index an integer.",high,,
114,Llama-3.2-3B-Instruct,"One-Step, T=0.0",1162,Runtime,Needs manual review,"def test_maxDistance():
    grid = [[1, 1, 1], [1, 0, 1], [1, 1, 1]]
    assert solution.maxDistance(grid) == 2","============================= test session starts =============================
platform win32 -- Python 3.12.10, pytest-8.4.2, pluggy-1.6.0 -- C:\Rep
... [TRUNCATED - showing end] ...
tance_line22 ___________________________

    def test_maxDistance_line22():
        grid = [[1, 1, 1], [1, 0, 1], [1, 1, 1]]
>       assert solution.maxDistance(grid) == 2
               ^^^^^^^^
E       NameError: name 'solution' is not defined

test_generated.py:38: NameError
... [TRUNCATED] ...
      ^^^^^^^^
E       NameError: name 'solution' is not defined

test_generated.py:46: NameError
=========================== short test summary info ===========================
FAILED test_generated.py::test_maxDistance_line22 - NameError: name 'solution...
FAILED test_generated.py::test_maxDistance_line24 - NameError: name 'solution...
FAILED test_generated.py::test_maxDistance_line27 - NameError: name 'solution...
============================== 3 failed in 0.18s ==============================",MissingDefinition,Test calls solution.maxDistance(...) without instantiating the solution object.,near,solution undefined,
115,Llama-3.2-3B-Instruct,"One-Step, T=0.0",3030,Runtime,Needs manual review,"def test_resultGrid():
    image = [
        [1, 1, 1, 1, 1],
        [1, 1, 1, 1, 1],
        [1, 1, 1, 1, 1],
        [1, 1, 1, 1, 1],
        [1, 1, 1, 1, 1]
    ]
    threshold = 0
    result = [
        [1, 1, 1, 1, 1],
        [1, 1, 1, 1, 1],
        [1, 1, 1, 1, 1],
        [1, 1, 1, 1, 1],
        [1, 1, 1, 1, 1]
    ]
    assert solution.resultGrid(image, threshold) == result","============================= test session starts =============================
platform win32 -- Python 3.12.10, pytest-8.4.2, pluggy-1.6.0 -- C:\Rep
... [TRUNCATED - showing end] ...
== FAILURES ===================================
___________________________ test_resultGrid_line21 ____________________________

    def test_resultGrid_line21():
        image = [[1, 1, 1, 1, 1], [1, 1, 1, 1, 1], [1, 1, 1, 1, 1], [1, 1, 1, 1, 1], [1, 1, 1, 1, 1]]
        threshold = 0
        result = [[1, 1, 1, 1, 1], [1, 1, 1, 1, 1], [1, 1, 1, 1, 1], [1, 1, 1, 1, 1], [1, 1, 1, 1, 1]]
>       assert solution.resultGrid(image, threshold) == result
               ^^^^^^^^
E       NameError: name 'solution' is not defined

test_generated.py:40: NameError
=========================== short test summary info ===========================
FAILED test_generated.py::test_resultGrid_line21 - NameError: name 'solution'...
============================== 1 failed in 0.16s ==============================",MissingDefinition,Test calls solution.resultGrid(...) without instantiating the solution object.,near,solution undefined,
116,Llama-3.2-3B-Instruct,"One-Step, T=0.0",2245,Runtime,Needs manual review,"def test_maxTrailingZeros():
    grid = [[1, 2, 3], [4, 5, 6], [7, 8, 9]]
    assert solution.maxTrailingZeros(grid) == 1","============================= test session starts =============================
platform win32 -- Python 3.12.10, pytest-8.4.2, pluggy-1.6.0 -- C:\Rep
... [TRUNCATED - showing end] ...
ngZeros_line32 _________________________

    def test_maxTrailingZeros_line32():
        grid = [[1, 2, 3], [4, 5, 6], [7, 8, 9]]
>       assert solution.maxTrailingZeros(grid) == 1
               ^^^^^^^^
E       NameError: name 'solution' is not defined

test_generated.py:38:
... [TRUNCATED] ...
      ^^^^^^^^
E       NameError: name 'solution' is not defined

test_generated.py:46: NameError
=========================== short test summary info ===========================
FAILED test_generated.py::test_maxTrailingZeros_line32 - NameError: name 'sol...
FAILED test_generated.py::test_maxTrailingZeros_line33 - NameError: name 'sol...
FAILED test_generated.py::test_maxTrailingZeros_line40 - NameError: name 'sol...
============================== 3 failed in 0.20s ==============================",MissingDefinition,Test calls solution.maxTrailingZeros(...) without instantiating the solution object.,near,solution undefined,
117,Llama-3.2-3B-Instruct,"Two-Step, T=0.0",2983,Runtime,Index out of bounds,"def test_canMakePalindromeQueries():
    solution = Solution()
    assert solution.canMakePalindromeQueries(""abc"", [[0, 1, 2, 3]]) == False
    assert solution.canMakePalindromeQueries(""abcd"", [[0, 1, 2, 3]]) == True
    assert solution.canMakePalindromeQueries(""abc"", [[0, 2, 3, 4]]) == False
    assert solution.canMakePalindromeQueries(""abcd"", [[0, 2, 3, 4]]) == True","============================= test session starts =============================
platform win32 -- Python 3.12.10, pytest-8.4.2, pluggy-1.6.0 -- C:\Rep
... [TRUNCATED - showing end] ...
Queries('abc', [[0, 1, 2, 3]]) == False
               ^^^^^^^^^^^^^^^^^^^^^^^^^^^^^^^^^^^^^^^^^^^^^^^^^^^^^^^^

test_generated.py:38: 
_ _ _ _ _ _ _ _ _ _ _ _ _ _ _ _ _ _ _ _ _ _ _ _ _ _ _ _ _ _ _ _ _ _ _ _ _ _ _ _

self = <under_test.Solution object at 0x00000210CE6C0F80>, s =
... [TRUNCATED] ...
:
          leftRangeCount = subtractArrays(counts[b], counts[a])
>         rightRangeCount = subtractArrays(counts[d], counts[c])
                                           ^^^^^^^^^
E         IndexError: list index out of range

under_test.py:44: IndexError
=========================== short test summary info ===========================
FAILED test_generated.py::test_canMakePalindromeQueries_line30 - IndexError: ...
============================== 1 failed in 0.17s ==============================",SemanticMisunderstanding,"Test provides a string of length 3 but a query array containing index 3, causing an out of bounds error.",near,,
118,Meta-Llama-3.1-8B-Instruct-AWQ-INT4,"Two-Step, T=0.0",2603,Assertion,Value mismatch,"def test_collectTheCoins():
    solution = Solution()
    edges = [[0, 1], [1, 2], [2, 3]]
    coins = [0, 0, 0, 0]
    assert solution.collectTheCoins(coins, edges) == 4","============================= test session starts =============================
platform win32 -- Python 3.12.10, pytest-8.4.2, pluggy-1.6.0 -- C:\Rep
... [TRUNCATED - showing end] ...
=== FAILURES ===================================
_________________________ test_collectTheCoins_line27 _________________________

    def test_collectTheCoins_line27():
        solution = Solution()
        edges = [[0, 1], [1, 2], [2, 3]]
        coins = [0, 0, 0, 0]
>       assert solution.collectTheCoins(coins, edges) == 4
E       assert 0 == 4
E        +  where 0 = collectTheCoins([0, 0, 0, 0], [[0, 1], [1, 2], [2, 3]])
E        +    where collectTheCoins = <under_test.Solution object at 0x000001DF36F516D0>.collectTheCoins

test_generated.py:40: AssertionError
=========================== short test summary info ===========================
FAILED test_generated.py::test_collectTheCoins_line27 - assert 0 == 4
============================== 1 failed in 0.16s ==============================",IncorrectAssertion,Test asserts collectTheCoins(...) == 4 but correct answer is 0.,high,Incorrect expected value,
119,Meta-Llama-3.1-8B-Instruct-AWQ-INT4,"One-Step, T=0.0",2904,Assertion,Value mismatch,"import unittest

class TestSolution(unittest.TestCase):
    def test_shortestBeautifulSubstring(self):
        solution = Solution()
        self.assertEqual(solution.shortestBeautifulSubstring(""111000001100001110000"", 2), ""001"")

if __name__ == '__main__':
    unittest.main()","============================= test session starts =============================
platform win32 -- Python 3.12.10, pytest-8.4.2, pluggy-1.6.0 -- C:\Rep
... [TRUNCATED - showing end] ...
string_line26 FAILED [100%]

================================== FAILURES ===================================
_____________ TestSolution.test_shortestBeautifulSubstring_line26 _____________

self = <test_generated.TestSolution testMethod=test_shortestBeautifulSubstring_line26>

    def test_shortestBeautifulSubstring_line26(self):
        solution = Solution()
>       self.assertEqual(solution.shortestBeautifulSubstring('111000001100001110000', 2), '001')
E       AssertionError: '11' != '001'
E       - 11
E       + 001

test_generated.py:72: AssertionError
=========================== short test summary info ===========================
FAILED test_generated.py::TestSolution::test_shortestBeautifulSubstring_line26
============================== 1 failed in 0.18s ==============================",IncorrectAssertion,Test asserts shortestBeautifulSubstring(...) == '001' but correct answer is '11'.,high,Incorrect expected value,
120,Meta-Llama-3.1-8B-Instruct-AWQ-INT4,"One-Step, T=0.0",2983,Assertion,Value mismatch,"def test_canMakePalindromeQueries():
    solution = Solution()
    s = ""abccba""
    queries = [[0, 2, 4, 4], [0, 1, 2, 3]]
    assert solution.canMakePalindromeQueries(s, queries) == [True, False]","============================= test session starts =============================
platform win32 -- Python 3.12.10, pytest-8.4.2, pluggy-1.6.0 -- C:\Rep
... [TRUNCATED - showing end] ...
_____________ test_canMakePalindromeQueries_line30 _____________________

    def test_canMakePalindromeQueries_line30():
        solution = Solution()
        s = 'abccba'
        queries = [[0, 2, 4, 4], [0, 1, 2, 3]]
>       assert solution.canMakePalindromeQueries(s, queries) == [True, False]
E       assert [True, True] == [True, False]
E         
E         At index 1 diff: True != False
E         
E         Full diff:
E           [
E               True,
E         -     False,
E         +     True,
E           ]

test_generated.py:40: AssertionError
=========================== short test summary info ===========================
FAILED test_generated.py::test_canMakePalindromeQueries_line30 - assert [True...
============================== 1 failed in 0.17s ==============================",IncorrectAssertion,"Test asserts canMakePalindromeQueries(...) == [True, False] but correct answer is [True, True].",high,Incorrect expected value,
121,Meta-Llama-3.1-8B-Instruct-AWQ-INT4,"One-Step, T=0.0",1462,Assertion,Value mismatch,"import unittest
from typing import List

class TestCheckIfPrerequisite(unittest.TestCase):

    def test_checkIfPrerequisite(self):
        solution = Solution()
        numCourses = 3
        prerequisites = [[1, 0], [2, 0], [0, 1]]
        queries = [[0, 1], [1,0], [2,0]]
        self.assertEqual(solution.checkIfPrerequisite(numCourses, prerequisites, queries), [True, False, True])

if __name__ == '__main__':
    unittest.main()","============================= test session starts =============================
platform win32 -- Python 3.12.10, pytest-8.4.2, pluggy-1.6.0 -- C:\Rep
... [TRUNCATED - showing end] ...
solution = Solution()
        numCourses = 3
        prerequisites = [[1, 0], [2, 0], [0, 1]]
        queries = [[0, 1], [1, 0], [2, 0]]
>       self.assertEqual(solution.checkIfPrerequisite(numCourses, prerequisites, queries), [True, False, True])
E       AssertionError: Lists differ: [True, True, True] != [True, False, True]
E       
E       First differing element 1:
E       True
E       False
E       
E       - [True, True, True]
E       ?        ^^^
E       
E       + [True, False, True]
E       ?        ^^^^

test_generated.py:46: AssertionError
=========================== short test summary info ===========================
FAILED test_generated.py::TestCheckIfPrerequisite::test_checkIfPrerequisite_line27
============================== 1 failed in 0.18s ==============================",IncorrectAssertion,"Test asserts checkIfPrerequisite(...) == [True, False, True] but correct answer is [True, True, True].",high,Incorrect expected value,
122,Meta-Llama-3.1-8B-Instruct-AWQ-INT4,"Two-Step, T=0.0",2932,Assertion,Value mismatch,"def test_maximumStrongPairXor():
    solution = Solution()
    assert solution.maximumStrongPairXor([5, 10, 25]) == 29","============================= test session starts =============================
platform win32 -- Python 3.12.10, pytest-8.4.2, pluggy-1.6.0 -- C:\Rep
... [TRUNCATED - showing end] ...
8 FAILED               [100%]

================================== FAILURES ===================================
______________________ test_maximumStrongPairXor_line28 _______________________

    def test_maximumStrongPairXor_line28():
        solution = Solution()
>       assert solution.maximumStrongPairXor([5, 10, 25]) == 29
E       assert 15 == 29
E        +  where 15 = maximumStrongPairXor([5, 10, 25])
E        +    where maximumStrongPairXor = <under_test.Solution object at 0x0000024A8FD76630>.maximumStrongPairXor

test_generated.py:38: AssertionError
=========================== short test summary info ===========================
FAILED test_generated.py::test_maximumStrongPairXor_line28 - assert 15 == 29
============================== 1 failed in 0.16s ==============================",IncorrectAssertion,"Test asserts maximumStrongPairXor([5, 10, 25]) == 29 but correct answer is 15.",high,Incorrect expected value,
123,Meta-Llama-3.1-8B-Instruct-AWQ-INT4,"Two-Step, T=0.0",939,Assertion,Value mismatch,"def test_minAreaRect():
    solution = Solution()
    points = [[1, 1], [1, 2], [2, 1], [2, 2]]
    assert solution.minAreaRect(points) == 2","============================= test session starts =============================
platform win32 -- Python 3.12.10, pytest-8.4.2, pluggy-1.6.0 -- C:\Rep
... [TRUNCATED - showing end] ...
                 [100%]

================================== FAILURES ===================================
___________________________ test_minAreaRect_line24 ___________________________

    def test_minAreaRect_line24():
        solution = Solution()
        points = [[1, 1], [1, 2], [2, 1], [2, 2]]
>       assert solution.minAreaRect(points) == 2
E       assert 1 == 2
E        +  where 1 = minAreaRect([[1, 1], [1, 2], [2, 1], [2, 2]])
E        +    where minAreaRect = <under_test.Solution object at 0x00000237E174B800>.minAreaRect

test_generated.py:39: AssertionError
=========================== short test summary info ===========================
FAILED test_generated.py::test_minAreaRect_line24 - assert 1 == 2
============================== 1 failed in 0.16s ==============================",IncorrectAssertion,Test asserts minAreaRect(...) == 2 but correct answer is 1.,high,Incorrect expected value,
124,Meta-Llama-3.1-8B-Instruct-AWQ-INT4,"Two-Step, T=0.0",2876,Runtime,Type mismatch,"def test_countVisitedNodes():
    solution = Solution()
    edges = [[0, 1], [1, 2], [2, 0]]
    assert solution.countVisitedNodes(edges) == [1, 1, 1]","============================= test session starts =============================
platform win32 -- Python 3.12.10, pytest-8.4.2, pluggy-1.6.0 -- C:\Rep
... [TRUNCATED - showing end] ...
^^^^^^^^^^^^^^^^^

test_generated.py:39: 
_ _ _ _ _ _ _ _ _ _ _ _ _ _ _ _ _ _ _ _ _ _ _ _ _ _ _ _ _ _ _ _ _ _ _ _ _ _ _ _

self = <under_test.Solution object at 0x000002E4A66DBEC0>
edges = [[0, 1], [1, 2], [2, 0]]

    def countVisitedNodes(self, edges: List[int]) -> List[int]:
      n = len(edges)
      ans = [0] * n
      inDegrees = [0] * n
      seen = [False] * n
      stack = []
    
      for v in edges:
>       inDegrees[v] += 1
        ^^^^^^^^^^^^
E       TypeError: list indices must be integers or slices, not list

under_test.py:31: TypeError
=========================== short test summary info ===========================
FAILED test_generated.py::test_countVisitedNodes_line28 - TypeError: list ind...
============================== 1 failed in 0.17s ==============================",SemanticMisunderstanding,"Test provides edges as a list of pairs [[0, 1], ...] instead of a flat list mapping each node to its destination, causing a TypeError when indexing.",near,,
125,Meta-Llama-3.1-8B-Instruct-AWQ-INT4,"Two-Step, T=0.0",1765,Runtime,Type mismatch,"def test_highestPeak():
    solution = Solution()
    isWater = [
        [0, 0, 1, 0],
        [0, 0, 2, 0],
        [0, 1, 0, 0],
        0, 0, 0, 0]
    assert solution.highestPeak(isWater) == [[-1, -1, 2, -1], [-1, -1, 2, -1], [-1, 1, 2, -1], [-1, -1, -1, -1]]","============================= test session starts =============================
platform win32 -- Python 3.12.10, pytest-8.4.2, pluggy-1.6.0 -- C:\Rep
... [TRUNCATED - showing end] ...
<under_test.Solution object at 0x000002CDD26F61B0>
isWater = [[0, 0, 1, 0], [0, 0, 2, 0], [0, 1, 0, 0], 0, 0, 0, ...]

    def highestPeak(self, isWater: List[List[int]]) -> List[List[int]]:
      dirs = ((0, 1), (1, 0), (0, -1), (-1, 0))
      m = len(isWater)
      n = len(isWater[0])
      ans = [[-1] * n for _ in range(m)]
      q = collections.deque()
    
      for i in range(m):
        for j in range(n):
>         if isWater[i][j] == 1:
             ^^^^^^^^^^^^^
E         TypeError: 'int' object is not subscriptable

under_test.py:32: TypeError
=========================== short test summary info ===========================
FAILED test_generated.py::test_highestPeak_line22 - TypeError: 'int' object i...
============================== 1 failed in 0.16s ==============================",SemanticMisunderstanding,"Test provides a malformed 2D grid isWater where the last row is missing brackets, causing a TypeError.",near,,
126,Meta-Llama-3.1-8B-Instruct-AWQ-INT4,"Two-Step, T=0.0",2836,Runtime,Index out of bounds,"def test_getMaxFunctionValue():
    solution = Solution()
    assert solution.getMaxFunctionValue([1, 2, 3, 4, 5, 6, 7, 8, 9, 10], 15) == 20","============================= test session starts =============================
platform win32 -- Python 3.12.10, pytest-8.4.2, pluggy-1.6.0 -- C:\Rep
... [TRUNCATED - showing end] ...
MaxFunctionValue(self, receiver: List[int], k: int) -> int:
      n = len(receiver)
      m = int(math.log2(k)) + 1
      ans = 0
      jump = [[0] * m for _ in range(n)]
      summ = [[0] * m for _ in range(n)]
    
      for i in range(n):
        jump[i][0] = receiver[i]
        summ[i][0] = receiver[i]
    
      for j in range(1, m):
        for i in range(n):
          midNode = jump[i][j - 1]
>         jump[i][j] = jump[midNode][j - 1]
                       ^^^^^^^^^^^^^
E         IndexError: list index out of range

under_test.py:37: IndexError
=========================== short test summary info ===========================
FAILED test_generated.py::test_getMaxFunctionValue_line34 - IndexError: list ...
============================== 1 failed in 0.19s ==============================",SemanticMisunderstanding,"Test provides a receiver array containing value 10, which is out of bounds for an array of size 10 (indices 0-9), causing an IndexError.",near,getMaxFunctionValue out of bounds,
127,Meta-Llama-3.1-8B-Instruct-AWQ-INT4,"One-Step, T=0.0",1938,Runtime,Import error; Missing module,"import unittest
from your_module import Solution

class TestMaxGeneticDifference(unittest.TestCase):

    def test_maxGeneticDifference(self):
        solution = Solution()
        parents = [-1, 0, 0, 1, 1, 1]
        queries = [[0, 0], [0, 1], [1, 1], [1, 0], [1, 1], [0, 1]]
        self.assertEqual(solution.maxGeneticDifference(parents, queries), [0, 1, 1, 0, 0, 1])

if __name__ == '__main__':
    unittest.main()","============================= test session starts =============================
platform win32 -- Python 3.12.10, pytest-8.4.2, pluggy-1.6.0 -- C:\Rep
... [TRUNCATED - showing end] ...
_______________
ImportError while importing test module 'C:\Users\cbark\AppData\Local\Temp\eval_1938__h65yu47\test_generated.py'.
Hint: make sure your test modules/packages have valid Python names.
Traceback:
C:\Program Files\Python312\Lib\importlib\__init__.py:90: in import_module
    return _bootstrap._gcd_import(name[level:], package, level)
           ^^^^^^^^^^^^^^^^^^^^^^^^^^^^^^^^^^^^^^^^^^^^^^^^^^^^
test_generated.py:37: in <module>
    from your_module import Solution
E   ModuleNotFoundError: No module named 'your_module'
=========================== short test summary info ===========================
ERROR test_generated.py
!!!!!!!!!!!!!!!!!!! Interrupted: 1 error during collection !!!!!!!!!!!!!!!!!!!!
============================== 1 error in 0.36s ===============================",MissingImport,Test uses a placeholder from your_module import Solution which fails in the test harness.,high,your_module placeholder,
128,Meta-Llama-3.1-8B-Instruct-AWQ-INT4,"One-Step, T=0.0",1928,Runtime,Index out of bounds,"import unittest
from typing import List

class TestMinCost(unittest.TestCase):
    def test_minCost(self):
        solution = Solution()
        maxTime = 5
        edges = [[0, 1, 2], [0, 2, 3], [1, 3, 1]]
        passingFees = [2, 3, 1]
        self.assertEqual(solution.minCost(maxTime, edges, passingFees), 5)

if __name__ == '__main__':
    unittest.main()","============================= test session starts =============================
platform win32 -- Python 3.12.10, pytest-8.4.2, pluggy-1.6.0 -- C:\Rep
... [TRUNCATED - showing end] ...
_ _ _ _ _ _ _ _ _ _ _ _ _ _ _ _ _ _ _ _ _ _ _ _ _ _ _ _ _ _ _ _ _ _ _ _ _ _

self = <under_test.Solution object at 0x000001DDD94FE810>, maxTime = 5
edges = [[0, 1, 2], [0, 2, 3], [1, 3, 1]], passingFees = [2, 3, 1]

    def minCost(self, maxTime: int, edges: List[List[int]], passingFees: List[int]) -> int:
      n = len(passingFees)
      graph = [[] for _ in range(n)]
    
      for u, v, w in edges:
        graph[u].append((v, w))
>       graph[v].append((u, w))
        ^^^^^^^^
E       IndexError: list index out of range

under_test.py:29: IndexError
=========================== short test summary info ===========================
FAILED test_generated.py::TestMinCost::test_minCost_line35 - IndexError: list...
============================== 1 failed in 0.23s ==============================",SemanticMisunderstanding,"Test provides an edge with node 3 but the passingFees array has size 3 (nodes 0-2), causing an IndexError.",near,,
129,Meta-Llama-3.1-8B-Instruct-AWQ-INT4,"One-Step, T=0.0",3072,Runtime,Import error; Missing module,"import unittest
from your_module import Solution

class TestSolution(unittest.TestCase):
    def test_resultArray(self):
        solution = Solution()
        nums = [1, 2, 3, 4, 5, 6]
        self.assertEqual(solution.resultArray(nums), [1, 2, 3, 4, 5, 6])

if __name__ == '__main__':
    unittest.main()","============================= test session starts =============================
platform win32 -- Python 3.12.10, pytest-8.4.2, pluggy-1.6.0 -- C:\Rep
... [TRUNCATED - showing end] ...
_______________
ImportError while importing test module 'C:\Users\cbark\AppData\Local\Temp\eval_3072_a5xrjsri\test_generated.py'.
Hint: make sure your test modules/packages have valid Python names.
Traceback:
C:\Program Files\Python312\Lib\importlib\__init__.py:90: in import_module
    return _bootstrap._gcd_import(name[level:], package, level)
           ^^^^^^^^^^^^^^^^^^^^^^^^^^^^^^^^^^^^^^^^^^^^^^^^^^^^
test_generated.py:37: in <module>
    from your_module import Solution
E   ModuleNotFoundError: No module named 'your_module'
=========================== short test summary info ===========================
ERROR test_generated.py
!!!!!!!!!!!!!!!!!!! Interrupted: 1 error during collection !!!!!!!!!!!!!!!!!!!!
============================== 1 error in 0.37s ===============================",MissingImport,Test uses a placeholder from your_module import Solution which fails in the test harness.,high,your_module placeholder,
130,Meta-Llama-3.1-8B-Instruct-AWQ-INT4,"One-Step, T=0.0",310,Timeout,Needs manual review,"import unittest
from typing import List

class TestFindMinHeightTrees(unittest.TestCase):
    def test_findMinHeightTrees(self):
        solution = Solution()
        n = 4
        edges = [[1, 2], [1, 3], [2, 3]]
        self.assertEqual(solution.findMinHeightTrees(n, edges), [2, 3])

if __name__ == '__main__':
    unittest.main()",TIMEOUT (30s limit),SemanticMisunderstanding,"Test triggers an infinite loop or excessive computation, resulting in a timeout.",far,timeout,
131,Meta-Llama-3.1-8B-Instruct-AWQ-INT4,"Two-Step, T=0.0",786,Timeout,Needs manual review,"def test_kthSmallestPrimeFraction():
    solution = Solution()
    arr = [1, 1/2, 1/3, 1/4, 1/5, 1/6, 1/7, 1/8, 1/9, 1/10]
    k = 5
    assert solution.kthSmallestPrimeFraction(arr, k) == [1/2, 1/3]",TIMEOUT (30s limit),SemanticMisunderstanding,"Test triggers an infinite loop or excessive computation, resulting in a timeout.",far,timeout,
132,Meta-Llama-3.1-8B-Instruct-AWQ-INT4,"One-Step, T=0.0",1345,Assertion,Value mismatch,"import unittest

class TestMinJumps(unittest.TestCase):

    def test_minJumps(self):
        solution = Solution()
        arr = [5, 3, 6, 8, 2, 2, 1]
        self.assertEqual(solution.minJumps(arr), 3)

if __name__ == '__main__':
    unittest.main()","============================= test session starts =============================
platform win32 -- Python 3.12.10, pytest-8.4.2, pluggy-1.6.0 -- C:\Rep
... [TRUNCATED - showing end] ...
ng ... collected 1 item

test_generated.py::TestMinJumps::test_minJumps_line26 FAILED             [100%]

================================== FAILURES ===================================
______________________ TestMinJumps.test_minJumps_line26 ______________________

self = <test_generated.TestMinJumps testMethod=test_minJumps_line26>

    def test_minJumps_line26(self):
        solution = Solution()
        arr = [5, 3, 6, 8, 2, 2, 1]
>       self.assertEqual(solution.minJumps(arr), 3)
E       AssertionError: 6 != 3

test_generated.py:43: AssertionError
=========================== short test summary info ===========================
FAILED test_generated.py::TestMinJumps::test_minJumps_line26 - AssertionError...
============================== 1 failed in 0.18s ==============================",IncorrectAssertion,Test asserts minJumps(...) == 3 but correct answer is 6.,high,Incorrect expected value,
133,Meta-Llama-3.1-8B-Instruct-AWQ-INT4,"Two-Step, T=0.0",2577,Assertion,Value mismatch,"def test_minimumTime():
    solution = Solution()
    grid = [[1, 1, 1],
            [1, 1, 1],
            [1, 1, 1]]
    assert solution.minimumTime(grid) == 5","============================= test session starts =============================
platform win32 -- Python 3.12.10, pytest-8.4.2, pluggy-1.6.0 -- C:\Rep
... [TRUNCATED - showing end] ...
                   [100%]

================================== FAILURES ===================================
___________________________ test_minimumTime_line14 ___________________________

    def test_minimumTime_line14():
        solution = Solution()
        grid = [[1, 1, 1], [1, 1, 1], [1, 1, 1]]
>       assert solution.minimumTime(grid) == 5
E       assert 4 == 5
E        +  where 4 = minimumTime([[1, 1, 1], [1, 1, 1], [1, 1, 1]])
E        +    where minimumTime = <under_test.Solution object at 0x000002A3CF10DBB0>.minimumTime

test_generated.py:39: AssertionError
=========================== short test summary info ===========================
FAILED test_generated.py::test_minimumTime_line14 - assert 4 == 5
============================== 1 failed in 0.17s ==============================",IncorrectAssertion,Test asserts minimumTime(...) == 5 but correct answer is 4.,high,Incorrect expected value,
134,Meta-Llama-3.1-8B-Instruct-AWQ-INT4,"Two-Step, T=0.0",1707,Runtime,Needs manual review,"def test_maximizeXor():
    solution = Solution()
    nums = [5, 3, 6, 8, 7, 4]
    queries = [[0, 5, 6], [1, 3, 7], [2, 4, 8]]
    assert solution.maximizeXor(nums, queries) == [5, 7, 7]","============================= test session starts =============================
platform win32 -- Python 3.12.10, pytest-8.4.2, pluggy-1.6.0 -- C:\Rep
... [TRUNCATED - showing end] ...
_ _ _ _ _ _ _ _ _ _ _ _ _ _ _ _ _ _ _ _
under_test.py:71: in maximizeXor
    maxBit = int(math.log2(max(max(nums), max(x for x, _ in queries))))
                                          ^^^^^^^^^^^^^^^^^^^^^^^^^^
_ _ _ _ _ _ _ _ _ _ _ _ _ _ _ _ _ _ _ _ _ _ _ _ _ _ _ _ _ _ _ _ _ _ _ _ _ _ _ _

.0 = <list_iterator object at 0x0000017552BDBB50>

>   maxBit = int(math.log2(max(max(nums), max(x for x, _ in queries))))
                                                    ^^^^
E   ValueError: too many values to unpack (expected 2)

under_test.py:71: ValueError
=========================== short test summary info ===========================
FAILED test_generated.py::test_maximizeXor_line26 - ValueError: too many valu...
============================== 1 failed in 0.18s ==============================",SemanticMisunderstanding,"Test provides queries with 3 elements instead of pairs [x, m], causing a ValueError upon unpacking.",near,,
135,Meta-Llama-3.1-8B-Instruct-AWQ-INT4,"One-Step, T=0.0",2851,Assertion,Value mismatch,"import unittest

class TestSolution(unittest.TestCase):
    def test_numberOfWays(self):
        solution = Solution()
        self.assertEqual(solution.numberOfWays(""abc"", ""cab"", 1), 2)

if __name__ == '__main__':
    unittest.main()","============================= test session starts =============================
platform win32 -- Python 3.12.10, pytest-8.4.2, pluggy-1.6.0 -- C:\Rep
... [TRUNCATED - showing end] ...
0.0
collecting ... collected 1 item

test_generated.py::TestSolution::test_numberOfWays_line42 FAILED         [100%]

================================== FAILURES ===================================
____________________ TestSolution.test_numberOfWays_line42 ____________________

self = <test_generated.TestSolution testMethod=test_numberOfWays_line42>

    def test_numberOfWays_line42(self):
        solution = Solution()
>       self.assertEqual(solution.numberOfWays('abc', 'cab', 1), 2)
E       AssertionError: 1 != 2

test_generated.py:72: AssertionError
=========================== short test summary info ===========================
FAILED test_generated.py::TestSolution::test_numberOfWays_line42 - AssertionE...
============================== 1 failed in 0.16s ==============================",IncorrectAssertion,"Test asserts numberOfWays('abc', 'cab', 1) == 2 but correct answer is 1.",high,Incorrect expected value,
136,Meta-Llama-3.1-8B-Instruct-AWQ-INT4,"One-Step, T=0.0",2684,Assertion,Value mismatch,"import unittest

class TestSolution(unittest.TestCase):
    def test_maxMoves(self):
        solution = Solution()
        grid = [
            [1, 2, 3],
            [4, 5, 6],
            [7, 8, 9]
        ]
        self.assertEqual(solution.maxMoves(grid), 3)

if __name__ == '__main__':
    unittest.main()","============================= test session starts =============================
platform win32 -- Python 3.12.10, pytest-8.4.2, pluggy-1.6.0 -- C:\Rep
... [TRUNCATED - showing end] ...
ed 1 item

test_generated.py::TestSolution::test_maxMoves_line22 FAILED             [100%]

================================== FAILURES ===================================
______________________ TestSolution.test_maxMoves_line22 ______________________

self = <test_generated.TestSolution testMethod=test_maxMoves_line22>

    def test_maxMoves_line22(self):
        solution = Solution()
        grid = [[1, 2, 3], [4, 5, 6], [7, 8, 9]]
>       self.assertEqual(solution.maxMoves(grid), 4)
E       AssertionError: 2 != 4

test_generated.py:54: AssertionError
=========================== short test summary info ===========================
FAILED test_generated.py::TestSolution::test_maxMoves_line22 - AssertionError...
============================== 1 failed in 0.18s ==============================",IncorrectAssertion,Test asserts maxMoves(...) == 4 but correct answer is 2.,high,Incorrect expected value,
137,Meta-Llama-3.1-8B-Instruct-AWQ-INT4,"Two-Step, T=0.0",1263,Assertion,Value mismatch,"def test_minPushBox():
    solution = Solution()
    grid = [
        [""#"", ""#"", ""#"", ""#"", ""#"", ""#""],
        [""#"", ""T"", ""#"", ""#"", ""#"", ""#""],
        [""#"", ""#"", ""S"", ""#"", ""#"", ""#""],
        [""#"", ""#"", ""#"", ""B"", ""#"", ""#""],
        [""#"", ""#"", ""#"", ""#"", ""#"", ""#""]
    ]
    assert solution.minPushBox(grid) == 3","============================= test session starts =============================
platform win32 -- Python 3.12.10, pytest-8.4.2, pluggy-1.6.0 -- C:\Rep
... [TRUNCATED - showing end] ...
, '#', '#', '#'], ['#', 'T', '#', '#', '#', '#'], ['#', '#', 'S', '#', '#', '#'], ['#', '#', '#', 'B', '#', '#'], ['#', '#', '#', '#', '#', '#']]
>       assert solution.minPushBox(grid) == 3
E       AssertionError: assert -1 == 3
E        +  where -1 = minPushBox([['#', '#', '#', '#', '#', '#'], ['#', 'T', '#', '#', '#', '#'], ['#', '#', 'S', '#', '#', '#'], ['#', '#', '#', 'B', '#', '#'], ['#', '#', '#', '#', '#', '#']])
E        +    where minPushBox = <under_test.Solution object at 0x000001637E6BBAD0>.minPushBox

test_generated.py:39: AssertionError
=========================== short test summary info ===========================
FAILED test_generated.py::test_minPushBox_line17 - AssertionError: assert -1 ...
============================== 1 failed in 0.17s ==============================",IncorrectAssertion,Test asserts minPushBox(...) == 3 but correct answer is -1.,high,Incorrect expected value,
138,Ministral-3-3B-Instruct-2512,"Two-Step, T=0.0",730,Assertion,Value mismatch; Incomplete test structure,"```python
def test_countPalindromicSubsequences():
    solution = Solution()
    assert solution.countPalindromicSubsequences(""aaa"") == 6","============================= test session starts =============================
platform win32 -- Python 3.12.10, pytest-8.4.2, pluggy-1.6.0 -- C:\Rep
... [TRUNCATED - showing end] ...
===================== FAILURES ===================================
__________________ test_countPalindromicSubsequences_line24 ___________________

    def test_countPalindromicSubsequences_line24():
        solution = Solution()
>       assert solution.countPalindromicSubsequences('aaa') == 6
E       AssertionError: assert 3 == 6
E        +  where 3 = countPalindromicSubsequences('aaa')
E        +    where countPalindromicSubsequences = <under_test.Solution object at 0x000001CFE0A1D880>.countPalindromicSubsequences

test_generated.py:38: AssertionError
=========================== short test summary info ===========================
FAILED test_generated.py::test_countPalindromicSubsequences_line24 - Assertio...
============================== 1 failed in 0.17s ==============================",IncorrectAssertion,Test asserts countPalindromicSubsequences('aaa') == 6 but correct answer is 3.,high,Incorrect expected value,
139,Ministral-3-3B-Instruct-2512,"Two-Step, T=0.0",1574,Assertion,Value mismatch; Incomplete test structure,"```python
def test_findLengthOfShortestSubarray():
    solution = Solution()
    assert solution.findLengthOfShortestSubarray([1, 2, 3, 4, 3, 2, 1]) == 2
```

This test case ensures that the algorithm encounters a scenario where `arr[i] > arr[j]` (e.g., `arr[3] = 4 > arr[6] = 1`), triggering the `i -= 1` branch (line 29). The shortest subarray length of `[3, 4, 3, 2]` or `[4, 3, 2, 1]` is 2, satisfying the expected behavior.","============================= test session starts =============================
platform win32 -- Python 3.12.10, pytest-8.4.2, pluggy-1.6.0 -- C:\Rep
... [TRUNCATED - showing end] ...
=== FAILURES ===================================
__________________ test_findLengthOfShortestSubarray_line27 ___________________

    def test_findLengthOfShortestSubarray_line27():
        solution = Solution()
>       assert solution.findLengthOfShortestSubarray([1, 2, 3, 4, 3, 2, 1]) == 2
E       assert 3 == 2
E        +  where 3 = findLengthOfShortestSubarray([1, 2, 3, 4, 3, 2, ...])
E        +    where findLengthOfShortestSubarray = <under_test.Solution object at 0x000001F42052BE00>.findLengthOfShortestSubarray

test_generated.py:38: AssertionError
=========================== short test summary info ===========================
FAILED test_generated.py::test_findLengthOfShortestSubarray_line27 - assert 3...
============================== 1 failed in 0.15s ==============================",IncorrectAssertion,Test asserts findLengthOfShortestSubarray(...) == 2 but correct answer is 3.,high,Incorrect expected value,
140,Ministral-3-3B-Instruct-2512,"Two-Step, T=0.0",1938,Assertion,Value mismatch; Incomplete test structure,"Here's a test case that ensures line 39 (`node = node.children[targetBit]`) executes in the `query` method:

```python
def test_maxGeneticDifference():
    solution = Solution()
    parents = [-1, 0, 1, 2, 3]  # Node 0 is root, others are children
    queries = [
        [0, 5],  # Query node 0 with value 5
        [1, 3],  # Query node 1 with value 3
        [2, 7],  # Query node 2 with value 7
        [3, 1]   # Query node 3 with value 1
    ]
    expected_answers = [4, 2, 6, 0]  # Expected results based on trie traversal logic
    result = solution.maxGeneticDifference(parents, queries)
    assert result == expected_answers
```

However, to specifically trigger line 39, here's a refined test case:

```python
def test_maxGeneticDifference
... [TRUNCATED] ...
ode 0 (value 0) and node 2 (value 5) are inserted
    # This guarantees line 39 executes during query for node 1 with value 2 (010 vs 101 differ at bit 2)

    # Expected: Line 39 executes because there are differing bits in the trie traversal
    expected_results = [4, 2]  # Placeholder; adjust based on actual logic

    # Run the function
    result = solution.maxGeneticDifference(parents, queries)
    assert result == expected_results, f""Test failed: Expected {expected_results}, got {result}""","============================= test session starts =============================
platform win32 -- Python 3.12.10, pytest-8.4.2, pluggy-1.6.0 -- C:\Rep
... [TRUNCATED - showing end] ...
n = Solution()
        parents = [-1, 0, 1, 2, 3]
        queries = [[0, 5], [1, 3], [2, 7], [3, 1]]
        expected_answers = [4, 2, 6, 0]
        result = solution.maxGeneticDifference(parents, queries)
>       assert result == expected_answers
E       AssertionError: assert [5, 3, 7, 3] == [4, 2, 6, 0]
E         
E         At index 0 diff: 5 != 4
E         
E         Full diff:
E           [
E         -     4,
E         ?     ^...
E         
E         ...Full output truncated (15 lines hidden), use '-vv' to show

test_generated.py:42: AssertionError
=========================== short test summary info ===========================
FAILED test_generated.py::test_maxGeneticDifference_line27 - AssertionError: ...
============================== 1 failed in 0.18s ==============================",IncorrectAssertion,"Test asserts maxGeneticDifference(...) == [4, 2, 6, 0] but correct answer is [5, 3, 7, 3].",high,Incorrect expected value,
141,Ministral-3-3B-Instruct-2512,"Two-Step, T=0.0",1977,Assertion,Value mismatch; Incomplete test structure,"```python
def test_numberOfCombinations():
    solution = Solution()
    # Test case where the 'else' branch in line 43 is triggered due to a specific digit ordering and LCS constraint
    assert solution.numberOfCombinations(""123"") == 1
```

However, this doesn't fully satisfy all conditions. Let me refine it:

```python
def test_numberOfCombinations():
    solution = Solution()
    # Test case where the substring ""12"" allows a valid combination but the LCS constraint forces the else branch
    assert solution.numberOfCombinations(""112"") == 2
```

For a more precise test case that ensures line 43 executes as per the conditions, here's a refined version:

```python
def test_numberOfCombinations():
    solution = Solution()
    # Test case w
... [TRUNCATED] ...
s insufficient)
    # - num[s-k+l] > num[s+l] (digit ordering constraint violated)
    assert solution.numberOfCombinations(""112"") == 2
```

For a more comprehensive test that covers multiple scenarios including the `else` branch execution:

```python
def test_numberOfCombinations():
    solution = Solution()
    # Test case where the input ""1231"" creates multiple valid combinations
    # requiring the else branch to properly calculate counts
    assert solution.numberOfCombinations(""1231"") == 4","============================= test session starts =============================
platform win32 -- Python 3.12.10, pytest-8.4.2, pluggy-1.6.0 -- C:\Rep
... [TRUNCATED - showing end] ...
ILED               [100%]

================================== FAILURES ===================================
______________________ test_numberOfCombinations_line14 _______________________

    def test_numberOfCombinations_line14():
        solution = Solution()
>       assert solution.numberOfCombinations('123') == 1
E       AssertionError: assert 3 == 1
E        +  where 3 = numberOfCombinations('123')
E        +    where numberOfCombinations = <under_test.Solution object at 0x000001862B870680>.numberOfCombinations

test_generated.py:38: AssertionError
=========================== short test summary info ===========================
FAILED test_generated.py::test_numberOfCombinations_line14 - AssertionError: ...
============================== 1 failed in 0.17s ==============================",IncorrectAssertion,Test asserts numberOfCombinations('123') == 1 but correct answer is 3.,high,Incorrect expected value,
142,Ministral-3-3B-Instruct-2512,"One-Step, T=0.0",2040,Assertion,Value mismatch; Incomplete test structure,"```python
def test_kthSmallestProduct():
    solution = Solution()
    nums1 = [-1, -2, -3]
    nums2 = [1, 2, 3]
    assert solution.kthSmallestProduct(nums1, nums2, 4) == -10","============================= test session starts =============================
platform win32 -- Python 3.12.10, pytest-8.4.2, pluggy-1.6.0 -- C:\Rep
... [TRUNCATED - showing end] ...
 FAILURES ===================================
_______________________ test_kthSmallestProduct_line21 ________________________

    def test_kthSmallestProduct_line21():
        solution = Solution()
        nums1 = [-1, -2, -3]
        nums2 = [1, 2, 3]
>       assert solution.kthSmallestProduct(nums1, nums2, 4) == -10
E       assert -6 == -10
E        +  where -6 = kthSmallestProduct([-1, -2, -3], [1, 2, 3], 4)
E        +    where kthSmallestProduct = <under_test.Solution object at 0x0000020B55EECDD0>.kthSmallestProduct

test_generated.py:40: AssertionError
=========================== short test summary info ===========================
FAILED test_generated.py::test_kthSmallestProduct_line21 - assert -6 == -10
============================== 1 failed in 0.17s ==============================",IncorrectAssertion,Test asserts kthSmallestProduct(...) == -10 but correct answer is -6.,high,Incorrect expected value,
143,Ministral-3-3B-Instruct-2512,"Two-Step, T=0.0",838,Assertion,Value mismatch; Incomplete test structure,"```python
def test_pushDominoes():
    solution = Solution()
    assert solution.pushDominoes(""RRLRRLL"") == ""RRRRLLL""","============================= test session starts =============================
platform win32 -- Python 3.12.10, pytest-8.4.2, pluggy-1.6.0 -- C:\Rep
... [TRUNCATED - showing end] ...
ted 1 item

test_generated.py::test_pushDominoes_line19 FAILED                       [100%]

================================== FAILURES ===================================
__________________________ test_pushDominoes_line19 ___________________________

    def test_pushDominoes_line19():
        solution = Solution()
>       assert solution.pushDominoes('RRLRRLL') == 'RRRRLLL'
E       AssertionError: assert 'RRLRRLL' == 'RRRRLLL'
E         
E         - RRRRLLL
E         ?       -
E         + RRLRRLL
E         ?   +

test_generated.py:38: AssertionError
=========================== short test summary info ===========================
FAILED test_generated.py::test_pushDominoes_line19 - AssertionError: assert '...
============================== 1 failed in 0.18s ==============================",IncorrectAssertion,Test asserts pushDominoes('RRLRRLL') == 'RRRRLLL' but correct answer is 'RRLRRLL'.,high,Incorrect expected value,
144,Ministral-3-3B-Instruct-2512,"One-Step, T=0.0",1627,Assertion,Value mismatch,"def test_areConnected():
    solution = Solution()
    queries = [[1, 2], [2, 3], [3, 4], [4, 5], [5, 6], [6, 7], [7, 8], [8, 9], [9, 10]]
    result = solution.areConnected(10, 2, queries)
    assert result == [False, False, False, False, False, False, True, True, True]","============================= test session starts =============================
platform win32 -- Python 3.12.10, pytest-8.4.2, pluggy-1.6.0 -- C:\Rep
... [TRUNCATED - showing end] ...
, 4], [4, 5], [5, 6], [6, 7], [7, 8], [8, 9], [9, 10]]
        result = solution.areConnected(10, 2, queries)
>       assert result == [False, False, False, False, False, False, True, True, True]
E       AssertionError: assert [False, False...e, False, ...] == [False, False...e, False, ...]
E         
E         At index 6 diff: False != True
E         
E         Full diff:
E           [
E               False,
E               False,...
E         
E         ...Full output truncated (11 lines hidden), use '-vv' to show

test_generated.py:40: AssertionError
=========================== short test summary info ===========================
FAILED test_generated.py::test_areConnected_line20 - AssertionError: assert [...
============================== 1 failed in 0.17s ==============================",IncorrectAssertion,Test asserts an incorrect array of boolean results for areConnected.,high,Incorrect expected value,
145,Ministral-3-3B-Instruct-2512,"One-Step, T=0.0",1615,Assertion,Value mismatch; Incomplete test structure,"```python
def test_maximalNetworkRank():
    solution = Solution()
    assert solution.maximalNetworkRank(4, [[0, 1], [0, 2], [1, 2], [1, 3]]) == 3","============================= test session starts =============================
platform win32 -- Python 3.12.10, pytest-8.4.2, pluggy-1.6.0 -- C:\Rep
... [TRUNCATED - showing end] ...
onError
_______________________ test_maximalNetworkRank_line24 ________________________

    def test_maximalNetworkRank_line24():
        solution = Solution()
>       assert solution.maximalNetworkRank(4, [[0, 1], [0, 2], [1, 2], [1, 3]]) == 3
E       assert 4 == 3
E        +  where 4 = maximalNetworkRank(4, [[0, 1], [0, 2], [1, 2], [1, 3]])
E        +    where maximalNetworkRank = <under_test.Solution object at 0x0000027384AD1F40>.maximalNetworkRank

test_generated.py:42: AssertionError
=========================== short test summary info ===========================
FAILED test_generated.py::test_maximalNetworkRank_line23 - assert 4 == 3
FAILED test_generated.py::test_maximalNetworkRank_line24 - assert 4 == 3
============================== 2 failed in 0.18s ==============================",IncorrectAssertion,Test asserts maximalNetworkRank(...) == 3 but correct answer is 4.,high,Incorrect expected value,
146,Ministral-3-3B-Instruct-2512,"One-Step, T=0.0",2747,Assertion,Value mismatch; Incomplete test structure,"```python
def test_countServers():
    solution = Solution()
    logs = [[1, 5], [2, 3], [3, 7]]
    queries = [4]
    assert solution.countServers(4, logs, 2, queries) == [2]","============================= test session starts =============================
platform win32 -- Python 3.12.10, pytest-8.4.2, pluggy-1.6.0 -- C:\Rep
... [TRUNCATED - showing end] ...
___________________ test_countServers_line36 ___________________________

    def test_countServers_line36():
        solution = Solution()
        logs = [[1, 5], [2, 3], [3, 7]]
        queries = [4]
>       assert solution.countServers(4, logs, 2, queries) == [2]
E       AssertionError: assert [3] == [2]
E         
E         At index 0 diff: 3 != 2
E         
E         Full diff:
E           [
E         -     2,
E         ?     ^...
E         
E         ...Full output truncated (3 lines hidden), use '-vv' to show

test_generated.py:40: AssertionError
=========================== short test summary info ===========================
FAILED test_generated.py::test_countServers_line36 - AssertionError: assert [...
============================== 1 failed in 0.16s ==============================",IncorrectAssertion,Test asserts countServers(...) == [2] but correct answer is [3].,high,Incorrect expected value,
147,Ministral-3-3B-Instruct-2512,"Two-Step, T=0.0",2901,Assertion,Value mismatch; Incomplete test structure,"```python
def test_getWordsInLongestSubsequence():
    solution = Solution()
    words = [""cat"", ""bat"", ""rat"", ""cot""]
    groups = [1, 1, 2, 1]
    assert solution.getWordsInLongestSubsequence(words, groups) == [""bat"", ""cat"", ""rat""]","============================= test session starts =============================
platform win32 -- Python 3.12.10, pytest-8.4.2, pluggy-1.6.0 -- C:\Rep
... [TRUNCATED - showing end] ...
        solution = Solution()
        words = ['cat', 'bat', 'rat', 'cot']
        groups = [1, 1, 2, 1]
>       assert solution.getWordsInLongestSubsequence(words, groups) == ['bat', 'cat', 'rat']
E       AssertionError: assert ['cat', 'rat'] == ['bat', 'cat', 'rat']
E         
E         At index 0 diff: 'cat' != 'bat'
E         Right contains one more item: 'rat'
E         
E         Full diff:
E           [
E         -     'bat',...
E         
E         ...Full output truncated (3 lines hidden), use '-vv' to show

test_generated.py:40: AssertionError
=========================== short test summary info ===========================
FAILED test_generated.py::test_getWordsInLongestSubsequence_line21 - Assertio...
============================== 1 failed in 0.17s ==============================",IncorrectAssertion,"Test asserts getWordsInLongestSubsequence(...) == ['bat', 'cat', 'rat'] but correct answer is ['cat', 'rat'].",high,Incorrect expected value,
148,Ministral-3-3B-Instruct-2512,"One-Step, T=0.0",2932,Runtime,Incomplete test structure,"```python
def test_maximumStrongPairXor(self):
    solution = Solution()
    nums = [1, 2, 3, 4]
    result = solution.maximumStrongPairXor(nums)
    assert result == 0","============================= test session starts =============================
platform win32 -- Python 3.12.10, pytest-8.4.2, pluggy-1.6.0 -- C:\Rep
... [TRUNCATED - showing end] ...
     fixture 'self' not found
>       available fixtures: anyio_backend, anyio_backend_name, anyio_backend_options, cache, capfd, capfdbinary, caplog, capsys, capsysbinary, capteesys, cov, doctest_namespace, free_tcp_port, free_tcp_port_factory, free_udp_port, free_udp_port_factory, monkeypatch, no_cover, pytestconfig, record_property, record_testsuite_property, record_xml_attribute, recwarn, tmp_path, tmp_path_factory, tmpdir, tmpdir_factory
>       use 'pytest --fixtures [testpath]' for help on them.

C:\Users\cbark\AppData\Local\Temp\eval_2932_yyeaa79v\test_generated.py:36
=========================== short test summary info ===========================
ERROR test_generated.py::test_maximumStrongPairXor_line28
============================== 1 error in 0.07s ===============================",SemanticMisunderstanding,Test function is defined with a 'self' parameter which Pytest incorrectly tries to resolve as a fixture.,low,pytest self fixture,
149,Ministral-3-3B-Instruct-2512,"Two-Step, T=0.0",648,Runtime,Possible API hallucination; Incomplete test structure,"```python
def test_replaceWords():
    solution = Solution()
    solution.replaceWords([""cat"", ""bat""], ""dog cat bat"")
    assert solution.replaceWords([""cat"", ""bat""], [""dog"", ""cat"", ""bat""]) == [""dog"", ""cat"", ""bat""]
```

Wait, let me correct the test case to properly test the `replaceWords` method's behavior with the given conditions. Here's the accurate test case:

```python
def test_replaceWords():
    solution = Solution()
    solution.replaceWords([""cat"", ""bat""], ""dog cat bat"")
    result = solution.replaceWords([""cat"", ""bat""], [""dog"", ""bat"", ""cat""])
    assert result == [""dog"", ""bat"", ""cat""]
```

Actually, let me refine it further to directly test the `search` method's behavior where line 29 executes:

```python
def test_replaceWords_li
... [TRUNCATED] ...
e():
    solution = Solution()

    # Insert dictionary words
    solution.insert(""apple"")
    solution.insert(""app"")
    solution.insert(""banana"")

    # Test cases
    assert solution.replaceWords([""apple"", ""app"", ""banana""], ""apples bananas apple"") == [""apple"", ""banana"", ""apple""]
    assert solution.replaceWords([""apple"", ""app"", ""banana""], ""banana app"") == [""banana"", ""app""]
    assert solution.replaceWords([""apple"", ""app"", ""banana""], ""xyz banana"") == [""xyz"", ""banana""]  # 'xyz' triggers line 29","============================= test session starts =============================
platform win32 -- Python 3.12.10, pytest-8.4.2, pluggy-1.6.0 -- C:\Rep
... [TRUNCATED - showing end] ...
^^^^^^^^^^^^^^^^^^^^^^^^^^^^^^^^^^^^^^^^^

test_generated.py:39: 
_ _ _ _ _ _ _ _ _ _ _ _ _ _ _ _ _ _ _ _ _ _ _ _ _ _ _ _ _ _ _ _ _ _ _ _ _ _ _ _

self = <under_test.Solution object at 0x000001A2EC5FB9B0>
dictionary = ['cat', 'bat'], sentence = ['dog', 'cat', 'bat']

    def replaceWords(self, dictionary: List[str], sentence: str) -> str:
      for word in dictionary:
        self.insert(word)
    
>     words = sentence.split(' ')
              ^^^^^^^^^^^^^^
E     AttributeError: 'list' object has no attribute 'split'

under_test.py:48: AttributeError
=========================== short test summary info ===========================
FAILED test_generated.py::test_replaceWords_line19 - AttributeError: 'list' o...
============================== 1 failed in 0.18s ==============================",SemanticMisunderstanding,"Test passes a list of words instead of a space-separated string for the sentence argument, causing an AttributeError on split.",near,,
150,Ministral-3-3B-Instruct-2512,"Two-Step, T=0.0",1719,Runtime,Possible API hallucination; Incomplete test structure,"```python
def test_checkWays():
    solution = Solution()
    # Test case forming a tree with a node having the same degree as its parent
    pairs = [
        [0, 1],
        [1, 2],
        [2, 3],
        [3, 4],
        [4, 5],
        [5, 6],
        [6, 7],
        [7, 0]  # Creates a cycle, but this violates the tree requirement
    ]
    # Corrected version: A diamond-shaped tree where two nodes share the same degree as their parents
    pairs = [
        [0, 1],
        [0, 2],
        [1, 3],
        [2, 4],
        [3, 5],
        [4, 5]
    ]
    # Simplified diamond tree: central node 0 connected to 1 and 2, with 1 and 2 each connected to a leaf
    pairs = [
        [0, 1],
        [0, 2],
        [1, 3],
        [2, 4]
    ]

... [TRUNCATED] ...
. Let's stick with the simplest valid test case:
    pairs = [
        [0, 1],
        [0, 2],
        [1, 3],
        [2, 3]
    ]
    assert solution.checkWays(pairs) == 2
```

Here's the correct and simplest test case:

```python
def test_checkWays():
    solution = Solution()
    # Test case forming a tree where two nodes have the same degree as their parent during DFS
    pairs = [
        [0, 1],
        [0, 2],
        [1, 3],
        [2, 3]
    ]
    assert solution.checkWays(pairs) == 2","============================= test session starts =============================
platform win32 -- Python 3.12.10, pytest-8.4.2, pluggy-1.6.0 -- C:\Rep
... [TRUNCATED - showing end] ...
]]
        pairs = [[0, 1], [0, 2], [1, 3], [1, 4], [2, 5], [3, 6], [4, 6]]
        pairs = [[0, 1], [0, 2], [1, 3], [2, 3]]
        pairs = [[0, 1], [0, 2], [1, 3], [1, 4], [2, 5], [3, 5], [4, 5]]
        pairs = [[0, 1], [0, 2], [1, 3], [1, 4], [2, 5]]
        pairs = [[0, 1], [0, 2], [1, 3], [1, 4], [2, 3]]
        pairs = [[0, 1], [0, 2], [1, 3], [2, 3]]
>       solution.assertEqual(solution.checkWays(pairs), 2)
        ^^^^^^^^^^^^^^^^^^^^
E       AttributeError: 'Solution' object has no attribute 'assertEqual'

test_generated.py:51: AttributeError
=========================== short test summary info ===========================
FAILED test_generated.py::test_checkWays_line31 - AttributeError: 'Solution' ...
============================== 1 failed in 0.18s ==============================",APIHallucination,Test calls solution.assertEqual instead of using the built-in assert statement or self.assertEqual.,high,,
151,Ministral-3-3B-Instruct-2512,"One-Step, T=0.0",2851,Runtime,Incomplete test structure,"```python
def test_numberOfWays(self):
    solution = Solution()
    assert solution.numberOfWays(""abcde"", ""abcde"", ""2"") == 2","============================= test session starts =============================
platform win32 -- Python 3.12.10, pytest-8.4.2, pluggy-1.6.0 -- C:\Rep
... [TRUNCATED - showing end] ...
lf):
E       fixture 'self' not found
>       available fixtures: anyio_backend, anyio_backend_name, anyio_backend_options, cache, capfd, capfdbinary, caplog, capsys, capsysbinary, capteesys, cov, doctest_namespace, free_tcp_port, free_tcp_port_factory, free_udp_port, free_udp_port_factory, monkeypatch, no_cover, pytestconfig, record_property, record_testsuite_property, record_xml_attribute, recwarn, tmp_path, tmp_path_factory, tmpdir, tmpdir_factory
>       use 'pytest --fixtures [testpath]' for help on them.

C:\Users\cbark\AppData\Local\Temp\eval_2851_0oob85mq\test_generated.py:36
=========================== short test summary info ===========================
ERROR test_generated.py::test_numberOfWays_line25
============================== 1 error in 0.07s ===============================",SemanticMisunderstanding,Test function is defined with a 'self' parameter which Pytest incorrectly tries to resolve as a fixture.,low,pytest self fixture,
152,Ministral-3-3B-Instruct-2512,"One-Step, T=0.0",1489,Runtime,Incomplete test structure,"```python
def test_findCriticalAndPseudoCriticalEdges(self):
    solution = Solution()
    edges = [
        [0, 1, 1],
        [1, 2, 2],
        [2, 3, 3],
        [0, 3, 4],
        [1, 3, 5]
    ]
    result = solution.findCriticalAndPseudoCriticalEdges(4, edges)
    assert result == [[1, 3], [0]]","============================= test session starts =============================
platform win32 -- Python 3.12.10, pytest-8.4.2, pluggy-1.6.0 -- C:\Rep
... [TRUNCATED - showing end] ...
self' not found
>       available fixtures: anyio_backend, anyio_backend_name, anyio_backend_options, cache, capfd, capfdbinary, caplog, capsys, capsysbinary, capteesys, cov, doctest_namespace, free_tcp_port, free_tcp_port_factory, free_udp_port, free_udp_port_factory, monkeypatch, no_cover, pytestconfig, record_property, record_testsuite_property, record_xml_attribute, recwarn, tmp_path, tmp_path_factory, tmpdir, tmpdir_factory
>       use 'pytest --fixtures [testpath]' for help on them.

C:\Users\cbark\AppData\Local\Temp\eval_1489_av5fjsab\test_generated.py:36
=========================== short test summary info ===========================
ERROR test_generated.py::test_findCriticalAndPseudoCriticalEdges_line20
============================== 1 error in 0.08s ===============================",SemanticMisunderstanding,Test function is defined with a 'self' parameter which Pytest incorrectly tries to resolve as a fixture.,low,pytest self fixture,
153,Ministral-3-3B-Instruct-2512,"One-Step, T=0.0",1786,Runtime,Incomplete test structure,"```python
def test_count_restricted_paths_modulo_collision(self):
    solution = Solution()
    edges = [[1, 2, 1], [2, 3, 1], [3, 4, 1]]
    result = solution.countRestrictedPaths(4, edges)
    assert result == 1","============================= test session starts =============================
platform win32 -- Python 3.12.10, pytest-8.4.2, pluggy-1.6.0 -- C:\Rep
... [TRUNCATED - showing end] ...
 not found
>       available fixtures: anyio_backend, anyio_backend_name, anyio_backend_options, cache, capfd, capfdbinary, caplog, capsys, capsysbinary, capteesys, cov, doctest_namespace, free_tcp_port, free_tcp_port_factory, free_udp_port, free_udp_port_factory, monkeypatch, no_cover, pytestconfig, record_property, record_testsuite_property, record_xml_attribute, recwarn, tmp_path, tmp_path_factory, tmpdir, tmpdir_factory
>       use 'pytest --fixtures [testpath]' for help on them.

C:\Users\cbark\AppData\Local\Temp\eval_1786_q7ud8oup\test_generated.py:36
=========================== short test summary info ===========================
ERROR test_generated.py::test_count_restricted_paths_modulo_collision_line33
============================== 1 error in 0.07s ===============================",SemanticMisunderstanding,Test function is defined with a 'self' parameter which Pytest incorrectly tries to resolve as a fixture.,low,pytest self fixture,
154,Ministral-3-3B-Instruct-2512,"One-Step, T=0.0",3029,Runtime,Needs manual review,"def test_minimumTimeToInitialState():
    solution = Solution()
    assert solution.minimumTimeToInitialState(""abcd"", 2) == 2","============================= test session starts =============================
platform win32 -- Python 3.12.10, pytest-8.4.2, pluggy-1.6.0 -- C:\Rep
... [TRUNCATED - showing end] ...
ure 'self' not found
>       available fixtures: anyio_backend, anyio_backend_name, anyio_backend_options, cache, capfd, capfdbinary, caplog, capsys, capsysbinary, capteesys, cov, doctest_namespace, free_tcp_port, free_tcp_port_factory, free_udp_port, free_udp_port_factory, monkeypatch, no_cover, pytestconfig, record_property, record_testsuite_property, record_xml_attribute, recwarn, tmp_path, tmp_path_factory, tmpdir, tmpdir_factory
>       use 'pytest --fixtures [testpath]' for help on them.

C:\Users\cbark\AppData\Local\Temp\eval_3029_i2pcm5vp\test_generated.py:40
=========================== short test summary info ===========================
ERROR test_generated.py::test_minimumPeriodicTransformation_line34
========================= 1 passed, 1 error in 0.07s ==========================",SemanticMisunderstanding,Test function is defined with a 'self' parameter which Pytest incorrectly tries to resolve as a fixture.,low,pytest self fixture,
155,Ministral-3-3B-Instruct-2512,"One-Step, T=0.0",1591,Runtime,Possible API hallucination; Incomplete test structure,"```python
def test_isPrintable():
    solution = Solution()
    assert not solution.isPrintOverlappingColors([[1, 2], [3, 4]])","============================= test session starts =============================
platform win32 -- Python 3.12.10, pytest-8.4.2, pluggy-1.6.0 -- C:\Rep
... [TRUNCATED - showing end] ...
tem

test_generated.py::test_isPrintable_line36 FAILED                        [100%]

================================== FAILURES ===================================
___________________________ test_isPrintable_line36 ___________________________

    def test_isPrintable_line36():
        solution = Solution()
>       assert not solution.isPrintOverlappingColors([[1, 2], [3, 4]])
                   ^^^^^^^^^^^^^^^^^^^^^^^^^^^^^^^^^
E       AttributeError: 'Solution' object has no attribute 'isPrintOverlappingColors'

test_generated.py:38: AttributeError
=========================== short test summary info ===========================
FAILED test_generated.py::test_isPrintable_line36 - AttributeError: 'Solution...
============================== 1 failed in 0.16s ==============================",APIHallucination,Test calls a hallucinated method isPrintOverlappingColors() instead of the correct isPrintable().,near,,
156,Ministral-3-3B-Instruct-2512,"One-Step, T=0.0",685,Runtime,Type mismatch; Incomplete test structure,"```python
def test_findRedundantDirectedConnection():
    solution = Solution()
    assert solution.findRedundantDirectedConnection([1, 2, 3, 4, 5, 6, 7, 8, 9, 10, 11, 12, 13, 14, 15, 16, 17, 18, 19, 20, 21, 22, 23, 24, 25, 26, 27, 28, 1, 28, 27]) == [28, 27]","============================= test session starts =============================
platform win32 -- Python 3.12.10, pytest-8.4.2, pluggy-1.6.0 -- C:\Rep
... [TRUNCATED - showing end] ...
^^^^^^^^^^^^^^^^^^^^^^^^^^^^^^^^^^^^^^^^^^^^^^^^^^^^^^^^^^^^^^^^^^^^^^^^^^^^^^^^^^^^^^

test_generated.py:38: 
_ _ _ _ _ _ _ _ _ _ _ _ _ _ _ _ _ _ _ _ _ _ _ _ _ _ _ _ _ _ _ _ _ _ _ _ _ _ _ _

self = <under_test.Solution object at 0x0000024F25823F50>
edges = [1, 2, 3, 4, 5, 6, ...]

    def findRedundantDirectedConnection(self, edges: List[List[int]]) -> List[int]:
      ids = [0] * (len(edges) + 1)
      nodeWithTwoParents = 0
    
>     for _, v in edges:
          ^^^^
E     TypeError: cannot unpack non-iterable int object

under_test.py:52: TypeError
=========================== short test summary info ===========================
FAILED test_generated.py::test_findRedundantDirectedConnection_line20 - TypeE...
============================== 1 failed in 0.16s ==============================",SemanticMisunderstanding,"Test provides a flat list of integers instead of a list of pairs for the edges argument, causing an unpacking error.",near,,
157,Ministral-3-3B-Instruct-2512,"Two-Step, T=0.0",1583,Runtime,Key not found; Incomplete test structure,"```python
def test_unhappyFriends():
    solution = Solution()
    preferences = [
        [1, 2, 3],
        [0, 3, 2],
        [0, 1, 2],
        [0, 1, 2]
    ]
    pairs = [[0, 1], [2, 3]]
    assert solution.unhappyFriends(4, preferences, pairs) == 1
```

Alternative test case:
```python
def test_unhappyFriends_alternative():
    solution = Solution()
    preferences = [
        [1, 2, 3],
        [0, 3, 2],
        [1, 0, 2],
        [0, 1, 2]
    ]
    pairs = [[0, 1], [2, 3]]
    assert solution.unhappyFriends(4, 4, pairs) == 1","============================= test session starts =============================
platform win32 -- Python 3.12.10, pytest-8.4.2, pluggy-1.6.0 -- C:\Rep
... [TRUNCATED - showing end] ...
 2], [0, 1, 2]]
        pairs = [[0, 1], [2, 3]]
>       assert solution.unhappyFriends(4, preferences, pairs) == 1
               ^^^^^^^^^^^^^^^^^^^^^^^^^^^^^^^^^^^^^^^^^^^^^^

test_generated.py:40: 
_ _ _ _ _ _ _ _ _ _ _ _ _ _ _ _ _ _ _ _ _ _ _ _ _ _ _ _ _ _ _ _ _ _ _ _ _ _ _
... [TRUNCATED] ...
     for x in range(n):
        for u in prefer[x].keys():
          y = matches[x]
          v = matches[u]
>         if prefer[x][u] < prefer[x][y] and prefer[u][x] < prefer[u][v]:
                            ^^^^^^^^^^^^
E         KeyError: 3

under_test.py:40: KeyError
=========================== short test summary info ===========================
FAILED test_generated.py::test_unhappyFriends_line30 - KeyError: 3
============================== 1 failed in 0.18s ==============================",SemanticMisunderstanding,"Test provides a preferences array where node 1 prefers itself, causing a KeyError.",near,unhappyFriends preferences self-loop,
158,Ministral-3-3B-Reasoning-2512,"One-Step, T=0.0",407,Assertion,Value mismatch,"def test_trapRainWater():
    solution = Solution()
    heightMap = [
        [3, 0, 3, 4, 3],
        [3, 2, 1, 2, 3],
        [3, 2, 0, 2, 3],
        [3, 2, 2, 2, 3]
    ]
    assert solution.trapRainWater(heightMap) == 10","============================= test session starts =============================
platform win32 -- Python 3.12.10, pytest-8.4.2, pluggy-1.6.0 -- C:\Rep
... [TRUNCATED - showing end] ...
===========
__________________________ test_trapRainWater_line38 __________________________

    def test_trapRainWater_line38():
        solution = Solution()
        heightMap = [[3, 0, 3, 4, 3], [3, 2, 1, 2, 3], [3, 2, 0, 2, 3], [3, 2, 2, 2, 3]]
>       assert solution.trapRainWater(heightMap) == 10
E       assert 3 == 10
E        +  where 3 = trapRainWater([[3, 0, 3, 4, 3], [3, 2, 1, 2, 3], [3, 2, 0, 2, 3], [3, 2, 2, 2, 3]])
E        +    where trapRainWater = <under_test.Solution object at 0x0000024FBD48A120>.trapRainWater

test_generated.py:39: AssertionError
=========================== short test summary info ===========================
FAILED test_generated.py::test_trapRainWater_line38 - assert 3 == 10
============================== 1 failed in 0.18s ==============================",IncorrectAssertion,Test asserts trapRainWater(...) == 10 but correct answer is 3.,high,Incorrect expected value,
159,Ministral-3-3B-Reasoning-2512,"Two-Step, T=0.0",15,Assertion,Value mismatch,"def test_threeSum():
    solution = Solution()
    assert solution.threeSum([-1, 0, 1, 2, -1, -4]) == [[-1, -1, 2], [-1, 0, 1]]","============================= test session starts =============================
platform win32 -- Python 3.12.10, pytest-8.4.2, pluggy-1.6.0 -- C:\Rep
... [TRUNCATED - showing end] ...
___ test_threeSum_line14 _____________________________

    def test_threeSum_line14():
        solution = Solution()
>       assert solution.threeSum([-1, 0, 1, 2, -1, -4]) == [[-1, -1, 2], [-1, 0, 1]]
E       AssertionError: assert [(-1, -1, 2), (-1, 0, 1)] == [[-1, -1, 2], [-1, 0, 1]]
E         
E         At index 0 diff: (-1, -1, 2) != [-1, -1, 2]
E         
E         Full diff:
E           [
E         -     [
E         ?     ^...
E         
E         ...Full output truncated (21 lines hidden), use '-vv' to show

test_generated.py:38: AssertionError
=========================== short test summary info ===========================
FAILED test_generated.py::test_threeSum_line14 - AssertionError: assert [(-1,...
============================== 1 failed in 0.23s ==============================",IncorrectAssertion,Test asserts threeSum(...) returns a list of lists but the function returns a list of tuples.,high,list vs tuple return mismatch,
160,Ministral-3-3B-Reasoning-2512,"One-Step, T=0.0",2932,Assertion,Value mismatch,"def test_maximumStrongPairXor():
    solution = Solution()
    nums = [1, 2, 3]
    assert solution.maximumStrongPairXor(nums) == 2","============================= test session starts =============================
platform win32 -- Python 3.12.10, pytest-8.4.2, pluggy-1.6.0 -- C:\Rep
... [TRUNCATED - showing end] ...
URES ===================================
______________________ test_maximumStrongPairXor_line28 _______________________

    def test_maximumStrongPairXor_line28():
        solution = Solution()
        nums = [1, 2, 3]
>       assert solution.maximumStrongPairXor(nums) == 2
E 
... [TRUNCATED] ...
irXor

test_generated.py:54: AssertionError
=========================== short test summary info ===========================
FAILED test_generated.py::test_maximumStrongPairXor_line28 - assert 3 == 2
FAILED test_generated.py::test_maximumStrongPairX0_line40 - assert 3 == 2
FAILED test_generated.py::test_maximumStrongPairX0_line41 - assert 3 == 2
FAILED test_generated.py::test_maximumStrongPairX0_line43 - assert 3 == 2
============================== 4 failed in 0.18s ==============================",IncorrectAssertion,"Test asserts maximumStrongPairXor([1, 2, 3]) == 2 but correct answer is 3.",high,Incorrect expected value,
161,Ministral-3-3B-Reasoning-2512,"Two-Step, T=0.0",2059,Assertion,Value mismatch,"def test_minimumOperations():
    solution = Solution()
    assert solution.minimumOperations([1, 2, 3], 0, 1) == 2","============================= test session starts =============================
platform win32 -- Python 3.12.10, pytest-8.4.2, pluggy-1.6.0 -- C:\Rep
... [TRUNCATED - showing end] ...
rations_line24 FAILED                  [100%]

================================== FAILURES ===================================
________________________ test_minimumOperations_line24 ________________________

    def test_minimumOperations_line24():
        solution = Solution()
>       assert solution.minimumOperations([1, 2, 3], 0, 1) == 2
E       assert 1 == 2
E        +  where 1 = minimumOperations([1, 2, 3], 0, 1)
E        +    where minimumOperations = <under_test.Solution object at 0x0000020CE6E5BE00>.minimumOperations

test_generated.py:38: AssertionError
=========================== short test summary info ===========================
FAILED test_generated.py::test_minimumOperations_line24 - assert 1 == 2
============================== 1 failed in 0.15s ==============================",IncorrectAssertion,"Test asserts minimumOperations([1, 2, 3], 0, 1) == 2 but correct answer is 1.",high,Incorrect expected value,
162,Ministral-3-3B-Reasoning-2512,"One-Step, T=0.0",952,Assertion,Needs manual review,"def test_largestComponentSize():
    solution = Solution()
    nums = [2, 3, 4, 5, 6, 7, 8, 9, 10]
    assert solution.largestComponentSize(nums) == 4","============================= test session starts =============================
platform win32 -- Python 3.12.10, pytest-8.4.2, pluggy-1.6.0 -- C:\Rep
... [TRUNCATED - showing end] ...
ize_line27 FAILED               [ 83%]
test_generated.py::test_largestComponentSize_line31 FAILED               [100%]

================================== FAILURES ===================================
______________________ test_largestComponentSize_line20 _______________________
... [TRUNCATED] ...
t_largestComponentSize_line20 - assert 8 == 4
FAILED test_generated.py::test_largestComponentSize_line22 - assert 8 == 4
FAILED test_generated.py::test_largestComponentSize_line24 - assert 8 == 4
FAILED test_generated.py::test_largestComponentSize_line26 - assert 8 == 4
FAILED test_generated.py::test_largestComponentSize_line27 - assert 8 == 4
FAILED test_generated.py::test_largestComponentSize_line31 - assert 8 == 4
============================== 6 failed in 0.21s ==============================",IncorrectAssertion,Test asserts largestComponentSize(...) == 4 but correct answer is 8.,high,Incorrect expected value,
163,Ministral-3-3B-Reasoning-2512,"Two-Step, T=0.0",1627,Assertion,Value mismatch,"def test_areConnected():
    solution = Solution()
    assert solution.areConnected(5, 1, [[1, 2], [2, 3], [3, 4], [4, 5]]) == [True, True, True, True]","============================= test session starts =============================
platform win32 -- Python 3.12.10, pytest-8.4.2, pluggy-1.6.0 -- C:\Rep
... [TRUNCATED - showing end] ...
line20 ___________________________

    def test_areConnected_line20():
        solution = Solution()
>       assert solution.areConnected(5, 1, [[1, 2], [2, 3], [3, 4], [4, 5]]) == [True, True, True, True]
E       AssertionError: assert [False, False, False, False] == [True, True, True, True]
E         
E         At index 0 diff: False != True
E         
E         Full diff:
E           [
E         -     True,
E         -     True,...
E         
E         ...Full output truncated (7 lines hidden), use '-vv' to show

test_generated.py:38: AssertionError
=========================== short test summary info ===========================
FAILED test_generated.py::test_areConnected_line20 - AssertionError: assert [...
============================== 1 failed in 0.19s ==============================",IncorrectAssertion,Test asserts an incorrect expected list of boolean results for areConnected.,high,Incorrect expected value,
164,Ministral-3-3B-Reasoning-2512,"One-Step, T=0.0",990,Assertion,Value mismatch,"def test_equationsPossible():
    solution=Solution()
    assert solution.equationsPossible([""a==b"",""b==c"",""c!=d""]) == False","============================= test session starts =============================
platform win32 -- Python 3.12.10, pytest-8.4.2, pluggy-1.6.0 -- C:\Rep
... [TRUNCATED - showing end] ...
======================== FAILURES ===================================
________________________ test_equationsPossible_line20 ________________________

    def test_equationsPossible_line20():
        solution = Solution()
>       assert solution.equationsPossible(['a==b', 'b==c', 'c!=d']) == False
E       AssertionError: assert True == False
E        +  where True = equationsPossible(['a==b', 'b==c', 'c!=d'])
E        +    where equationsPossible = <under_test.Solution object at 0x0000021C9C22CD10>.equationsPossible

test_generated.py:38: AssertionError
=========================== short test summary info ===========================
FAILED test_generated.py::test_equationsPossible_line20 - AssertionError: ass...
============================== 1 failed in 0.19s ==============================",IncorrectAssertion,"Test asserts equationsPossible(['a==b', 'b==c', 'c!=d']) == False but correct answer is True.",high,Incorrect expected value,
165,Ministral-3-3B-Reasoning-2512,"Two-Step, T=0.0",913,Assertion,Value mismatch,"def test_catMouseGame():
    solution = Solution()
    assert solution.catMouseGame([[0,1,2],[1,2,0],[2,0,1]]) == 0","============================= test session starts =============================
platform win32 -- Python 3.12.10, pytest-8.4.2, pluggy-1.6.0 -- C:\Rep
... [TRUNCATED - showing end] ...
e42 FAILED                       [100%]

================================== FAILURES ===================================
__________________________ test_catMouseGame_line42 ___________________________

    def test_catMouseGame_line42():
        solution = Solution()
>       assert solution.catMouseGame([[0, 1, 2], [1, 2, 0], [2, 0, 1]]) == 0
E       assert 1 == 0
E        +  where 1 = catMouseGame([[0, 1, 2], [1, 2, 0], [2, 0, 1]])
E        +    where catMouseGame = <under_test.Solution object at 0x000001D0D0C4D430>.catMouseGame

test_generated.py:38: AssertionError
=========================== short test summary info ===========================
FAILED test_generated.py::test_catMouseGame_line42 - assert 1 == 0
============================== 1 failed in 0.15s ==============================",IncorrectAssertion,Test asserts catMouseGame(...) == 0 but correct answer is 1.,high,Incorrect expected value,
166,Ministral-3-3B-Reasoning-2512,"One-Step, T=0.0",2245,Assertion,Value mismatch,"def test_maxTrailingZeros():
    solution=Solution()
    grid=[[2,3,5],[6,7,11],[10,15,25]]
    assert solution.maxTrailingZeros(grid)==2","============================= test session starts =============================
platform win32 -- Python 3.12.10, pytest-8.4.2, pluggy-1.6.0 -- C:\Rep
... [TRUNCATED - showing end] ...
======================= FAILURES ===================================
________________________ test_maxTrailingZeros_line32 _________________________

    def test_maxTrailingZeros_line32():
        solution = Solution()
        grid = [[2, 3, 5], [6, 7, 11], [10, 15, 25]]
>       assert solution.maxTrailingZeros(grid) == 2
E       assert 3 == 2
E        +  where 3 = maxTrailingZeros([[2, 3, 5], [6, 7, 11], [10, 15, 25]])
E        +    where maxTrailingZeros = <under_test.Solution object at 0x00000237991C1010>.maxTrailingZeros

test_generated.py:39: AssertionError
=========================== short test summary info ===========================
FAILED test_generated.py::test_maxTrailingZeros_line32 - assert 3 == 2
============================== 1 failed in 0.18s ==============================",IncorrectAssertion,Test asserts maxTrailingZeros(...) == 2 but correct answer is 3.,high,Incorrect expected value,
167,Ministral-3-3B-Reasoning-2512,"Two-Step, T=0.0",2290,Assertion,Value mismatch,"def test_minimumObstacles():
    solution = Solution()
    assert solution.minimumObstacles([[1, 2, 3], [4, 5, 6], [7, 8, 9]]) == 25","============================= test session starts =============================
platform win32 -- Python 3.12.10, pytest-8.4.2, pluggy-1.6.0 -- C:\Rep
... [TRUNCATED - showing end] ...
   [100%]

================================== FAILURES ===================================
________________________ test_minimumObstacles_line23 _________________________

    def test_minimumObstacles_line23():
        solution = Solution()
>       assert solution.minimumObstacles([[1, 2, 3], [4, 5, 6], [7, 8, 9]]) == 25
E       assert 13 == 25
E        +  where 13 = minimumObstacles([[1, 2, 3], [4, 5, 6], [7, 8, 9]])
E        +    where minimumObstacles = <under_test.Solution object at 0x00000258E3BABC20>.minimumObstacles

test_generated.py:38: AssertionError
=========================== short test summary info ===========================
FAILED test_generated.py::test_minimumObstacles_line23 - assert 13 == 25
============================== 1 failed in 0.18s ==============================",IncorrectAssertion,Test asserts minimumObstacles(...) == 25 but correct answer is 13.,high,Incorrect expected value,
168,Ministral-3-3B-Reasoning-2512,"Two-Step, T=0.0",2672,Runtime,Index out of bounds,"def test_colorTheArray():
    solution = Solution()
    assert solution.colorTheArray(5, [[1, 1], [2, 2], [3, 3], [4, 4], [5, 5]]) == [0, 0, 0, 0, 0]","============================= test session starts =============================
platform win32 -- Python 3.12.10, pytest-8.4.2, pluggy-1.6.0 -- C:\Rep
... [TRUNCATED - showing end] ...
[3, 3], [4, 4], [5, 5]]

    def colorTheArray(self, n: int, queries: List[List[int]]) -> List[int]:
      ans = []
      arr = [0] * n
      sameColors = 0
    
      for i, color in queries:
        if i + 1 < n:
          if arr[i + 1] > 0 and arr[i + 1] == arr[i]:
            sameColors -= 1
          if arr[i + 1] == color:
            sameColors += 1
        if i > 0:
>         if arr[i - 1] > 0 and arr[i - 1] == arr[i]:
                                              ^^^^^^
E         IndexError: list index out of range

under_test.py:35: IndexError
=========================== short test summary info ===========================
FAILED test_generated.py::test_colorTheArray_line19 - IndexError: list index ...
============================== 1 failed in 0.18s ==============================",SemanticMisunderstanding,Test provides a query color loop where arr indexing with i-1 and i+1 accesses values outside the allowed index range.,near,,
169,Ministral-3-3B-Reasoning-2512,"Two-Step, T=0.0",990,Runtime,Needs manual review,"def test_equationsPossible():
    solution = Solution()
    assert solution.equationsPossible([""a=b"", ""b=c""]) == True","============================= test session starts =============================
platform win32 -- Python 3.12.10, pytest-8.4.2, pluggy-1.6.0 -- C:\Rep
... [TRUNCATED - showing end] ...
      assert solution.equationsPossible(['a=b', 'b=c']) == True
               ^^^^^^^^^^^^^^^^^^^^^^^^^^^^^^^^^^^^^^^^^^

test_generated.py:38: 
_ _ _ _ _ _ _ _ _ _ _ _ _ _ _ _ _ _ _ _ _ _ _ _ _ _ _ _ _ _ _ _ _ _ _ _ _ _ _ _

self = <under_test.Solution object at 0x0000019F9A9BBE90>
equations = ['a=b', 'b=c']

    def equationsPossible(self, equations: List[str]) -> bool:
      uf = UnionFind(26)
    
>     for x, op, _, y in equations:
          ^^^^^^^^^^^
E     ValueError: not enough values to unpack (expected 4, got 3)

under_test.py:39: ValueError
=========================== short test summary info ===========================
FAILED test_generated.py::test_equationsPossible_line20 - ValueError: not eno...
============================== 1 failed in 0.20s ==============================",SemanticMisunderstanding,"Test provides equations like ""a=b"" instead of ""a==b"" or ""a!=b"", causing a ValueError upon unpacking to 4 characters.",near,equations string length,
170,Ministral-3-3B-Reasoning-2512,"Two-Step, T=0.0",2437,Runtime,Index out of bounds,"def test_countTime():
    solution = Solution()
    assert solution.countTime(""2?00"") == 4","============================= test session starts =============================
platform win32 -- Python 3.12.10, pytest-8.4.2, pluggy-1.6.0 -- C:\Rep
... [TRUNCATED - showing end] ...
____________

    def test_countTime_line15():
        solution = Solution()
>       assert solution.countTime('2?00') == 4
               ^^^^^^^^^^^^^^^^^^^^^^^^^^

test_generated.py:38: 
_ _ _ _ _ _ _ _ _ _ _ _ _ _ _ _ _ _ _ _ _ _ _ _ _ _ _ _ _ _ _ _ _ _ _ _ _ _ _ _

self = <under_test.Solution object at 0x0000014E5DB9DCA0>, time = '2?00'

    def countTime(self, time: str) -> int:
      ans = 1
      if time[3] == '?':
        ans *= 6
>     if time[4] == '?':
         ^^^^^^^
E     IndexError: string index out of range

under_test.py:27: IndexError
=========================== short test summary info ===========================
FAILED test_generated.py::test_countTime_line15 - IndexError: string index ou...
============================== 1 failed in 0.19s ==============================",SemanticMisunderstanding,"Test provides a time string of length 4 (""2?00"") instead of the expected length 5 format (""HH:MM""), causing an IndexError.",near,countTime string length,
171,Ministral-3-3B-Reasoning-2512,"One-Step, T=0.0",1263,Runtime,Needs manual review,"def test_minPushBox():
    solution=Solution()
    grid = [
        ['.', '.', '.', '.', '.'],
        ['.', 'B', '.', '.', '.'],
        ['.', '.', '.', '.', '.'],
        ['.', '.', '.', '.', 'T'],
        ['.', '.', '.', '.', '.']
    ]
    assert solution.minPushBox(grid) == 2","============================= test session starts =============================
platform win32 -- Python 3.12.10, pytest-8.4.2, pluggy-1.6.0 -- C:\Rep
... [TRUNCATED - showing end] ...
hBox_line17 ____________________________

    def test_minPushBox_line17():
        solution = Solution()
        grid = [['.', '.', '.', '.', '.'], ['.', 'B', '.', '.', '.'], ['.', '.', '.', '.', '.'], ['.', '.', '.', '.', 'T'], ['.', '.', '.', '.', '.']]
>       assert solutio
... [TRUNCATED] ...
al variable 'person' where it is not associated with a value

under_test.py:51: UnboundLocalError
=========================== short test summary info ===========================
FAILED test_generated.py::test_minPushBox_line17 - UnboundLocalError: cannot ...
FAILED test_generated.py::test_minPushBox_line19 - UnboundLocalError: cannot ...
FAILED test_generated.py::test_minPushBox_line21 - UnboundLocalError: cannot ...
============================== 3 failed in 0.19s ==============================",SemanticMisunderstanding,"Test provides a grid that is missing the person ('S'), causing an UnboundLocalError in the source code.",near,,
172,Ministral-3-3B-Reasoning-2512,"One-Step, T=0.0",2836,Runtime,Index out of bounds,"def test_getMaxFunctionValue():
    solution = Solution()
    receiver = [1, 2, 3, 4, 5]
    k = 3
    assert solution.getMaxFunctionValue(receiver, k) == 15","============================= test session starts =============================
platform win32 -- Python 3.12.10, pytest-8.4.2, pluggy-1.6.0 -- C:\Rep
... [TRUNCATED - showing end] ...
MaxFunctionValue(self, receiver: List[int], k: int) -> int:
      n = len(receiver)
      m = int(math.log2(k)) + 1
      ans = 0
      jump = [[0] * m for _ in range(n)]
      summ = [[0] * m for _ in range(n)]
    
      for i in range(n):
        jump[i][0] = receiver[i]
        summ[i][0] = receiver[i]
    
      for j in range(1, m):
        for i in range(n):
          midNode = jump[i][j - 1]
>         jump[i][j] = jump[midNode][j - 1]
                       ^^^^^^^^^^^^^
E         IndexError: list index out of range

under_test.py:37: IndexError
=========================== short test summary info ===========================
FAILED test_generated.py::test_getMaxFunctionValue_line34 - IndexError: list ...
============================== 1 failed in 0.17s ==============================",SemanticMisunderstanding,"Test provides a receiver array containing value 5, which is out of bounds for an array of size 5, causing an IndexError.",near,getMaxFunctionValue out of bounds,
173,Ministral-3-3B-Reasoning-2512,"Two-Step, T=0.0",2846,Runtime,Needs manual review,"def test_minOperationsQueries():
    solution = Solution()
    assert solution.minOperationsQueries(7, [[0,1,1],[0,2,1],[1,3,1],[2,3,1],[3,4,1],[3,5,1],[3,6,1]], [[0,4],[0,6],[1,5]]) == [3, 4, 3]","============================= test session starts =============================
platform win32 -- Python 3.12.10, pytest-8.4.2, pluggy-1.6.0 -- C:\Rep
... [TRUNCATED - showing end] ...
7, [[0, 1, 1], [0, 2, 1], [1, 3, 1], [2, 3, 1], [3, 4, 1], [3, 5, 1], [3, 6, 1]], [[0, 4], [0, 6], [1, 5]]) == [3, 4, 3]
               ^^^^^^^^^^^^^^^^^^^^^^^^^^^^^^^^^^^^^^^^^^^^^^^^^^^^^^^^^^^^^^^^^^^^^^^^^^^^^^^^^^^^^^^^^^^^^^^^^^^^^^^^^^^^^^^^^^^^^^^^^^^^^^^^^^^^^^^^^

test
... [TRUNCATED] ...
      depth[u] = d
      for v, w in graph[u]:
        if v == prev:
          continue
        count[v] = count[u][:]
        count[v][w] += 1
>       dfs(v, u, d + 1)
E       RecursionError: maximum recursion depth exceeded

under_test.py:45: RecursionError
=========================== short test summary info ===========================
FAILED test_generated.py::test_minOperationsQueries_line27 - RecursionError: ...
============================== 1 failed in 1.65s ==============================",SemanticMisunderstanding,"Test provides a cyclic graph of queries leading to an infinite loop, causing a RecursionError in dfs.",near,,
174,Ministral-3-3B-Reasoning-2512,"Two-Step, T=0.0",2983,Runtime,Index out of bounds,"def test_canMakePalindromeQueries():
    solution = Solution()
    s = ""abba""
    queries = [[0, 0, 0, 0]]
    assert solution.canMakePalindromeQueries(s, queries) == [True]","============================= test session starts =============================
platform win32 -- Python 3.12.10, pytest-8.4.2, pluggy-1.6.0 -- C:\Rep
... [TRUNCATED - showing end] ...
 0, 0, 0]]
>       assert solution.canMakePalindromeQueries(s, queries) == [True]
               ^^^^^^^^^^^^^^^^^^^^^^^^^^^^^^^^^^^^^^^^^^^^^

test_generated.py:40: 
_ _ _ _ _ _ _ _ _ _ _ _ _ _ _ _ _ _ _ _ _ _ _ _ _ _ _ _ _ _ _ _ _ _ _ _ _ _ _ _

self = <under_test.Solution obj
... [TRUNCATED] ...
] > 0):
                                                                                                                                                                ^^^^^^^^^^^^^^^^^
E       IndexError: list index out of range

under_test.py:40: IndexError
=========================== short test summary info ===========================
FAILED test_generated.py::test_canMakePalindromeQueries_line30 - IndexError: ...
============================== 1 failed in 0.17s ==============================",SemanticMisunderstanding,"Test provides a query [0, 0, 0, 0] where indices might be out of bounds for counts array or logically incorrect, resulting in an IndexError.",near,,
175,Ministral-3-3B-Reasoning-2512,"Two-Step, T=0.0",73,Runtime,Needs manual review,"def test_setZeroes():
    solution = Solution()
    solution.setZeroes([[1,1,1],[1,0,1],[1,1,1]])
    assert matrix == [[0,0,0],[0,0,0],[0,0,0]]","============================= test session starts =============================
platform win32 -- Python 3.12.10, pytest-8.4.2, pluggy-1.6.0 -- C:\Rep
... [TRUNCATED - showing end] ...
llecting ... collected 1 item

test_generated.py::test_setZeroes_line21 FAILED                          [100%]

================================== FAILURES ===================================
____________________________ test_setZeroes_line21 ____________________________

    def test_setZeroes_line21():
        solution = Solution()
        solution.setZeroes([[1, 1, 1], [1, 0, 1], [1, 1, 1]])
>       assert matrix == [[0, 0, 0], [0, 0, 0], [0, 0, 0]]
               ^^^^^^
E       NameError: name 'matrix' is not defined

test_generated.py:39: NameError
=========================== short test summary info ===========================
FAILED test_generated.py::test_setZeroes_line21 - NameError: name 'matrix' is...
============================== 1 failed in 0.21s ==============================",MissingDefinition,Test references the variable matrix which is not defined in the test scope.,near,,
176,Ministral-3-3B-Reasoning-2512,"One-Step, T=0.0",2437,Runtime,Index out of bounds,"def test_countTime():
    solution=Solution()
    assert solution.countTime(""2?"") == 10","============================= test session starts =============================
platform win32 -- Python 3.12.10, pytest-8.4.2, pluggy-1.6.0 -- C:\Rep
... [TRUNCATED - showing end] ...
________ test_countTime_line15 ____________________________

    def test_countTime_line15():
        solution = Solution()
>       assert solution.countTime('2?') == 10
               ^^^^^^^^^^^^^^^^^^^^^^^^

test_generated.py:38: 
_ _ _ _ _ _ _ _ _ _ _ _ _ _ _ _ _ _ _ _ _ _ _ _ _ _ _ _ _ _ _ _ _ _ _ _ _ _ _ _

self = <under_test.Solution object at 0x000002A656323DD0>, time = '2?'

    def countTime(self, time: str) -> int:
      ans = 1
>     if time[3] == '?':
         ^^^^^^^
E     IndexError: string index out of range

under_test.py:25: IndexError
=========================== short test summary info ===========================
FAILED test_generated.py::test_countTime_line15 - IndexError: string index ou...
============================== 1 failed in 0.15s ==============================",SemanticMisunderstanding,"Test provides a time string of length 2 (""2?"") instead of the expected length 5 format (""HH:MM""), causing an IndexError.",near,countTime string length,
177,Ministral-3-3B-Reasoning-2512,"Two-Step, T=0.0",1301,Runtime,Index out of bounds,"def test_pathsWithMaxScore():
    solution = Solution()
    assert solution.pathsWithMaxScore([""S"", ""A"", ""B""]) == [0, 1]","============================= test session starts =============================
platform win32 -- Python 3.12.10, pytest-8.4.2, pluggy-1.6.0 -- C:\Rep
... [TRUNCATED - showing end] ...
pathsWithMaxScore(self, board: List[str]) -> List[int]:
      kMod = 1_000_000_007
      n = len(board)
      dirs = ((0, 1), (1, 0), (1, 1))
      dp = [[-1] * (n + 1) for _ in range(n + 1)]
      count = [[0] * (n + 1) for _ in range(n + 1)]
    
      dp[0][0] = 0
      dp[n - 1][n - 1] = 0
      count[n - 1][n - 1] = 1
    
      for i in reversed(range(n)):
        for j in reversed(range(n)):
>         if board[i][j] == 'S' or board[i][j] == 'X':
             ^^^^^^^^^^^
E         IndexError: string index out of range

under_test.py:36: IndexError
=========================== short test summary info ===========================
FAILED test_generated.py::test_pathsWithMaxScore_line26 - IndexError: string ...
============================== 1 failed in 0.18s ==============================",SemanticMisunderstanding,"Test provides a 1D list of strings instead of a 2D grid/board of strings, causing an IndexError when accessed like a 2D array.",near,,
178,Ministral-3-8B-Instruct-2512-AWQ-4bit,"Two-Step, T=0.0",336,Assertion,Value mismatch,"def test_palindromePairs():
    solution = Solution()
    assert solution.palindromePairs(["""", ""a"", ""aa""]) == [[0, 1], [1, 0]]","============================= test session starts =============================
platform win32 -- Python 3.12.10, pytest-8.4.2, pluggy-1.6.0 -- C:\Rep
... [TRUNCATED - showing end] ...
________________________

    def test_palindromePairs_line18():
        solution = Solution()
>       assert solution.palindromePairs(['', 'a', 'aa']) == [[0, 1], [1, 0]]
E       AssertionError: assert [[1, 0], [0, ...1, 2], [0, 2]] == [[0, 1], [1, 0]]
E         
E         At index 0 diff: [1, 0] != [0, 1]
E         Left contains 4 more items, first extra item: [2, 0]
E         
E         Full diff:
E           [
E         +     [...
E         
E         ...Full output truncated (27 lines hidden), use '-vv' to show

test_generated.py:38: AssertionError
=========================== short test summary info ===========================
FAILED test_generated.py::test_palindromePairs_line18 - AssertionError: asser...
============================== 1 failed in 0.18s ==============================",IncorrectAssertion,"Test asserts palindromePairs(...) == [[0, 1], [1, 0]] but correct answer contains more pairs.",high,Incorrect expected value,
179,Ministral-3-8B-Instruct-2512-AWQ-4bit,"Two-Step, T=0.0",1253,Assertion,Value mismatch,"def test_reconstructMatrix():
    solution = Solution()
    assert solution.reconstructMatrix(2, 3, [1, 1, 1]) == [[1, 0, 0], [0, 1, 0]]","============================= test session starts =============================
platform win32 -- Python 3.12.10, pytest-8.4.2, pluggy-1.6.0 -- C:\Rep
... [TRUNCATED - showing end] ...
______ test_reconstructMatrix_line14 ________________________

    def test_reconstructMatrix_line14():
        solution = Solution()
>       assert solution.reconstructMatrix(2, 3, [1, 1, 1]) == [[1, 0, 0], [0, 1, 0]]
E       AssertionError: assert [] == [[1, 0, 0], [0, 1, 0]]
E         
E         Right contains 2 more items, first extra item: [1, 0, 0]
E         
E         Full diff:
E         + []
E         - [
E         -     [...
E         
E         ...Full output truncated (10 lines hidden), use '-vv' to show

test_generated.py:38: AssertionError
=========================== short test summary info ===========================
FAILED test_generated.py::test_reconstructMatrix_line14 - AssertionError: ass...
============================== 1 failed in 0.19s ==============================",IncorrectAssertion,"Test asserts reconstructMatrix(...) == [[1, 0, 0], [0, 1, 0]] but correct answer is an empty list [].",high,Incorrect expected value,
180,Ministral-3-8B-Instruct-2512-AWQ-4bit,"Two-Step, T=0.0",2850,Assertion,Value mismatch,"def test_minimumMoves():
    solution = Solution()
    grid = [
        [0, 0, 0],
        [0, 2, 0],
        [0, 0, 3]
    ]
    assert solution.minimumMoves(grid) == 5","============================= test session starts =============================
platform win32 -- Python 3.12.10, pytest-8.4.2, pluggy-1.6.0 -- C:\Rep
... [TRUNCATED - showing end] ...
       [100%]

================================== FAILURES ===================================
__________________________ test_minimumMoves_line14 ___________________________

    def test_minimumMoves_line14():
        solution = Solution()
        grid = [[0, 0, 0], [0, 2, 0], [0, 0, 3]]
>       assert solution.minimumMoves(grid) == 5
E       assert inf == 5
E        +  where inf = minimumMoves([[0, 0, 0], [0, 2, 0], [0, 0, 3]])
E        +    where minimumMoves = <under_test.Solution object at 0x00000206CDAFA990>.minimumMoves

test_generated.py:39: AssertionError
=========================== short test summary info ===========================
FAILED test_generated.py::test_minimumMoves_line14 - assert inf == 5
============================== 1 failed in 0.17s ==============================",IncorrectAssertion,Test asserts minimumMoves(...) == 5 but correct answer is inf (represented as a float in python).,high,Incorrect expected value,
181,Ministral-3-8B-Instruct-2512-AWQ-4bit,"Two-Step, T=0.0",2467,Assertion,Value mismatch,"def test_mostProfitablePath():
    solution = Solution()

    # Test case where Bob's path is longer than Alice's path to some nodes
    edges = [[0, 1], [0, 2], [1, 3], [1, 4]]
    bob = 3
    amount = [10, 5, 3, 2, 1]

    assert solution.mostProfitablePath(edges, bob, amount) == 10","============================= test session starts =============================
platform win32 -- Python 3.12.10, pytest-8.4.2, pluggy-1.6.0 -- C:\Rep
... [TRUNCATED - showing end] ...
est_mostProfitablePath_line27 ________________________

    def test_mostProfitablePath_line27():
        solution = Solution()
        edges = [[0, 1], [0, 2], [1, 3], [1, 4]]
        bob = 3
        amount = [10, 5, 3, 2, 1]
>       assert solution.mostProfitablePath(edges, bob, amount) == 10
E       assert 13 == 10
E        +  where 13 = mostProfitablePath([[0, 1], [0, 2], [1, 3], [1, 4]], 3, [10, 2, 3, 0, 1])
E        +    where mostProfitablePath = <under_test.Solution object at 0x000001C739DFF4D0>.mostProfitablePath

test_generated.py:41: AssertionError
=========================== short test summary info ===========================
FAILED test_generated.py::test_mostProfitablePath_line27 - assert 13 == 10
============================== 1 failed in 0.15s ==============================",IncorrectAssertion,Test asserts mostProfitablePath(...) == 10 but correct answer is 13.,high,Incorrect expected value,
182,Ministral-3-8B-Instruct-2512-AWQ-4bit,"Two-Step, T=0.0",2030,Assertion,Value mismatch,"def test_smallestSubsequence():
    solution = Solution()
    assert solution.smallestSubsequence(""abacaba"", 5, ""a"", 2) == ""aabac""","============================= test session starts =============================
platform win32 -- Python 3.12.10, pytest-8.4.2, pluggy-1.6.0 -- C:\Rep
... [TRUNCATED - showing end] ...

test_generated.py::test_smallestSubsequence_line20 FAILED                [100%]

================================== FAILURES ===================================
_______________________ test_smallestSubsequence_line20 _______________________

    def test_smallestSubsequence_line20():
        solution = Solution()
>       assert solution.smallestSubsequence('abacaba', 5, 'a', 2) == 'aabac'
E       AssertionError: assert 'aaaba' == 'aabac'
E         
E         - aabac
E         ?     -
E         + aaaba
E         ? +

test_generated.py:38: AssertionError
=========================== short test summary info ===========================
FAILED test_generated.py::test_smallestSubsequence_line20 - AssertionError: a...
============================== 1 failed in 0.16s ==============================",IncorrectAssertion,"Test asserts smallestSubsequence('abacaba', 5, 'a', 2) == 'aabac' but correct answer is 'aaaba'.",high,Incorrect expected value,
183,Ministral-3-8B-Instruct-2512-AWQ-4bit,"Two-Step, T=0.0",770,Assertion,Value mismatch,"def test_basicCalculatorIV():
    solution = Solution()
    assert solution.basicCalculatorIV(""x*y"", [""x""], [1]) == [""y""]","============================= test session starts =============================
platform win32 -- Python 3.12.10, pytest-8.4.2, pluggy-1.6.0 -- C:\Rep
... [TRUNCATED - showing end] ...
=============================== FAILURES ===================================
________________________ test_basicCalculatorIV_line14 ________________________

    def test_basicCalculatorIV_line14():
        solution = Solution()
>       assert solution.basicCalculatorIV('x*y', ['x'], [1]) == ['y']
E       AssertionError: assert ['1*y'] == ['y']
E         
E         At index 0 diff: '1*y' != 'y'
E         
E         Full diff:
E           [
E         -     'y',
E         +     '1*y',
E         ?      ++
E           ]

test_generated.py:38: AssertionError
=========================== short test summary info ===========================
FAILED test_generated.py::test_basicCalculatorIV_line14 - AssertionError: ass...
============================== 1 failed in 0.19s ==============================",IncorrectAssertion,"Test asserts basicCalculatorIV('xy', ['x'], [1]) == ['y'] but correct answer is ['1y'].",high,Incorrect expected value,
184,Ministral-3-8B-Instruct-2512-AWQ-4bit,"One-Step, T=0.0",1345,Assertion,Value mismatch,"def test_minJumps():
    solution = Solution()
    assert solution.minJumps([1, 1, 2, 1, 2, 3, 2, 2, 1, 1]) == 3","============================= test session starts =============================
platform win32 -- Python 3.12.10, pytest-8.4.2, pluggy-1.6.0 -- C:\Rep
... [TRUNCATED - showing end] ...
der_test.Solution object at 0x0000022BE9AF95E0>.minJumps

test_generated.py:38: AssertionError
____________________________ test_minJumps_line30 _____________________________

    def test_minJumps_line30():
        solution = Solution()
>       assert solution.minJumps([1, 1, 2, 1, 2, 3, 2, 2, 1, 1]) == 3
E       assert 1 == 3
E        +  where 1 = minJumps([1, 1, 2, 1, 2, 3, ...])
E        +    where minJumps = <under_test.Solution object at 0x0000022BE9BB1460>.minJumps

test_generated.py:42: AssertionError
=========================== short test summary info ===========================
FAILED test_generated.py::test_minJumps_line26 - assert 1 == 3
FAILED test_generated.py::test_minJumps_line30 - assert 1 == 3
============================== 2 failed in 0.19s ==============================",IncorrectAssertion,Test asserts minJumps(...) == 3 but correct answer is 1.,high,Incorrect expected value,
185,Ministral-3-8B-Instruct-2512-AWQ-4bit,"Two-Step, T=0.0",909,Assertion,Value mismatch,"def test_snakesAndLadders():
    solution = Solution()
    # Create a board with a loop that causes a revisit to a position
    # The board should have a snake or ladder that leads back to a previously visited position
    board = [
        [0, 0, 0, 0],
        [0, 0, 0, 0],
        [0, 0, 0, 0],
        [0, 0, 0, 0]
    ]
    # Add a snake that loops back to a previous position
    board[0][0] = -1  # Start at position 1
    board[1][1] = 1  # Snake from position 2 to position 1 (creates a loop)
    board[2][2] = 2  # Snake from position 3 to position 2
    board[3][3] = 3  # Snake from position 4 to position 3

    # Ensure the board is 4x4, so n=4
    # The loop is created by having a snake from position 2 to position 1
    assert solut
... [TRUNCATED] ...
Position 11 goes to position 10

    # This creates a loop because:
    # From position 5, you can reach position 11 (5+6)
    # From position 11, you can reach position 10 (due to ladder)
    # From position 10, you can reach position 5 (due to snake)
    # This loop will cause a revisit to position 5, triggering line 35

    # Ensure the board is 4x4
    assert solution.snakesAndLadders(board) == -1
```

After careful analysis, here's the precise test case:

```python
def test_snakesAndLadders","============================= test session starts =============================
platform win32 -- Python 3.12.10, pytest-8.4.2, pluggy-1.6.0 -- C:\Rep
... [TRUNCATED - showing end] ...
_______

    def test_snakesAndLadders_line22():
        solution = Solution()
        board = [[0, 0, 0, 0], [0, 0, 0, 0], [0, 0, 0, 0], [0, 0, 0, 0]]
        board[0][0] = -1
        board[1][1] = 1
        board[2][2] = 2
        board[3][3] = 3
>       assert solution.snakesAndLadders(board) == -1
E       assert 3 == -1
E        +  where 3 = snakesAndLadders([[-1, 0, 0, 0], [0, 1, 0, 0], [0, 0, 2, 0], [0, 0, 0, 3]])
E        +    where snakesAndLadders = <under_test.Solution object at 0x000001EB4AEFB8C0>.snakesAndLadders

test_generated.py:43: AssertionError
=========================== short test summary info ===========================
FAILED test_generated.py::test_snakesAndLadders_line22 - assert 3 == -1
============================== 1 failed in 0.17s ==============================",IncorrectAssertion,Test asserts snakesAndLadders(...) == -1 but correct answer is 3.,high,Incorrect expected value,
186,Ministral-3-8B-Instruct-2512-AWQ-4bit,"Two-Step, T=0.0",927,Assertion,Value mismatch,"def test_threeEqualParts():
    solution = Solution()
    assert solution.threeEqualParts([1, 1, 0, 1, 1, 0, 1, 1]) == [3, 5]","============================= test session starts =============================
platform win32 -- Python 3.12.10, pytest-8.4.2, pluggy-1.6.0 -- C:\Rep
... [TRUNCATED - showing end] ...
==================================
_________________________ test_threeEqualParts_line16 _________________________

    def test_threeEqualParts_line16():
        solution = Solution()
>       assert solution.threeEqualParts([1, 1, 0, 1, 1, 0, 1, 1]) == [3, 5]
E       AssertionError: assert [1, 5] == [3, 5]
E         
E         At index 0 diff: 1 != 3
E         
E         Full diff:
E           [
E         -     3,
E         ?     ^...
E         
E         ...Full output truncated (4 lines hidden), use '-vv' to show

test_generated.py:38: AssertionError
=========================== short test summary info ===========================
FAILED test_generated.py::test_threeEqualParts_line16 - AssertionError: asser...
============================== 1 failed in 0.17s ==============================",IncorrectAssertion,"Test asserts threeEqualParts([1, 1, 0, 1, 1, 0, 1, 1]) == [3, 5] but correct answer is [1, 5].",high,Incorrect expected value,
187,Ministral-3-8B-Instruct-2512-AWQ-4bit,"One-Step, T=0.0",2577,Assertion,Value mismatch,"def test_minimumTime():
    solution = Solution()
    grid = [
        [0, 2],
        [1, 0]
    ]
    assert solution.minimumTime(grid) == 3","============================= test session starts =============================
platform win32 -- Python 3.12.10, pytest-8.4.2, pluggy-1.6.0 -- C:\Rep
... [TRUNCATED - showing end] ...
est_minimumTime_line14 FAILED                        [100%]

================================== FAILURES ===================================
___________________________ test_minimumTime_line14 ___________________________

    def test_minimumTime_line14():
        solution = Solution()
        grid = [[0, 2], [1, 0]]
>       assert solution.minimumTime(grid) == 3
E       assert 2 == 3
E        +  where 2 = minimumTime([[0, 2], [1, 0]])
E        +    where minimumTime = <under_test.Solution object at 0x00000187B04CE4E0>.minimumTime

test_generated.py:39: AssertionError
=========================== short test summary info ===========================
FAILED test_generated.py::test_minimumTime_line14 - assert 2 == 3
============================== 1 failed in 0.16s ==============================",IncorrectAssertion,Test asserts minimumTime(...) == 3 but correct answer is 2.,high,Incorrect expected value,
188,Ministral-3-8B-Instruct-2512-AWQ-4bit,"One-Step, T=0.0",1583,Runtime,Key not found,"def test_unhappyFriends():
    solution = Solution()
    n = 4
    preferences = [
        [1, 3, 0, 2],
        [2, 3, 0, 1],
        [0, 1, 3, 2],
        [1, 2, 0, 3]
    ]
    pairs = [
        [0, 1],
        [2, 3]
    ]
    assert solution.unhappyFriends(n, preferences, pairs) == 2","============================= test session starts =============================
platform win32 -- Python 3.12.10, pytest-8.4.2, pluggy-1.6.0 -- C:\Rep
... [TRUNCATED - showing end] ...
[2, 3, 0, 1], [0, 1, 3, 2], [1, 2, 0, 3]]
        pairs = [[0, 1], [2, 3]]
>       assert solution.unhappyFriends(n, preferences, pairs) == 2
               ^^^^^^^^^^^^^^^^^^^^^^^^^^^^^^^^^^^^^^^^^^^^^^

test_generated.py:41: 
_ _ _ _ _ _ _ _ _ _ _ _ _ _ _ _ _ _ _ _ _ _ _ _ _ _
... [TRUNCATED] ...
ge(n):
        for u in prefer[x].keys():
          y = matches[x]
          v = matches[u]
>         if prefer[x][u] < prefer[x][y] and prefer[u][x] < prefer[u][v]:
                                             ^^^^^^^^^^^^
E         KeyError: 2

under_test.py:40: KeyError
=========================== short test summary info ===========================
FAILED test_generated.py::test_unhappyFriends_line30 - KeyError: 2
============================== 1 failed in 0.19s ==============================",SemanticMisunderstanding,"Test provides a preferences array where node 2 prefers itself, causing a KeyError.",near,unhappyFriends preferences self-loop,
189,Ministral-3-8B-Instruct-2512-AWQ-4bit,"One-Step, T=0.0",1301,Runtime,Needs manual review,"def test_pathsWithMaxScore():
    board = [
        ['X', 'X', 'X'],
        ['X', '1', 'X'],
        ['E', 'X', 'X']
    ]
    expected = [1, 1]
    result = solution.pathsWithMaxScore(board)
    assert result == expected","============================= test session starts =============================
platform win32 -- Python 3.12.10, pytest-8.4.2, pluggy-1.6.0 -- C:\Rep
... [TRUNCATED - showing end] ...
 ... collected 1 item

test_generated.py::test_pathsWithMaxScore_line26 FAILED                  [100%]

================================== FAILURES ===================================
________________________ test_pathsWithMaxScore_line26 ________________________

    def test_pathsWithMaxScore_line26():
        board = [['X', 'X', 'X'], ['X', '1', 'X'], ['E', 'X', 'X']]
        expected = [1, 1]
>       result = solution.pathsWithMaxScore(board)
                 ^^^^^^^^
E       NameError: name 'solution' is not defined

test_generated.py:39: NameError
=========================== short test summary info ===========================
FAILED test_generated.py::test_pathsWithMaxScore_line26 - NameError: name 'so...
============================== 1 failed in 0.18s ==============================",MissingDefinition,Test calls solution.pathsWithMaxScore(...) without instantiating the solution object.,near,solution undefined,
190,Ministral-3-8B-Instruct-2512-AWQ-4bit,"Two-Step, T=0.0",990,Runtime,Needs manual review,"def test_equationsPossible():
    solution = Solution()
    assert solution.equationsPossible([""a=b"", ""b=c"", ""c=d"", ""a!d""]) == False","============================= test session starts =============================
platform win32 -- Python 3.12.10, pytest-8.4.2, pluggy-1.6.0 -- C:\Rep
... [TRUNCATED - showing end] ...
=b', 'b=c', 'c=d', 'a!d']) == False
               ^^^^^^^^^^^^^^^^^^^^^^^^^^^^^^^^^^^^^^^^^^^^^^^^^^^^^^^^

test_generated.py:38: 
_ _ _ _ _ _ _ _ _ _ _ _ _ _ _ _ _ _ _ _ _ _ _ _ _ _ _ _ _ _ _ _ _ _ _ _ _ _ _ _

self = <under_test.Solution object at 0x000001B616ECBFE0>
equations = ['a=b', 'b=c', 'c=d', 'a!d']

    def equationsPossible(self, equations: List[str]) -> bool:
      uf = UnionFind(26)
    
>     for x, op, _, y in equations:
          ^^^^^^^^^^^
E     ValueError: not enough values to unpack (expected 4, got 3)

under_test.py:39: ValueError
=========================== short test summary info ===========================
FAILED test_generated.py::test_equationsPossible_line20 - ValueError: not eno...
============================== 1 failed in 0.17s ==============================",SemanticMisunderstanding,"Test provides equations like ""a=b"" and ""a!d"" instead of ""a==b"" or ""a!=b"", causing a ValueError upon unpacking to 4 characters.",near,equations string length,
191,Ministral-3-8B-Instruct-2512-AWQ-4bit,"One-Step, T=0.0",1263,Runtime,Needs manual review,"def test_minPushBox():
    solution = Solution()
    grid = [
        ['#', '#', '#', '#', '#', '#', '#'],
        ['#', '.', '.', '.', '.', '.', '#'],
        ['#', '.', '.', '.', '.', '.', '#'],
        ['#', '.', '.', 'B', '.', '.', '#'],
        ['#', '.', '.', '.', '.', '.', '#'],
        ['#', '.', '.', '.', '.', '#', '#'],
        ['#', '#', '#', '#', '#', '#', '#']
    ]
    assert solution.minPushBox(grid) == -1","============================= test session starts =============================
platform win32 -- Python 3.12.10, pytest-8.4.2, pluggy-1.6.0 -- C:\Rep
... [TRUNCATED - showing end] ...
#', '.', '.', '.', '.', '.', '#'], ['#', '.', '.', '.', '.', '.', '#'], ['#', '.', '.', 'B', '.', '.', '#'], ['#', '.', '.', '.', '.', '.', '#'], ['#', '.', '.', '.', '.', '#', '#'], ['#', '#', '#', '#', '#', '#', '#']]
>       assert solution.minPushBox(grid) == -1
            
... [TRUNCATED] ...
           que.append((x,y))
        return False
    
>     q = deque([(0,box,person)])
                        ^^^^^^
E     UnboundLocalError: cannot access local variable 'person' where it is not associated with a value

under_test.py:51: UnboundLocalError
=========================== short test summary info ===========================
FAILED test_generated.py::test_minPushBox_line17 - UnboundLocalError: cannot ...
============================== 1 failed in 0.20s ==============================",SemanticMisunderstanding,"Test provides a grid that is missing the person ('S'), causing an UnboundLocalError in the source code.",near,,
192,Ministral-3-8B-Instruct-2512-AWQ-4bit,"Two-Step, T=0.0",2437,Runtime,Index out of bounds,"def test_countTime():
    solution = Solution()
    assert solution.countTime(""1?15"") == 60","============================= test session starts =============================
platform win32 -- Python 3.12.10, pytest-8.4.2, pluggy-1.6.0 -- C:\Rep
... [TRUNCATED - showing end] ...
___________

    def test_countTime_line15():
        solution = Solution()
>       assert solution.countTime('1?15') == 60
               ^^^^^^^^^^^^^^^^^^^^^^^^^^

test_generated.py:38: 
_ _ _ _ _ _ _ _ _ _ _ _ _ _ _ _ _ _ _ _ _ _ _ _ _ _ _ _ _ _ _ _ _ _ _ _ _ _ _ _

self = <under_test.Solution object at 0x000001E39C45BC50>, time = '1?15'

    def countTime(self, time: str) -> int:
      ans = 1
      if time[3] == '?':
        ans *= 6
>     if time[4] == '?':
         ^^^^^^^
E     IndexError: string index out of range

under_test.py:27: IndexError
=========================== short test summary info ===========================
FAILED test_generated.py::test_countTime_line15 - IndexError: string index ou...
============================== 1 failed in 0.15s ==============================",SemanticMisunderstanding,"Test provides a time string of length 4 (""1?15"") instead of the expected length 5 format (""HH:MM""), causing an IndexError.",near,countTime string length,
193,Ministral-3-8B-Instruct-2512-AWQ-4bit,"Two-Step, T=0.0",1263,Runtime,Needs manual review,"def test_minPushBox():
    grid = [
        ['#', '#', '#', '#', '#', '#', '#'],
        ['#', '.', '.', '.', '.', '.', '#'],
        ['#', '.', '.', '.', '.', '.', '#'],
        ['#', '.', '.', 'B', '.', '.', '#'],
        ['#', '.', '.', '.', '.', '.', '#'],
        ['#', '.', '.', '.', '.', '.', '#'],
        ['#', '#', '#', '#', '#', '#', '#']
    ]
    solution = Solution()
    assert solution.minPushBox(grid) == 3","============================= test session starts =============================
platform win32 -- Python 3.12.10, pytest-8.4.2, pluggy-1.6.0 -- C:\Rep
... [TRUNCATED - showing end] ...
#'], ['#', '.', '.', '.', '.', '.', '#'], ['#', '.', '.', 'B', '.', '.', '#'], ['#', '.', '.', '.', '.', '.', '#'], ['#', '.', '.', '.', '.', '.', '#'], ['#', '#', '#', '#', '#', '#', '#']]
        solution = Solution()
>       assert solution.minPushBox(grid) == 3
             
... [TRUNCATED] ...
           que.append((x,y))
        return False
    
>     q = deque([(0,box,person)])
                        ^^^^^^
E     UnboundLocalError: cannot access local variable 'person' where it is not associated with a value

under_test.py:51: UnboundLocalError
=========================== short test summary info ===========================
FAILED test_generated.py::test_minPushBox_line17 - UnboundLocalError: cannot ...
============================== 1 failed in 0.18s ==============================",SemanticMisunderstanding,"Test provides a grid that is missing the person ('S'), causing an UnboundLocalError in the source code.",near,,
194,Ministral-3-8B-Instruct-2512-AWQ-4bit,"Two-Step, T=0.0",2851,Runtime,Index out of bounds,"def test_numberOfWays():
    solution = Solution()
    assert solution.numberOfWays(""abcde"", ""ab"", 2) == 1","============================= test session starts =============================
platform win32 -- Python 3.12.10, pytest-8.4.2, pluggy-1.6.0 -- C:\Rep
... [TRUNCATED - showing end] ...
: 
_ _ _ _ _ _ _ _ _ _ _ _ _ _ _ _ _ _ _ _ _ _ _ _ _ _ _ _ _ _ _ _ _ _ _ _ _ _ _ _

self = <under_test.Solution object at 0x0000020B3D7629F0>, s = 'abcde', t = 'ab'
k = 2

    def numberOfWays(self, s: str, t: str, k: int) -> int:
      kMod = 1_000_000_007
      n = len(s)
      negOnePowK = 1 if k % 2 == 0 else -1  # (-1)^k
      z = self._zFunction(s + t + t)
    
>     indices = [i - n for i in range(n, n + n) if z[i] >= n]
                                                   ^^^^
E     IndexError: list index out of range

under_test.py:29: IndexError
=========================== short test summary info ===========================
FAILED test_generated.py::test_numberOfWays_line25 - IndexError: list index o...
============================== 1 failed in 0.17s ==============================",SemanticMisunderstanding,Test provides a combination of string lengths and k that leads to an IndexError in the z-function based matching logic.,near,,
195,Ministral-3-8B-Instruct-2512-AWQ-4bit,"Two-Step, T=0.0",2092,Runtime,Index out of bounds,"def test_findAllPeople():
    solution = Solution()
    assert solution.findAllPeople(
        n=6,
        meetings=[
            [0, 1, 5],
            [0, 2, 5],
            [0, 3, 5],
            [1, 4, 5],
            [2, 5, 5],
            [3, 6, 5],
            [4, 5, 5],
            [5, 6, 5]
        ],
        firstPerson=0
    ) == [0, 1, 2, 3, 4, 5]","============================= test session starts =============================
platform win32 -- Python 3.12.10, pytest-8.4.2, pluggy-1.6.0 -- C:\Rep
... [TRUNCATED - showing end] ...
^^^^^^^^^^^^^^^^

test_generated.py:38: 
_ _ _ _ _ _ _ _ _ _ _ _ _ _ _ _ _ _ _ _ _ _ _ _ _ _ _ _ _ _ _ _ _ _ _ _ _ _ _ _
under_test.py:65: in findAllPeople
    uf.unionByRank(x, y)
under_test.py:29: in unionByRank
    j = self._find(v)
        ^^^^^^^^^^^^^
_ _ _ _ _ _ _ _ _ _ _ _ _ _ _ _ _ _ _ _ _ _ _ _ _ _ _ _ _ _ _ _ _ _ _ _ _ _ _ _

self = <under_test.UnionFind object at 0x000002D1266FAC00>, u = 6

    def _find(self, u: int) -> int:
>     if self.id[u] != u:
         ^^^^^^^^^^
E     IndexError: list index out of range

under_test.py:47: IndexError
=========================== short test summary info ===========================
FAILED test_generated.py::test_findAllPeople_line20 - IndexError: list index ...
============================== 1 failed in 0.16s ==============================",SemanticMisunderstanding,"Test uses 1-based node indices (up to 6) for a UnionFind initialized with size 6 (allowing only 0-5), causing an IndexError.",near,graph node index out of bounds,
196,Ministral-3-8B-Instruct-2512-AWQ-4bit,"Two-Step, T=0.0",2836,Runtime,Index out of bounds,"def test_getMaxFunctionValue():
    solution = Solution()
    assert solution.getMaxFunctionValue([1, 2, 3, 4, 5], 5)","============================= test session starts =============================
platform win32 -- Python 3.12.10, pytest-8.4.2, pluggy-1.6.0 -- C:\Rep
... [TRUNCATED - showing end] ...
MaxFunctionValue(self, receiver: List[int], k: int) -> int:
      n = len(receiver)
      m = int(math.log2(k)) + 1
      ans = 0
      jump = [[0] * m for _ in range(n)]
      summ = [[0] * m for _ in range(n)]
    
      for i in range(n):
        jump[i][0] = receiver[i]
        summ[i][0] = receiver[i]
    
      for j in range(1, m):
        for i in range(n):
          midNode = jump[i][j - 1]
>         jump[i][j] = jump[midNode][j - 1]
                       ^^^^^^^^^^^^^
E         IndexError: list index out of range

under_test.py:37: IndexError
=========================== short test summary info ===========================
FAILED test_generated.py::test_getMaxFunctionValue_line34 - IndexError: list ...
============================== 1 failed in 0.16s ==============================",SemanticMisunderstanding,"Test provides a receiver array containing value 5, which is out of bounds for an array of size 5, causing an IndexError.",near,getMaxFunctionValue out of bounds,
197,Ministral-3-8B-Instruct-2512-AWQ-4bit,"One-Step, T=0.0",999,Runtime,Needs manual review,"def test_numRookCaptures():
    solution = Solution()
    board = [
        ['.', '.', '.', '.', '.', '.', '.', '.'],
        ['.', '.', '.', '.', '.', '.', '.', '.'],
        ['.', '.', '.', '.', '.', '.', '.', '.'],
        ['.', '.', '.', '.', 'p', '.', '.', '.'],
        ['.', '.', '.', '.', 'R', '.', '.', '.'],
        ['.', '.', '.', '.', '.', '.', '.', '.'],
        ['.', '.', '.', '.', '.', '.', '.', '.'],
        ['.', '.', '.', '.', '.', '.', '.', '.']
    ]
    assert solution.numRookCaptures(board) == 1","============================= test session starts =============================
platform win32 -- Python 3.12.10, pytest-8.4.2, pluggy-1.6.0 -- C:\Rep
... [TRUNCATED - showing end] ...
        solution = Solution()
        board = [['.', '.', '.', '.', '.', '.', '.', '.'], ['.', '.', '.', '.', '.', '.', '.', '.'], ['.', '.', '.', '.', '.', '.', '.', '.'], ['.', '.', '.', '.', '.', '.', '.', '.'], ['.', '.', '.', '.', 'B', '.', '.', '.'], ['.', '.', '.', '.', '
... [TRUNCATED] ...
   i0 = i
            j0 = j
    
      for d in [[1, 0], [0, 1], [-1, 0], [0, -1]]:
>       i = i0 + d[0]
            ^^
E       UnboundLocalError: cannot access local variable 'i0' where it is not associated with a value

under_test.py:33: UnboundLocalError
=========================== short test summary info ===========================
FAILED test_generated.py::test_numRookCaptures_line19 - UnboundLocalError: ca...
========================= 1 failed, 1 passed in 0.19s =========================",SemanticMisunderstanding,"Test provides a board without a white rook ('R'), meaning i0 is never initialized, causing an UnboundLocalError.",near,,
198,Ministral-3-8B-Instruct-2512-AWQ-8bit,"One-Step, T=0.0",1583,Runtime,Key not found,"def test_unhappyFriends():
    solution = Solution()
    n = 4
    preferences = [
        [1, 3, 0, 2],
        [2, 0, 3, 1],
        [1, 2, 0, 3],
        [0, 1, 2, 3]
    ]
    pairs = [[0, 1], [2, 3]]
    assert solution.unhappyFriends(n, preferences, pairs) == 2","============================= test session starts =============================
platform win32 -- Python 3.12.10, pytest-8.4.2, pluggy-1.6.0 -- C:\Rep
... [TRUNCATED - showing end] ...
[2, 0, 3, 1], [1, 2, 0, 3], [0, 1, 2, 3]]
        pairs = [[0, 1], [2, 3]]
>       assert solution.unhappyFriends(n, preferences, pairs) == 2
               ^^^^^^^^^^^^^^^^^^^^^^^^^^^^^^^^^^^^^^^^^^^^^^

test_generated.py:41: 
_ _ _ _ _ _ _ _ _ _ _ _ _ _ _ _ _ _ _ _ _ _ _ _ _ _
... [TRUNCATED] ...
for u in prefer[x].keys():
          y = matches[x]
          v = matches[u]
>         if prefer[x][u] < prefer[x][y] and prefer[u][x] < prefer[u][v]:
                                                            ^^^^^^^^^^^^
E         KeyError: 3

under_test.py:40: KeyError
=========================== short test summary info ===========================
FAILED test_generated.py::test_unhappyFriends_line30 - KeyError: 3
============================== 1 failed in 0.17s ==============================",SemanticMisunderstanding,"Test provides a preferences array where node 3 prefers itself, causing a KeyError.",near,unhappyFriends preferences self-loop,
199,Ministral-3-8B-Instruct-2512-AWQ-8bit,"Two-Step, T=0.0",805,Runtime,Wrong function signature; Type mismatch,"def test_splitArraySameAverage():
    solution = Solution()
    assert solution.splitArraySameAverage([1, 2, 3, 4, 5, 6, 7, 8], 4)","============================= test session starts =============================
platform win32 -- Python 3.12.10, pytest-8.4.2, pluggy-1.6.0 -- C:\Rep
... [TRUNCATED - showing end] ...
Average_line16 FAILED              [100%]

================================== FAILURES ===================================
______________________ test_splitArraySameAverage_line16 ______________________

    def test_splitArraySameAverage_line16():
        solution = Solution()
>       assert solution.splitArraySameAverage([1, 2, 3, 4, 5, 6, 7, 8], 4)
               ^^^^^^^^^^^^^^^^^^^^^^^^^^^^^^^^^^^^^^^^^^^^^^^^^^^^^^^^^^^
E       TypeError: Solution.splitArraySameAverage() takes 2 positional arguments but 3 were given

test_generated.py:38: TypeError
=========================== short test summary info ===========================
FAILED test_generated.py::test_splitArraySameAverage_line16 - TypeError: Solu...
============================== 1 failed in 0.18s ==============================",APIHallucination,Test passes a second argument (4) to splitArraySameAverage() which only takes a single nums argument.,high,,
200,Ministral-3-8B-Instruct-2512-AWQ-8bit,"Two-Step, T=0.0",2132,Runtime,Wrong function signature; Type mismatch,"def test_possibleToStamp():
    solution = Solution()
    assert solution.possibleToStamp(
        grid=[
            [1, 0, 1],
            [0, 0, 0],
            [1, 0, 1]
        ],
        stampHeight=2,
        stampWidth=2,
        expected=False
    )
```

```python
def test_possibleToStamp():
    solution = Solution()
    grid = [
        [1, 0, 1, 0],
        [0, 0, 0, 0],
        [1, 0, 1, 0],
        [0, 0, 0, 0]
    ]
    assert solution.possibleToStamp(grid, 2, 2) == False","============================= test session starts =============================
platform win32 -- Python 3.12.10, pytest-8.4.2, pluggy-1.6.0 -- C:\Rep
... [TRUNCATED - showing end] ...
==================================
_________________________ test_possibleToStamp_line23 _________________________

    def test_possibleToStamp_line23():
        solution = Solution()
>       assert solution.possibleToStamp(grid=[[1, 0, 1], [0, 0, 0], [1, 0, 1]], stampHeight=2, stampWidth=2, expected=False)
               ^^^^^^^^^^^^^^^^^^^^^^^^^^^^^^^^^^^^^^^^^^^^^^^^^^^^^^^^^^^^^^^^^^^^^^^^^^^^^^^^^^^^^^^^^^^^^^^^^^^^^^^^^^^^^
E       TypeError: Solution.possibleToStamp() got an unexpected keyword argument 'expected'

test_generated.py:38: TypeError
=========================== short test summary info ===========================
FAILED test_generated.py::test_possibleToStamp_line23 - TypeError: Solution.p...
============================== 1 failed in 0.16s ==============================",APIHallucination,"Test passes an expected keyword argument to possibleToStamp(), which is not a parameter of the function.",high,,
201,Ministral-3-8B-Instruct-2512-AWQ-8bit,"One-Step, T=0.0",1263,Runtime,Needs manual review,"def test_minPushBox():
    solution = Solution()
    grid = [
        ['#', '#', '#', '#', '#', '#'],
        ['#', '.', '.', '.', '.', '#'],
        ['#', '.', '.', 'B', '.', '#'],
        ['#', '.', '.', '.', '.', '#'],
        ['#', '.', '.', '.', 'T', '#'],
        ['#', '#', '#', '#', '#', '#']
    ]
    assert solution.minPushBox(grid) == 3","============================= test session starts =============================
platform win32 -- Python 3.12.10, pytest-8.4.2, pluggy-1.6.0 -- C:\Rep
... [TRUNCATED - showing end] ...
.', '.', '.', '.', '#'], ['#', '.', '.', 'B', '.', '#'], ['#', '.', '.', '.', '.', '#'], ['#', '.', '.', '.', 'T', '#'], ['#', '#', '#', '#', '#', '#']]
>       assert solution.minPushBox(grid) == 3
               ^^^^^^^^^^^^^^^^^^^^^^^^^

test_generated.py:39: 
_ _ _ _ _ _ _ _
... [TRUNCATED] ...
           que.append((x,y))
        return False
    
>     q = deque([(0,box,person)])
                        ^^^^^^
E     UnboundLocalError: cannot access local variable 'person' where it is not associated with a value

under_test.py:51: UnboundLocalError
=========================== short test summary info ===========================
FAILED test_generated.py::test_minPushBox_line17 - UnboundLocalError: cannot ...
============================== 1 failed in 0.20s ==============================",SemanticMisunderstanding,"Test provides a grid that is missing the person ('S'), causing an UnboundLocalError in the source code.",near,,
202,Ministral-3-8B-Instruct-2512-AWQ-8bit,"Two-Step, T=0.0",2836,Runtime,Index out of bounds,"def test_getMaxFunctionValue():
    solution = Solution()
    receiver = [1, 2, 3, 4, 5]
    k = 5  # Binary: 101 (bits 0 and 2 are set)
    assert solution.getMaxFunctionValue(receiver, k) == 15","============================= test session starts =============================
platform win32 -- Python 3.12.10, pytest-8.4.2, pluggy-1.6.0 -- C:\Rep
... [TRUNCATED - showing end] ...
MaxFunctionValue(self, receiver: List[int], k: int) -> int:
      n = len(receiver)
      m = int(math.log2(k)) + 1
      ans = 0
      jump = [[0] * m for _ in range(n)]
      summ = [[0] * m for _ in range(n)]
    
      for i in range(n):
        jump[i][0] = receiver[i]
        summ[i][0] = receiver[i]
    
      for j in range(1, m):
        for i in range(n):
          midNode = jump[i][j - 1]
>         jump[i][j] = jump[midNode][j - 1]
                       ^^^^^^^^^^^^^
E         IndexError: list index out of range

under_test.py:37: IndexError
=========================== short test summary info ===========================
FAILED test_generated.py::test_getMaxFunctionValue_line34 - IndexError: list ...
============================== 1 failed in 0.17s ==============================",SemanticMisunderstanding,"Test provides a receiver array containing value 5, which is out of bounds for an array of size 5, causing an IndexError.",near,getMaxFunctionValue out of bounds,
203,Ministral-3-8B-Instruct-2512-AWQ-8bit,"One-Step, T=0.0",2146,Runtime,Needs manual review,"def test_highestRankedKItems():
    grid = [
        [0, 1, 1, 1],
        [1, 1, 1, 1],
        [1, 1, 1, 1],
        [1, 1, 1, 1]
    ]
    pricing = [1, 10]
    start = [0, 0]
    k = 5
    expected = [[0, 0], [0, 1], [1, 0], [0, 2], [1, 1]]
    assert solution.highestRankedKItems(grid, pricing, start, k) == expected","============================= test session starts =============================
platform win32 -- Python 3.12.10, pytest-8.4.2, pluggy-1.6.0 -- C:\Rep
... [TRUNCATED - showing end] ...
======= FAILURES ===================================
_______________________ test_highestRankedKItems_line21 _______________________

    def test_highestRankedKItems_line21():
        grid = [[0, 1, 1, 1], [1, 1, 1, 1], [1, 1, 1, 1], [1, 1, 1, 1]]
        pricing = [1, 10]
        start = [0, 0]
        k = 5
        expected = [[0, 0], [0, 1], [1, 0], [0, 2], [1, 1]]
>       assert solution.highestRankedKItems(grid, pricing, start, k) == expected
               ^^^^^^^^
E       NameError: name 'solution' is not defined

test_generated.py:42: NameError
=========================== short test summary info ===========================
FAILED test_generated.py::test_highestRankedKItems_line21 - NameError: name '...
============================== 1 failed in 0.19s ==============================",MissingDefinition,Test calls solution.highestRankedKItems(...) without instantiating the solution object.,near,solution undefined,
204,Ministral-3-8B-Instruct-2512-AWQ-8bit,"Two-Step, T=0.0",990,Runtime,Needs manual review,"def test_equationsPossible():
    solution = Solution()
    assert solution.equationsPossible([""a=b"", ""b=c"", ""c=d"", ""d!=a""]) == False","============================= test session starts =============================
platform win32 -- Python 3.12.10, pytest-8.4.2, pluggy-1.6.0 -- C:\Rep
... [TRUNCATED - showing end] ...
, 'b=c', 'c=d', 'd!=a']) == False
               ^^^^^^^^^^^^^^^^^^^^^^^^^^^^^^^^^^^^^^^^^^^^^^^^^^^^^^^^^

test_generated.py:38: 
_ _ _ _ _ _ _ _ _ _ _ _ _ _ _ _ _ _ _ _ _ _ _ _ _ _ _ _ _ _ _ _ _ _ _ _ _ _ _ _

self = <under_test.Solution object at 0x000001C9CB5516D0>
equations = ['a=b', 'b=c', 'c=d', 'd!=a']

    def equationsPossible(self, equations: List[str]) -> bool:
      uf = UnionFind(26)
    
>     for x, op, _, y in equations:
          ^^^^^^^^^^^
E     ValueError: not enough values to unpack (expected 4, got 3)

under_test.py:39: ValueError
=========================== short test summary info ===========================
FAILED test_generated.py::test_equationsPossible_line20 - ValueError: not eno...
============================== 1 failed in 0.17s ==============================",SemanticMisunderstanding,"Test provides equations like ""a=b"" instead of ""a==b"" or ""a!=b"", causing a ValueError upon unpacking to 4 characters.",near,equations string length,
205,Ministral-3-8B-Instruct-2512-AWQ-8bit,"Two-Step, T=0.0",1574,Runtime,Possible API hallucination,"def test_findLengthOfShortestSubarray():
    solution = Solution()
    assert solution.findLengthOfShortestSubestSubarray([5, 3, 4, 2, 1, 6, 7]) == 2","============================= test session starts =============================
platform win32 -- Python 3.12.10, pytest-8.4.2, pluggy-1.6.0 -- C:\Rep
... [TRUNCATED - showing end] ...
======================== FAILURES ===================================
__________________ test_findLengthOfShortestSubarray_line27 ___________________

    def test_findLengthOfShortestSubarray_line27():
        solution = Solution()
>       assert solution.findLengthOfShortestSubestSubarray([5, 3, 4, 2, 1, 6, 7]) == 2
               ^^^^^^^^^^^^^^^^^^^^^^^^^^^^^^^^^^^^^^^^^^^
E       AttributeError: 'Solution' object has no attribute 'findLengthOfShortestSubestSubarray'. Did you mean: 'findLengthOfShortestSubarray'?

test_generated.py:38: AttributeError
=========================== short test summary info ===========================
FAILED test_generated.py::test_findLengthOfShortestSubarray_line27 - Attribut...
============================== 1 failed in 0.17s ==============================",APIHallucination,Test calls a misspelled method findLengthOfShortestSubestSubarray() instead of findLengthOfShortestSubarray().,high,,
206,Ministral-3-8B-Instruct-2512-AWQ-8bit,"Two-Step, T=0.0",1301,Runtime,Needs manual review,"def test_pathsWithMaxScore():
    solution = Solution()
    board = [
        ['S', 'A', 'B', 'E'],
        ['X', 'D', 'C', 'X'],
        ['X', 'X', 'F', 'G']
    ]
    assert solution.pathsWithMaxScore(board) == [10, 1]","============================= test session starts =============================
platform win32 -- Python 3.12.10, pytest-8.4.2, pluggy-1.6.0 -- C:\Rep
... [TRUNCATED - showing end] ...
, 'C', 'X'], ['X', 'X', 'F', 'G']]
>       assert solution.pathsWithMaxScore(board) == [10, 1]
               ^^^^^^^^^^^^^^^^^^^^^^^^^^^^^^^^^

test_generated.py:39: 
_ _ _ _ _ _ _ _ _ _ _ _ _ _ _ _ _ _ _ _ _ _ _ _ _ _ _ _ _ _ _ _ _ _ _ _ _ _ _ _

self = <under_test.Solution ob
... [TRUNCATED] ...
   count[i][j] %= kMod
    
          if dp[i][j] != -1 and board[i][j] != 'E':
>           dp[i][j] += int(board[i][j])
                        ^^^^^^^^^^^^^^^^
E           ValueError: invalid literal for int() with base 10: 'F'

under_test.py:49: ValueError
=========================== short test summary info ===========================
FAILED test_generated.py::test_pathsWithMaxScore_line26 - ValueError: invalid...
============================== 1 failed in 0.18s ==============================",SemanticMisunderstanding,"Test provides a board with invalid character 'F' where digits are expected, causing a ValueError in int().",near,,
207,Ministral-3-8B-Instruct-2512-AWQ-8bit,"Two-Step, T=0.0",2467,Runtime,Index out of bounds,"def test_mostProfitablePath():
    edges = [[0, 1], [0, 2], [1, 3], [1, 4]]
    bob = 3
    amount = [5, 3, 2, 1]
    solution = Solution()
    assert solution.mostProfitablePath(edges, bob, amount) == 5","============================= test session starts =============================
platform win32 -- Python 3.12.10, pytest-8.4.2, pluggy-1.6.0 -- C:\Rep
... [TRUNCATED - showing end] ...
 _ _ _ _ _ _ _ _ _ _ _ _ _ _ _ _ _ _ _ _ _ _ _ _ _ _

self = <under_test.Solution object at 0x000002B64896E450>
edges = [[0, 1], [0, 2], [1, 3], [1, 4]], bob = 3, amount = [5, 3, 2, 1]

    def mostProfitablePath(self, edges: List[List[int]], bob: int, amount: List[int]) -> int:
      n = len(amount)
      tree = [[] for _ in range(n)]
      parent = [0] * n
      aliceDist = [-1] * n
    
      for u, v in edges:
        tree[u].append(v)
>       tree[v].append(u)
        ^^^^^^^
E       IndexError: list index out of range

under_test.py:31: IndexError
=========================== short test summary info ===========================
FAILED test_generated.py::test_mostProfitablePath_line27 - IndexError: list i...
============================== 1 failed in 0.15s ==============================",SemanticMisunderstanding,"Test provides an edge with node 4 but the amount array has size 4 (nodes 0-3), causing an IndexError.",near,graph node index out of bounds,
208,Ministral-3-8B-Instruct-2512-AWQ-8bit,"One-Step, T=0.0",2911,Assertion,Value mismatch,"def test_minimumChanges():
    solution = Solution()
    assert solution.minimumChanges(""abxba"", 2) == 1","============================= test session starts =============================
platform win32 -- Python 3.12.10, pytest-8.4.2, pluggy-1.6.0 -- C:\Rep
... [TRUNCATED - showing end] ...
nges_line52 FAILED                     [100%]

================================== FAILURES ===================================
_________________________ test_minimumChanges_line52 __________________________

    def test_minimumChanges_line52():
        solution = Solution()
>       assert solution.minimumChanges('abxba', 2) == 1
E       AssertionError: assert 2 == 1
E        +  where 2 = minimumChanges('abxba', 2)
E        +    where minimumChanges = <under_test.Solution object at 0x00000184933E07A0>.minimumChanges

test_generated.py:38: AssertionError
=========================== short test summary info ===========================
FAILED test_generated.py::test_minimumChanges_line52 - AssertionError: assert...
============================== 1 failed in 0.20s ==============================",IncorrectAssertion,"Test asserts minimumChanges('abxba', 2) == 1 but correct answer is 2.",high,Incorrect expected value,
209,Ministral-3-8B-Instruct-2512-AWQ-8bit,"One-Step, T=0.0",684,Assertion,Value mismatch,"def test_findRedundantConnection():
    solution = Solution()
    assert solution.findRedundantConnection([[1, 2], [1, 3], [2, 3], [3, 4], [4, 5], [5, 6], [6, 1]]) == [6, 1]","============================= test session starts =============================
platform win32 -- Python 3.12.10, pytest-8.4.2, pluggy-1.6.0 -- C:\Rep
... [TRUNCATED - showing end] ...
ne20():
        solution = Solution()
>       assert solution.findRedundantConnection([[1, 2], [1, 3], [2, 3], [3, 4], [4, 5], [5, 6], [6, 1]]) == [6, 1]
E       AssertionError: assert [2, 3] == [6, 1]
E         
E         At index 0 diff: 2 != 6
E         
E         Full diff:

... [TRUNCATED] ...
iff:
E           [
E         -     6,
E         ?     ^...
E         
E         ...Full output truncated (7 lines hidden), use '-vv' to show

test_generated.py:42: AssertionError
=========================== short test summary info ===========================
FAILED test_generated.py::test_findRedundantConnection_line20 - AssertionErro...
FAILED test_generated.py::test_findRedundantConnection_line22 - AssertionErro...
============================== 2 failed in 0.21s ==============================",IncorrectAssertion,"Test asserts findRedundantConnection(...) == [6, 1] but correct answer is [2, 3].",high,Incorrect expected value,
210,Ministral-3-8B-Instruct-2512-AWQ-8bit,"Two-Step, T=0.0",3029,Assertion,Value mismatch,"def test_minimumTimeToInitialState():
    solution = Solution()
    assert solution.minimumTimeToInitialState(""ababab"", 2) == 2","============================= test session starts =============================
platform win32 -- Python 3.12.10, pytest-8.4.2, pluggy-1.6.0 -- C:\Rep
... [TRUNCATED - showing end] ...
======================== FAILURES ===================================
____________________ test_minimumTimeToInitialState_line19 ____________________

    def test_minimumTimeToInitialState_line19():
        solution = Solution()
>       assert solution.minimumTimeToInitialState('ababab', 2) == 2
E       AssertionError: assert 1 == 2
E        +  where 1 = minimumTimeToInitialState('ababab', 2)
E        +    where minimumTimeToInitialState = <under_test.Solution object at 0x000001EC740CB3E0>.minimumTimeToInitialState

test_generated.py:38: AssertionError
=========================== short test summary info ===========================
FAILED test_generated.py::test_minimumTimeToInitialState_line19 - AssertionEr...
============================== 1 failed in 0.21s ==============================",IncorrectAssertion,"Test asserts minimumTimeToInitialState('ababab', 2) == 2 but correct answer is 1.",high,Incorrect expected value,
211,Ministral-3-8B-Instruct-2512-AWQ-8bit,"Two-Step, T=0.0",1253,Assertion,Value mismatch,"def test_reconstructMatrix():
    solution = Solution()
    assert solution.reconstructMatrix(upper=2, lower=1, colsum=[1, 2, 1]) == [[1, 1, 1], [0, 1, 1]]","============================= test session starts =============================
platform win32 -- Python 3.12.10, pytest-8.4.2, pluggy-1.6.0 -- C:\Rep
... [TRUNCATED - showing end] ...
ructMatrix_line14 ________________________

    def test_reconstructMatrix_line14():
        solution = Solution()
>       assert solution.reconstructMatrix(upper=2, lower=1, colsum=[1, 2, 1]) == [[1, 1, 1], [0, 1, 1]]
E       AssertionError: assert [] == [[1, 1, 1], [0, 1, 1]]
E         
E         Right contains 2 more items, first extra item: [1, 1, 1]
E         
E         Full diff:
E         + []
E         - [
E         -     [...
E         
E         ...Full output truncated (10 lines hidden), use '-vv' to show

test_generated.py:38: AssertionError
=========================== short test summary info ===========================
FAILED test_generated.py::test_reconstructMatrix_line14 - AssertionError: ass...
============================== 1 failed in 0.17s ==============================",IncorrectAssertion,"Test asserts reconstructMatrix(...) == [[1, 1, 1], [0, 1, 1]] but correct answer is an empty list [].",high,Incorrect expected value,
212,Ministral-3-8B-Instruct-2512-AWQ-8bit,"Two-Step, T=0.0",1928,Assertion,Value mismatch,"def test_minCost():
    solution = Solution()

    # Test case where line 41 is executed
    maxTime = 10
    edges = [
        (0, 1, 2),
        (1, 2, 3),
        (0, 2, 5)
    ]
    passingFees = [1, 2, 3]

    assert solution.minCost(maxTime, edges, passingFees) == 3","============================= test session starts =============================
platform win32 -- Python 3.12.10, pytest-8.4.2, pluggy-1.6.0 -- C:\Rep
... [TRUNCATED - showing end] ...
ES ===================================
_____________________________ test_minCost_line33 _____________________________

    def test_minCost_line33():
        solution = Solution()
        maxTime = 10
        edges = [(0, 1, 2), (1, 2, 3), (0, 2, 5)]
        passingFees = [1, 2, 3]
>       assert solution.minCost(maxTime, edges, passingFees) == 3
E       assert 4 == 3
E        +  where 4 = minCost(10, [(0, 1, 2), (1, 2, 3), (0, 2, 5)], [1, 2, 3])
E        +    where minCost = <under_test.Solution object at 0x000001910E2EC230>.minCost

test_generated.py:41: AssertionError
=========================== short test summary info ===========================
FAILED test_generated.py::test_minCost_line33 - assert 4 == 3
============================== 1 failed in 0.16s ==============================",IncorrectAssertion,Test asserts minCost(...) == 3 but correct answer is 4.,high,Incorrect expected value,
213,Ministral-3-8B-Instruct-2512-AWQ-8bit,"Two-Step, T=0.0",1765,Assertion,Value mismatch,"def test_highestPeak():
    solution = Solution()
    assert solution.highestPeak([[0, 0, 0], [0, 1, 0], [0, 0, 0]]) == [[1, 0, 1], [0, 0, 0], [1, 0, 1]]","============================= test session starts =============================
platform win32 -- Python 3.12.10, pytest-8.4.2, pluggy-1.6.0 -- C:\Rep
... [TRUNCATED - showing end] ...
_________________

    def test_highestPeak_line22():
        solution = Solution()
>       assert solution.highestPeak([[0, 0, 0], [0, 1, 0], [0, 0, 0]]) == [[1, 0, 1], [0, 0, 0], [1, 0, 1]]
E       AssertionError: assert [[2, 1, 2], [...1], [2, 1, 2]] == [[1, 0, 1], [...0], [1, 0, 1]]
E         
E         At index 0 diff: [2, 1, 2] != [1, 0, 1]
E         
E         Full diff:
E           [
E         +     [
E         +         2,...
E         
E         ...Full output truncated (25 lines hidden), use '-vv' to show

test_generated.py:38: AssertionError
=========================== short test summary info ===========================
FAILED test_generated.py::test_highestPeak_line22 - AssertionError: assert [[...
============================== 1 failed in 0.17s ==============================",IncorrectAssertion,"Test asserts highestPeak(...) == [[1, 0, 1], [0, 0, 0], [1, 0, 1]] but correct answer is [[2, 1, 2], [1, 0, 1], [2, 1, 2]].",high,Incorrect expected value,
214,Ministral-3-8B-Instruct-2512-AWQ-8bit,"Two-Step, T=0.0",794,Assertion,Value mismatch,"def test_validTicTacToe():
    solution = Solution()
    assert solution.validTicTacToe([
        [""X"", ""O"", ""X""],
        [""O"", ""X"", ""O""],
        [""X"", ""O"", ""X""]
    ]) == False","============================= test session starts =============================
platform win32 -- Python 3.12.10, pytest-8.4.2, pluggy-1.6.0 -- C:\Rep
... [TRUNCATED - showing end] ...
==============================
_________________________ test_validTicTacToe_line20 __________________________

    def test_validTicTacToe_line20():
        solution = Solution()
>       assert solution.validTicTacToe([['X', 'O', 'X'], ['O', 'X', 'O'], ['X', 'O', 'X']]) == False
E       AssertionError: assert True == False
E        +  where True = validTicTacToe([['X', 'O', 'X'], ['O', 'X', 'O'], ['X', 'O', 'X']])
E        +    where validTicTacToe = <under_test.Solution object at 0x000001F5661ED220>.validTicTacToe

test_generated.py:38: AssertionError
=========================== short test summary info ===========================
FAILED test_generated.py::test_validTicTacToe_line20 - AssertionError: assert...
============================== 1 failed in 0.17s ==============================",IncorrectAssertion,Test asserts validTicTacToe(...) == False but correct answer is True.,high,Incorrect expected value,
215,Ministral-3-8B-Instruct-2512-AWQ-8bit,"Two-Step, T=0.0",2462,Assertion,Value mismatch,"def test_totalCost():
    solution = Solution()
    assert solution.totalCost([1, 2, 3, 4, 5, 6], 3, 2) == 10","============================= test session starts =============================
platform win32 -- Python 3.12.10, pytest-8.4.2, pluggy-1.6.0 -- C:\Rep
... [TRUNCATED - showing end] ...
nerated.py::test_totalCost_line27 FAILED                          [100%]

================================== FAILURES ===================================
____________________________ test_totalCost_line27 ____________________________

    def test_totalCost_line27():
        solution = Solution()
>       assert solution.totalCost([1, 2, 3, 4, 5, 6], 3, 2) == 10
E       assert 6 == 10
E        +  where 6 = totalCost([1, 2, 3, 4, 5, 6], 3, 2)
E        +    where totalCost = <under_test.Solution object at 0x00000213BBF9BD70>.totalCost

test_generated.py:38: AssertionError
=========================== short test summary info ===========================
FAILED test_generated.py::test_totalCost_line27 - assert 6 == 10
============================== 1 failed in 0.16s ==============================",IncorrectAssertion,"Test asserts totalCost([1, 2, 3, 4, 5, 6], 3, 2) == 10 but correct answer is 6.",high,Incorrect expected value,
216,Ministral-3-8B-Instruct-2512-AWQ-8bit,"Two-Step, T=0.0",336,Assertion,Value mismatch,"def test_palindromePairs():
    solution = Solution()
    assert solution.palindromePairs([""a"", """", ""a""]) == [[1, 0], [1, 2]]","============================= test session starts =============================
platform win32 -- Python 3.12.10, pytest-8.4.2, pluggy-1.6.0 -- C:\Rep
... [TRUNCATED - showing end] ...
_________________________

    def test_palindromePairs_line18():
        solution = Solution()
>       assert solution.palindromePairs(['a', '', 'a']) == [[1, 0], [1, 2]]
E       AssertionError: assert [[0, 1], [0, ...2, 1], [1, 2]] == [[1, 0], [1, 2]]
E         
E         At index 0 diff: [0, 1] != [1, 0]
E         Left contains 3 more items, first extra item: [1, 0]
E         
E         Full diff:
E           [
E         +     [...
E         
E         ...Full output truncated (20 lines hidden), use '-vv' to show

test_generated.py:38: AssertionError
=========================== short test summary info ===========================
FAILED test_generated.py::test_palindromePairs_line18 - AssertionError: asser...
============================== 1 failed in 0.17s ==============================",IncorrectAssertion,"Test asserts palindromePairs(['a', '', 'a']) == [[1, 0], [1, 2]] but correct answer contains more pairs including [0, 1], [0, 2], [2, 1].",high,Incorrect expected value,
217,Ministral-3-8B-Instruct-2512-AWQ-8bit,"One-Step, T=0.0",927,Assertion,Value mismatch,"def test_threeEqualParts():
    solution = Solution()
    assert solution.threeEqualParts([1, 1, 0, 1, 0, 1, 1, 0, 1, 1, 0, 1, 1, 0, 1, 1]) == [5, 11]","============================= test session starts =============================
platform win32 -- Python 3.12.10, pytest-8.4.2, pluggy-1.6.0 -- C:\Rep
... [TRUNCATED - showing end] ...
===
_________________________ test_threeEqualParts_line16 _________________________

    def test_threeEqualParts_line16():
        solution = Solution()
>       assert solution.threeEqualParts([1, 1, 0, 1, 0, 1, 1, 0, 1, 1, 0, 1, 1, 0, 1, 1]) == [5, 11]
E       AssertionError: assert [-1, -1] == [5, 11]
E         
E         At index 0 diff: -1 != 5
E         
E         Full diff:
E           [
E         -     5,
E         -     11,...
E         
E         ...Full output truncated (5 lines hidden), use '-vv' to show

test_generated.py:38: AssertionError
=========================== short test summary info ===========================
FAILED test_generated.py::test_threeEqualParts_line16 - AssertionError: asser...
============================== 1 failed in 0.17s ==============================",IncorrectAssertion,"Test asserts threeEqualParts(...) == [5, 11] but correct answer is [-1, -1].",high,Incorrect expected value,
218,pynguin_results,"One-Step, T=unknown",684,Assertion,Value mismatch; Incomplete test structure,"# Test cases automatically generated by Pynguin (https://www.pynguin.eu).
# Please check them before you use them.
import pytest
import under_test as module_0


@pytest.mark.xfail(strict=True)
def test_case_0():
    solution_0 = module_0.Solution()
    list_0 = []
    list_1 = [list_0, list_0]
    solution_0.findRedundantConnection(list_1)


@pytest.mark.xfail(strict=True)
def test_case_1():
    solution_0 = module_0.Solution()
    list_0 = []
    list_1 = solution_0.findRedundantConnection(list_0)
    module_0.Solution(**list_1)


def test_case_2():
    int_0 = 1645
    union_find_0 = module_0.UnionFind(int_0)
    assert (
        f""{type(union_find_0).__module__}.{type(union_find_0).__qualname__}""
        == ""solution_pkg.UnionFind""
    )
... [TRUNCATED] ...
     3696,
        3697,
        3698,
        3699,
        3700,
        3701,
        3702,
        3703,
        3704,
        3705,
        3706,
        3707,
        3708,
        3709,
        3710,
        3711,
        3712,
        3713,
        3714,
        3715,
        3716,
        3717,
        3718,
        3719,
        3720,
        3721,
        3722,
        3723,
        3724,
        3725,
        3726,
        3727,
    ]
    union_find_0.unionByRank(int_2, union_find_0)","============================= test session starts =============================
platform win32 -- Python 3.12.10, pytest-8.4.2, pluggy-1.6.0 -- C:\Rep
... [TRUNCATED - showing end] ...
                                [ 55%]
test_generated.py::test_case_5 FAILED                                    [ 66%]
test_generated.py::test_case_6 XFAIL                                     [ 77%]
test_generated.py::test_case_7 XFAIL                                     [ 88%]

... [TRUNCATED] ...
: AssertionError
=========================== short test summary info ===========================
FAILED test_generated.py::test_case_2 - AssertionError: assert 'under_test.Un...
FAILED test_generated.py::test_case_3 - AssertionError: assert 'under_test.Un...
FAILED test_generated.py::test_case_4 - AssertionError: assert 'under_test.Un...
FAILED test_generated.py::test_case_5 - AssertionError: assert 'under_test.Un...
======================== 4 failed, 5 xfailed in 3.21s =========================",IncorrectAssertion,Test asserts the module name of the UnionFind object is 'solution_pkg.UnionFind' instead of 'under_test.UnionFind'.,near,Pynguin solution_pkg module name assertion,
219,pynguin_results,"One-Step, T=unknown",939,Runtime,Incomplete test structure,"# Test cases automatically generated by Pynguin (https://www.pynguin.eu).
# Please check them before you use them.
import pytest
import under_test as module_0


@pytest.mark.xfail(strict=True)
def test_case_0():
    solution_0 = module_0.Solution()
    list_0 = []
    list_1 = [list_0, list_0]
    solution_0.minAreaRect(list_1)


@pytest.mark.xfail(strict=True)
def test_case_1():
    solution_0 = module_0.Solution()
    int_0 = 1295
    list_0 = [int_0, int_0]
    list_1 = [list_0, list_0, list_0]
    solution_0.minAreaRect(list_1)


def test_case_2():
    solution_0 = module_0.Solution()


@pytest.mark.xfail(strict=True)
def test_case_3():
    solution_0 = module_0.Solution()
    bool_0 = False
    int_0 = -1249
    list_0 = [int_0, int_0]
    list_1 = [bool_0, bool_0]
    list_2 = [list_0, list_0, list_1]
    solution_0.minAreaRect(list_2)


@pytest.mark.xfail(strict=True)
def test_case_4():
    solution_0 = module_0.Solution()
    int_0 = 2685
    bool_0 = True
    solution_1 = module_0.Solution()
    list_0 = [bool_0, bool_0]
    list_1 = [int_0, bool_0]
    list_2 = [list_0, list_0, list_1]
    solution_0.minAreaRect(list_2)","============================= test session starts =============================
platform win32 -- Python 3.12.10, pytest-8.4.2, pluggy-1.6.0 -- C:\Rep
... [TRUNCATED - showing end] ...
generated.py::test_case_3 FAILED                                    [ 80%]
test_generated.py::test_case_4 FAILED                                    [100%]

================================== FAILURES ===================================
_________________________________ test_case_1 _________________________________
[XPASS(strict)] 
_________________________________ test_case_3 _________________________________
[XPASS(strict)] 
_________________________________ test_case_4 _________________________________
[XPASS(strict)] 
=========================== short test summary info ===========================
FAILED test_generated.py::test_case_1
FAILED test_generated.py::test_case_3
FAILED test_generated.py::test_case_4
=================== 3 failed, 1 passed, 1 xfailed in 0.19s ====================",IncorrectAssertion,"Test is marked as xfail(strict=True) expecting an exception, but it runs successfully and passes.",near,Pynguin XPASS(strict),
220,pynguin_results,"One-Step, T=unknown",952,Assertion,Value mismatch; Incomplete test structure,"# Test cases automatically generated by Pynguin (https://www.pynguin.eu).
# Please check them before you use them.
import pytest
import under_test as module_0
import re as module_1


def test_case_0():
    solution_0 = module_0.Solution()
    solution_1 = module_0.Solution()
    int_0 = 68
    union_find_0 = module_0.UnionFind(int_0)
    assert (
        f""{type(union_find_0).__module__}.{type(union_find_0).__qualname__}""
        == ""solution_pkg.UnionFind""
    )
    assert union_find_0.id == [
        0,
        1,
        2,
        3,
        4,
        5,
        6,
        7,
        8,
        9,
        10,
        11,
        12,
        13,
        14,
        15,
        16,
        17,
        18,
        19,
        20,
        
... [TRUNCATED] ...
0,
        0,
        0,
        0,
        0,
        0,
        0,
        0,
        0,
        0,
        0,
        0,
        0,
        0,
        0,
        0,
        0,
        0,
        0,
        0,
        0,
        0,
        0,
        0,
        0,
        0,
        0,
        0,
        0,
        0,
    ]
    int_1 = 346
    list_0 = [int_1, int_0, int_1]
    int_2 = solution_0.largestComponentSize(list_0)
    assert int_2 == 3
    solution_1.largestComponentSize(solution_0)","============================= test session starts =============================
platform win32 -- Python 3.12.10, pytest-8.4.2, pluggy-1.6.0 -- C:\Rep
... [TRUNCATED - showing end] ...
se_0 _________________________________

    def test_case_0():
        solution_0 = module_0.Solution()
        solution_1 = module_0.Solution()
        int_0 = 68
        union_find_0 = module_0.UnionFind(int_0)
>       assert (
            f""{type(union_find_0).__module__}.{type(union_find_0).__qualname__}""
            == ""solution_pkg.UnionFind""
        )
E       AssertionError: assert 'under_test.UnionFind' == 'solution_pkg.UnionFind'
E         
E         - solution_pkg.UnionFind
E         + under_test.UnionFind

test_generated.py:28: AssertionError
=========================== short test summary info ===========================
FAILED test_generated.py::test_case_0 - AssertionError: assert 'under_test.Un...
=================== 1 failed, 2 passed, 2 xfailed in 0.21s ====================",IncorrectAssertion,Test asserts the module name of the UnionFind object is 'solution_pkg.UnionFind' instead of 'under_test.UnionFind'.,near,Pynguin solution_pkg module name assertion,
221,pynguin_results,"One-Step, T=unknown",1489,Assertion,Value mismatch; Incomplete test structure,"# Test cases automatically generated by Pynguin (https://www.pynguin.eu).
# Please check them before you use them.
import pytest
import under_test as module_0


def test_case_0():
    solution_0 = module_0.Solution()
    bool_0 = True
    list_0 = []
    list_1 = solution_0.findCriticalAndPseudoCriticalEdges(bool_0, list_0)


@pytest.mark.xfail(strict=True)
def test_case_1():
    solution_0 = module_0.Solution()
    bool_0 = True
    list_0 = []
    list_1 = [list_0, list_0, list_0, list_0]
    solution_0.findCriticalAndPseudoCriticalEdges(bool_0, list_1)


@pytest.mark.xfail(strict=True)
def test_case_2():
    solution_0 = module_0.Solution()
    list_0 = []
    solution_0.findCriticalAndPseudoCriticalEdges(solution_0, list_0)


def test_c
... [TRUNCATED] ...
0,
        0,
        0,
        0,
        0,
        0,
        0,
        0,
        0,
        0,
        0,
        0,
        0,
        0,
        0,
        0,
        0,
        0,
    ]
    union_find_1 = module_0.UnionFind(int_1)


@pytest.mark.xfail(strict=True)
def test_case_8():
    solution_0 = module_0.Solution()
    int_0 = 461
    int_1 = 41
    int_2 = 355
    list_0 = [int_1, int_2]
    list_1 = [list_0, list_0]
    solution_0.findCriticalAndPseudoCriticalEdges(int_0, list_1)","============================= test session starts =============================
platform win32 -- Python 3.12.10, pytest-8.4.2, pluggy-1.6.0 -- C:\Rep
... [TRUNCATED - showing end] ...
                                 [ 55%]
test_generated.py::test_case_5 PASSED                                    [ 66%]
test_generated.py::test_case_6 FAILED                                    [ 77%]
test_generated.py::test_case_7 FAILED                                    [ 88%]
... [TRUNCATED] ...
nFind

test_generated.py:78: AssertionError
_________________________________ test_case_8 _________________________________
[XPASS(strict)] 
=========================== short test summary info ===========================
FAILED test_generated.py::test_case_6 - AssertionError: assert 'under_test.Un...
FAILED test_generated.py::test_case_7 - AssertionError: assert 'under_test.Un...
FAILED test_generated.py::test_case_8
=================== 3 failed, 3 passed, 3 xfailed in 0.50s ====================",IncorrectAssertion,Test asserts the module name of the UnionFind object is 'solution_pkg.UnionFind' instead of 'under_test.UnionFind'.,near,Pynguin solution_pkg module name assertion,
222,pynguin_results,"One-Step, T=unknown",1579,Assertion,Value mismatch; Incomplete test structure,"# Test cases automatically generated by Pynguin (https://www.pynguin.eu).
# Please check them before you use them.
import pytest
import under_test as module_0
import re as module_1
import enum as module_2


def test_case_0():
    int_0 = 557
    union_find_0 = module_0.UnionFind(int_0)
    assert (
        f""{type(union_find_0).__module__}.{type(union_find_0).__qualname__}""
        == ""solution_pkg.UnionFind""
    )
    assert union_find_0.count == 557
    assert union_find_0.id == [
        0,
        1,
        2,
        3,
        4,
        5,
        6,
        7,
        8,
        9,
        10,
        11,
        12,
        13,
        14,
        15,
        16,
        17,
        18,
        19,
        20,
        21,
        
... [TRUNCATED] ...

    list_1 = [list_0]
    int_0 = solution_0.maxNumEdgesToRemove(bool_0, list_1)
    assert int_0 == 1
    int_1 = 3
    bool_1 = False
    list_2 = [int_1, bool_1, int_1]
    int_2 = solution_0.maxNumEdgesToRemove(int_0, list_1)
    assert int_2 == 1
    solution_2 = module_0.Solution()
    list_3 = [list_0, list_0, list_2]
    int_3 = solution_1.maxNumEdgesToRemove(int_1, list_3)
    assert int_3 == -1
    int_4 = solution_0.maxNumEdgesToRemove(bool_0, list_1)
    var_0 = module_2._EnumDict()","============================= test session starts =============================
platform win32 -- Python 3.12.10, pytest-8.4.2, pluggy-1.6.0 -- C:\Rep
... [TRUNCATED - showing end] ...
                                  [ 45%]
test_generated.py::test_case_5 PASSED                                    [ 54%]
test_generated.py::test_case_6 FAILED                                    [ 63%]
test_generated.py::test_case_7 XFAIL                                     [ 72%
... [TRUNCATED] ...
: AssertionError
=========================== short test summary info ===========================
FAILED test_generated.py::test_case_0 - AssertionError: assert 'under_test.Un...
FAILED test_generated.py::test_case_3 - AssertionError: assert 'under_test.Un...
FAILED test_generated.py::test_case_6 - AssertionError: assert 'under_test.Un...
FAILED test_generated.py::test_case_8 - AssertionError: assert 'under_test.Un...
=================== 4 failed, 5 passed, 2 xfailed in 0.55s ====================",IncorrectAssertion,Test asserts the module name of the UnionFind object is 'solution_pkg.UnionFind' instead of 'under_test.UnionFind'.,near,Pynguin solution_pkg module name assertion,
223,pynguin_results,"One-Step, T=unknown",1627,Assertion,Value mismatch; Incomplete test structure,"# Test cases automatically generated by Pynguin (https://www.pynguin.eu).
# Please check them before you use them.
import pytest
import under_test as module_0
import heapq as module_1


def test_case_0():
    solution_0 = module_0.Solution()
    bool_0 = False
    dict_0 = {}
    list_0 = solution_0.areConnected(bool_0, bool_0, dict_0)


def test_case_1():
    solution_0 = module_0.Solution()


def test_case_2():
    int_0 = 918
    union_find_0 = module_0.UnionFind(int_0)
    assert (
        f""{type(union_find_0).__module__}.{type(union_find_0).__qualname__}""
        == ""solution_pkg.UnionFind""
    )
    assert union_find_0.id == [
        0,
        1,
        2,
        3,
        4,
        5,
        6,
        7,
        8,
        9
... [TRUNCATED] ...
module_0.Solution()
    bool_0 = True
    dict_0 = {bool_0: bool_0}
    solution_0.areConnected(bool_0, bool_0, dict_0)


@pytest.mark.xfail(strict=True)
def test_case_6():
    solution_0 = module_0.Solution()
    none_type_0 = None
    int_0 = 772
    int_1 = -1584
    list_0 = [int_0, int_1]
    int_2 = 3576
    list_1 = [list_0]
    list_2 = solution_0.areConnected(int_2, int_0, list_1)
    list_3 = []
    solution_1 = module_0.Solution(*list_3)
    module_1.nsmallest(none_type_0, solution_1)","============================= test session starts =============================
platform win32 -- Python 3.12.10, pytest-8.4.2, pluggy-1.6.0 -- C:\Rep
... [TRUNCATED - showing end] ...
RES ===================================
_________________________________ test_case_2 _________________________________

    def test_case_2():
        int_0 = 918
        union_find_0 = module_0.UnionFind(int_0)
>       assert (
            f""{type(union_find_0).__module__}.{type(union_find_0).__qualname__}""
            == ""solution_pkg.UnionFind""
        )
E       AssertionError: assert 'under_test.UnionFind' == 'solution_pkg.UnionFind'
E         
E         - solution_pkg.UnionFind
E         + under_test.UnionFind

test_generated.py:37: AssertionError
=========================== short test summary info ===========================
FAILED test_generated.py::test_case_2 - AssertionError: assert 'under_test.Un...
=================== 1 failed, 2 passed, 4 xfailed in 0.31s ====================",IncorrectAssertion,Test asserts the module name of the UnionFind object is 'solution_pkg.UnionFind' instead of 'under_test.UnionFind'.,near,Pynguin solution_pkg module name assertion,
224,pynguin_results,"One-Step, T=unknown",1707,Assertion,Value mismatch; Incomplete test structure,"# Test cases automatically generated by Pynguin (https://www.pynguin.eu).
# Please check them before you use them.
import pytest
import under_test as module_0
import collections as module_1
import sortedcontainers.sorteddict as module_2


def test_case_0():
    solution_0 = module_0.Solution()
    int_0 = 811
    list_0 = [int_0, int_0]
    list_1 = [list_0]
    list_2 = solution_0.maximizeXor(list_0, list_1)


def test_case_1():
    bool_0 = True
    bit_trie_0 = module_0.BitTrie(bool_0)
    assert (
        f""{type(bit_trie_0).__module__}.{type(bit_trie_0).__qualname__}""
        == ""solution_pkg.BitTrie""
    )
    assert bit_trie_0.maxBit is True
    assert (
        f""{type(bit_trie_0.root).__module__}.{type(bit_trie_0.root).__qualname__
... [TRUNCATED] ...
_}""
        == ""solution_pkg.TrieNode""
    )
    assert trie_node_0.children == [None, None]
    solution_0 = module_0.Solution()
    int_1 = 811
    list_0 = [int_1, int_1]
    list_1 = [list_0]
    list_2 = solution_0.maximizeXor(list_0, list_1)
    int_2 = 4166
    list_3 = [int_1, int_2]
    list_4 = solution_0.maximizeXor(list_3, list_1)
    sorted_keys_view_0 = module_2.SortedKeysView(solution_0)
    list_5 = solution_0.maximizeXor(list_2, list_1)
    sorted_keys_view_0.__contains__(set_0)","============================= test session starts =============================
platform win32 -- Python 3.12.10, pytest-8.4.2, pluggy-1.6.0 -- C:\Rep
... [TRUNCATED - showing end] ...
                                 [ 62%]
test_generated.py::test_case_5 PASSED                                    [ 75%]
test_generated.py::test_case_6 XFAIL                                     [ 87%]
test_generated.py::test_case_7 XFAIL                                     [100%]
... [TRUNCATED] ...
nError: assert 'under_test.TrieNode' == 'solution_pkg.TrieNode'
E         
E         - solution_pkg.TrieNode
E         + under_test.TrieNode

test_generated.py:49: AssertionError
=========================== short test summary info ===========================
FAILED test_generated.py::test_case_1 - AssertionError: assert 'under_test.Bi...
FAILED test_generated.py::test_case_2 - AssertionError: assert 'under_test.Tr...
=================== 2 failed, 3 passed, 3 xfailed in 0.22s ====================",IncorrectAssertion,Test asserts the module name of the BitTrie object is 'solution_pkg.BitTrie' instead of 'under_test.BitTrie'.,near,Pynguin solution_pkg module name assertion,
225,pynguin_results,"One-Step, T=unknown",1722,Assertion,Value mismatch; Incomplete test structure,"# Test cases automatically generated by Pynguin (https://www.pynguin.eu).
# Please check them before you use them.
import pytest
import under_test as module_0
import sortedcontainers.sortedlist as module_1


def test_case_0():
    int_0 = 3708
    union_find_0 = module_0.UnionFind(int_0)
    assert (
        f""{type(union_find_0).__module__}.{type(union_find_0).__qualname__}""
        == ""solution_pkg.UnionFind""
    )
    assert union_find_0.id == [
        0,
        1,
        2,
        3,
        4,
        5,
        6,
        7,
        8,
        9,
        10,
        11,
        12,
        13,
        14,
        15,
        16,
        17,
        18,
        19,
        20,
        21,
        22,
        23,
        24,
       
... [TRUNCATED] ...
= solution_0.minimumHammingDistance(list_0, list_0, list_1)
    assert int_1 == 0
    list_2 = [int_0, bool_0]
    solution_1 = module_0.Solution()
    list_3 = [list_2, list_0, list_2, list_2]
    int_2 = solution_0.minimumHammingDistance(list_0, list_0, list_3)
    assert int_2 == 0
    union_find_0 = module_0.UnionFind(int_0)
    assert union_find_0.rank == [0]
    int_3 = module_1.recursive_repr()
    list_4 = [list_0, list_0]
    solution_1.minimumHammingDistance(list_4, list_2, solution_1)","============================= test session starts =============================
platform win32 -- Python 3.12.10, pytest-8.4.2, pluggy-1.6.0 -- C:\Rep
... [TRUNCATED - showing end] ...
                                 [ 55%]
test_generated.py::test_case_5 XFAIL                                     [ 66%]
test_generated.py::test_case_6 FAILED                                    [ 77%]
test_generated.py::test_case_7 FAILED                                    [ 88%]
... [TRUNCATED] ...
: AssertionError
=========================== short test summary info ===========================
FAILED test_generated.py::test_case_0 - AssertionError: assert 'under_test.Un...
FAILED test_generated.py::test_case_2 - AssertionError: assert 'under_test.Un...
FAILED test_generated.py::test_case_6 - AssertionError: assert 'under_test.Un...
FAILED test_generated.py::test_case_7 - AssertionError: assert 'under_test.Un...
=================== 4 failed, 1 passed, 4 xfailed in 1.14s ====================",IncorrectAssertion,Test asserts the module name of the UnionFind object is 'solution_pkg.UnionFind' instead of 'under_test.UnionFind'.,near,Pynguin solution_pkg module name assertion,
226,pynguin_results,"One-Step, T=unknown",1938,Assertion,Value mismatch; Incomplete test structure,"# Test cases automatically generated by Pynguin (https://www.pynguin.eu).
# Please check them before you use them.
import pytest
import under_test as module_0
import sortedcontainers.sortedlist as module_1


@pytest.mark.xfail(strict=True)
def test_case_0():
    trie_0 = module_0.Trie()
    assert (
        f""{type(trie_0).__module__}.{type(trie_0).__qualname__}"" == ""solution_pkg.Trie""
    )
    assert (
        f""{type(trie_0.root).__module__}.{type(trie_0.root).__qualname__}""
        == ""solution_pkg.TrieNode""
    )
    assert trie_0.kHeight == 17
    bool_0 = False
    trie_0.update(bool_0, trie_0)


def test_case_1():
    trie_0 = module_0.Trie()
    assert (
        f""{type(trie_0).__module__}.{type(trie_0).__qualname__}"" == ""solution_
... [TRUNCATED] ...
e_node_0)
    assert var_0.children == [None, None]
    assert var_0.count == 0
    trie_node_1 = module_0.TrieNode()
    assert trie_node_1.children == [None, None]
    assert trie_node_1.count == 0
    int_0 = -1270
    none_type_0 = trie_0.update(int_0, int_0)
    trie_0.query(bool_0)


@pytest.mark.xfail(strict=True)
def test_case_9():
    solution_0 = module_0.Solution()
    bool_0 = True
    list_0 = [bool_0, bool_0]
    list_1 = [list_0]
    solution_0.maxGeneticDifference(list_0, list_1)","============================= test session starts =============================
platform win32 -- Python 3.12.10, pytest-8.4.2, pluggy-1.6.0 -- C:\Rep
... [TRUNCATED - showing end] ...
                                  [ 50%]
test_generated.py::test_case_5 XFAIL                                     [ 60%]
test_generated.py::test_case_6 PASSED                                    [ 70%]
test_generated.py::test_case_7 FAILED                                    [ 80%
... [TRUNCATED] ...
: AssertionError
=========================== short test summary info ===========================
FAILED test_generated.py::test_case_1 - AssertionError: assert 'under_test.Tr...
FAILED test_generated.py::test_case_3 - AssertionError: assert 'under_test.Tr...
FAILED test_generated.py::test_case_4 - AssertionError: assert 'under_test.Tr...
FAILED test_generated.py::test_case_7 - AssertionError: assert 'under_test.Tr...
=================== 4 failed, 1 passed, 5 xfailed in 0.34s ====================",IncorrectAssertion,Test asserts the module name of the Trie object is 'solution_pkg.Trie' instead of 'under_test.Trie'.,near,Pynguin solution_pkg module name assertion,
227,pynguin_results,"One-Step, T=unknown",2076,Assertion,Value mismatch; Incomplete test structure,"# Test cases automatically generated by Pynguin (https://www.pynguin.eu).
# Please check them before you use them.
import pytest
import under_test as module_0


def test_case_0():
    solution_0 = module_0.Solution()
    list_0 = []
    int_0 = 1027
    int_1 = 478
    int_2 = 350
    list_1 = [int_2, int_1]
    list_2 = [list_1, list_1, list_1]
    list_3 = solution_0.friendRequests(int_0, list_0, list_2)


def test_case_1():
    solution_0 = module_0.Solution()
    int_0 = 1032
    int_1 = -1014
    int_2 = 338
    list_0 = [int_2, int_1]
    list_1 = [list_0, list_0, list_0]
    list_2 = solution_0.friendRequests(int_0, list_1, list_1)


def test_case_2():
    solution_0 = module_0.Solution()
    int_0 = 1032
    int_1 = 472
    int_2 = 
... [TRUNCATED] ...
      0,
        0,
        0,
        0,
        0,
        0,
        0,
        0,
        0,
        0,
        0,
        0,
        0,
        0,
        0,
        0,
        0,
        0,
    ]
    list_1 = [int_2, int_1]
    list_2 = solution_0.friendRequests(int_0, list_0, list_0)
    list_3 = solution_0.friendRequests(int_0, list_0, list_0)
    bool_0 = True
    list_4 = [int_2, bool_0]
    list_5 = [list_4, list_1, list_1]
    list_6 = solution_0.friendRequests(int_0, list_0, list_5)","============================= test session starts =============================
platform win32 -- Python 3.12.10, pytest-8.4.2, pluggy-1.6.0 -- C:\Rep
... [TRUNCATED - showing end] ...
                                 [ 71%]
test_generated.py::test_case_5 FAILED                                    [ 85%]
test_generated.py::test_case_6 FAILED                                    [100%]

================================== FAILURES ==================================
... [TRUNCATED] ...
r: assert 'under_test.UnionFind' == 'solution_pkg.UnionFind'
E         
E         - solution_pkg.UnionFind
E         + under_test.UnionFind

test_generated.py:803: AssertionError
=========================== short test summary info ===========================
FAILED test_generated.py::test_case_5 - AssertionError: assert 'under_test.Un...
FAILED test_generated.py::test_case_6 - AssertionError: assert 'under_test.Un...
=================== 2 failed, 4 passed, 1 xfailed in 0.24s ====================",IncorrectAssertion,Test asserts the module name of the UnionFind object is 'solution_pkg.UnionFind' instead of 'under_test.UnionFind'.,near,Pynguin solution_pkg module name assertion,
228,pynguin_results,"One-Step, T=unknown",2092,Assertion,Value mismatch; Incomplete test structure,"# Test cases automatically generated by Pynguin (https://www.pynguin.eu).
# Please check them before you use them.
import pytest
import under_test as module_0
import textwrap as module_1


@pytest.mark.xfail(strict=True)
def test_case_0():
    solution_0 = module_0.Solution()
    bool_0 = True
    solution_0.findAllPeople(bool_0, bool_0, bool_0)


def test_case_1():
    solution_0 = module_0.Solution()


def test_case_2():
    int_0 = -1708
    union_find_0 = module_0.UnionFind(int_0)
    assert (
        f""{type(union_find_0).__module__}.{type(union_find_0).__qualname__}""
        == ""solution_pkg.UnionFind""
    )
    assert union_find_0.id == []
    assert union_find_0.rank == []


@pytest.mark.xfail(strict=True)
def test_case_3():
    boo
... [TRUNCATED] ...
n()
    bool_0 = True
    bool_1 = True
    none_type_0 = union_find_0.reset(bool_1)
    bool_2 = True
    int_1 = 33
    list_0 = [bool_1, int_1, bool_2]
    int_2 = 2132
    list_1 = [list_0, list_0, list_0, list_0]
    int_3 = 33
    list_2 = solution_0.findAllPeople(int_2, list_1, int_3)
    list_3 = [int_1, bool_1, int_0]
    list_4 = [list_0, list_0, list_3, list_0]
    none_type_1 = None
    none_type_2 = union_find_0.reset(bool_0)
    solution_0.findAllPeople(bool_0, list_4, none_type_1)","============================= test session starts =============================
platform win32 -- Python 3.12.10, pytest-8.4.2, pluggy-1.6.0 -- C:\Rep
... [TRUNCATED - showing end] ...
                                  [ 50%]
test_generated.py::test_case_5 PASSED                                    [ 60%]
test_generated.py::test_case_6 PASSED                                    [ 70%]
test_generated.py::test_case_7 PASSED                                    [ 80%
... [TRUNCATED] ...
alname__}""
            == ""solution_pkg.UnionFind""
        )
E       AssertionError: assert 'under_test.UnionFind' == 'solution_pkg.UnionFind'
E         
E         - solution_pkg.UnionFind
E         + under_test.UnionFind

test_generated.py:37: AssertionError
=========================== short test summary info ===========================
FAILED test_generated.py::test_case_2 - AssertionError: assert 'under_test.Un...
=================== 1 failed, 4 passed, 5 xfailed in 0.43s ====================",IncorrectAssertion,Test asserts the module name of the UnionFind object is 'solution_pkg.UnionFind' instead of 'under_test.UnionFind'.,near,Pynguin solution_pkg module name assertion,
229,pynguin_results,"One-Step, T=unknown",2157,Assertion,Value mismatch; Incomplete test structure,"# Test cases automatically generated by Pynguin (https://www.pynguin.eu).
# Please check them before you use them.
import pytest
import under_test as module_0


def test_case_0():
    solution_0 = module_0.Solution()
    str_0 = ""d""
    list_0 = [str_0, str_0, str_0]
    list_1 = solution_0.groupStrings(list_0)


@pytest.mark.xfail(strict=True)
def test_case_1():
    solution_0 = module_0.Solution()
    list_0 = []
    solution_0.groupStrings(list_0)


def test_case_2():
    solution_0 = module_0.Solution()
    solution_1 = module_0.Solution()
    str_0 = """"
    list_0 = [str_0, str_0, str_0]
    list_1 = solution_1.groupStrings(list_0)


def test_case_3():
    solution_0 = module_0.Solution()


def test_case_4():
    int_0 = -4067
    unio
... [TRUNCATED] ...
    1,
        1,
        1,
        1,
        1,
        1,
        1,
        1,
        1,
    ]
    none_type_1 = union_find_0.unionBySize(bool_0, int_1)


@pytest.mark.xfail(strict=True)
def test_case_6():
    solution_0 = module_0.Solution()
    str_0 = """"
    str_1 = """"
    str_2 = ""t""
    list_0 = [str_0, str_1, str_2, str_1]
    list_1 = solution_0.groupStrings(list_0)
    str_3 = ""d""
    list_2 = [str_3, str_3]
    list_3 = solution_0.groupStrings(list_2)
    module_0.UnionFind(str_3)","============================= test session starts =============================
platform win32 -- Python 3.12.10, pytest-8.4.2, pluggy-1.6.0 -- C:\Rep
... [TRUNCATED - showing end] ...
                                 [ 71%]
test_generated.py::test_case_5 FAILED                                    [ 85%]
test_generated.py::test_case_6 XFAIL                                     [100%]

================================== FAILURES ==================================
... [TRUNCATED] ...
or: assert 'under_test.UnionFind' == 'solution_pkg.UnionFind'
E         
E         - solution_pkg.UnionFind
E         + under_test.UnionFind

test_generated.py:64: AssertionError
=========================== short test summary info ===========================
FAILED test_generated.py::test_case_4 - AssertionError: assert 'under_test.Un...
FAILED test_generated.py::test_case_5 - AssertionError: assert 'under_test.Un...
=================== 2 failed, 3 passed, 2 xfailed in 0.54s ====================",IncorrectAssertion,Test asserts the module name of the UnionFind object is 'solution_pkg.UnionFind' instead of 'under_test.UnionFind'.,near,Pynguin solution_pkg module name assertion,
230,pynguin_results,"One-Step, T=unknown",2932,Assertion,Value mismatch; Incomplete test structure,"# Test cases automatically generated by Pynguin (https://www.pynguin.eu).
# Please check them before you use them.
import pytest
import under_test as module_0


def test_case_0():
    trie_node_0 = module_0.TrieNode()
    assert (
        f""{type(trie_node_0).__module__}.{type(trie_node_0).__qualname__}""
        == ""solution_pkg.TrieNode""
    )
    assert trie_node_0.children == [None, None]
    assert trie_node_0.min == pytest.approx(1e309, abs=0.01, rel=0.01)
    assert trie_node_0.max == pytest.approx(-1e309, abs=0.01, rel=0.01)
    solution_0 = module_0.Solution()
    int_0 = 984
    bit_trie_0 = module_0.BitTrie(int_0)
    int_1 = -99
    int_2 = 3488
    bool_0 = False
    list_0 = [int_1, int_2, bool_0, int_0]
    int_3 = solution_0.
... [TRUNCATED] ...
1, rel=0.01)
    assert trie_node_0.max == pytest.approx(-1e309, abs=0.01, rel=0.01)


def test_case_2():
    solution_0 = module_0.Solution()
    int_0 = 1458
    bit_trie_0 = module_0.BitTrie(int_0)
    assert (
        f""{type(bit_trie_0).__module__}.{type(bit_trie_0).__qualname__}""
        == ""solution_pkg.BitTrie""
    )
    assert bit_trie_0.maxBit == 1458
    assert (
        f""{type(bit_trie_0.root).__module__}.{type(bit_trie_0.root).__qualname__}""
        == ""solution_pkg.TrieNode""
    )","============================= test session starts =============================
platform win32 -- Python 3.12.10, pytest-8.4.2, pluggy-1.6.0 -- C:\Rep
... [TRUNCATED - showing end] ...
case_0 _________________________________

    def test_case_0():
        trie_node_0 = module_0.TrieNode()
>       assert (
            f""{type(trie_node_0).__module__}.{type(trie_node_0).__qualname__}""
            == ""solution_pkg.TrieNode""
        )
E       AssertionError: ass
... [TRUNCATED] ...
      - solution_pkg.BitTrie
E         + under_test.BitTrie

test_generated.py:57: AssertionError
=========================== short test summary info ===========================
FAILED test_generated.py::test_case_0 - AssertionError: assert 'under_test.Tr...
FAILED test_generated.py::test_case_1 - AssertionError: assert 'under_test.Tr...
FAILED test_generated.py::test_case_2 - AssertionError: assert 'under_test.Bi...
============================== 3 failed in 0.24s ==============================",IncorrectAssertion,Test asserts the module name of the TrieNode object is 'solution_pkg.TrieNode' instead of 'under_test.TrieNode'.,near,Pynguin solution_pkg module name assertion,
231,pynguin_results,"One-Step, T=unknown",2976,Runtime,Incomplete test structure,"# Test cases automatically generated by Pynguin (https://www.pynguin.eu).
# Please check them before you use them.
import pytest
import under_test as module_0


@pytest.mark.xfail(strict=True)
def test_case_0():
    solution_0 = module_0.Solution()
    solution_1 = module_0.Solution()
    str_0 = '$""b\n'
    str_1 = ""/8NM/X&w)1^}e""
    list_0 = [str_1]
    int_0 = 90
    bool_0 = True
    list_1 = [int_0, bool_0]
    solution_0.minimumCost(str_0, solution_0, list_0, list_0, list_1)


@pytest.mark.xfail(strict=True)
def test_case_1():
    solution_0 = module_0.Solution()
    str_0 = """"
    solution_0.minimumCost(str_0, str_0, str_0, str_0, str_0)


def test_case_2():
    solution_0 = module_0.Solution()","============================= test session starts =============================
platform win32 -- Python 3.12.10, pytest-8.4.2, pluggy-1.6.0 -- C:\Repos\slm-python-unit-test-benchmark\venv\Scripts\python.exe
cachedir: .pytest_cache
rootdir: C:\Users\cbark\AppData\Local\Temp\eval_2976_tx6ae_87
plugins: anyio-4.12.0, cov-5.0.0
collecting ... collected 3 items

test_generated.py::test_case_0 XFAIL                                     [ 33%]
test_generated.py::test_case_1 FAILED                                    [ 66%]
test_generated.py::test_case_2 PASSED                                    [100%]

================================== FAILURES ===================================
_________________________________ test_case_1 _________________________________
[XPASS(strict)] 
=========================== short test summary info ===========================
FAILED test_generated.py::test_case_1
=================== 1 failed, 1 passed, 1 xfailed in 0.17s ====================",IncorrectAssertion,"Test is marked as xfail(strict=True) expecting an exception, but it runs successfully and passes.",near,Pynguin XPASS(strict),
232,pynguin_results,"One-Step, T=unknown",2977,Runtime,Incomplete test structure,"# Test cases automatically generated by Pynguin (https://www.pynguin.eu).
# Please check them before you use them.
import pytest
import under_test as module_0


@pytest.mark.xfail(strict=True)
def test_case_0():
    solution_0 = module_0.Solution()
    str_0 = ""/8NM/X&w)1^}e""
    bool_0 = True
    list_0 = [bool_0, bool_0, bool_0]
    solution_0.minimumCost(str_0, str_0, str_0, str_0, list_0)


def test_case_1():
    solution_0 = module_0.Solution()
    str_0 = ""!""
    bool_0 = True
    list_0 = [bool_0, bool_0, bool_0]
    int_0 = solution_0.minimumCost(str_0, str_0, str_0, str_0, list_0)
    assert int_0 == 0


def test_case_2():
    solution_0 = module_0.Solution()


def test_case_3():
    solution_0 = module_0.Solution()
    str_0 = '$""
... [TRUNCATED] ...
st_0 = [str_0]
    bool_0 = False
    list_1 = [bool_0, bool_0]
    str_1 = ""$kI.1cy6'eh_""
    int_0 = solution_0.minimumCost(str_1, str_1, list_0, list_0, list_1)
    assert int_0 == 0


def test_case_7():
    solution_0 = module_0.Solution()
    solution_1 = module_0.Solution()
    str_0 = ""/8NM/X&w)1^}e""
    list_0 = [str_0]
    bool_0 = True
    list_1 = [bool_0, bool_0]
    str_1 = ""$kI.1cy6'eh_""
    int_0 = solution_0.minimumCost(str_0, str_1, list_0, list_0, list_1)
    assert int_0 == -1","============================= test session starts =============================
platform win32 -- Python 3.12.10, pytest-8.4.2, pluggy-1.6.0 -- C:\Rep
... [TRUNCATED - showing end] ...
                  [ 37%]
test_generated.py::test_case_3 PASSED                                    [ 50%]
test_generated.py::test_case_4 XFAIL                                     [ 62%]
test_generated.py::test_case_5 PASSED                                    [ 75%]
test_generated.py::test_case_6 PASSED                                    [ 87%]
test_generated.py::test_case_7 PASSED                                    [100%]

================================== FAILURES ===================================
_________________________________ test_case_0 _________________________________
[XPASS(strict)] 
=========================== short test summary info ===========================
FAILED test_generated.py::test_case_0
=================== 1 failed, 6 passed, 1 xfailed in 0.19s ====================",IncorrectAssertion,"Test is marked as xfail(strict=True) expecting an exception, but it runs successfully and passes.",near,Pynguin XPASS(strict),