id,model,config,task_id,failure_mode,auto_detected_patterns,test_code,error_output_summary,root_cause_category,specific_issue,proximity_to_success,recurring_pattern,notes
1,granite-4.0-micro,"One-Step, T=0.0",36011,Runtime,Needs manual review,"def test_set_encoder():
    from unittest.mock import MagicMock
    from __future__ import annotations
    solution = Solution()
    encoder = MagicMock()
    solution.set_encoder(encoder)
    assert global_encoder is encoder","============================= test session starts =============================
platform win32 -- Python 3.12.10, pytest-8.4.2, pluggy-1.6.0 -- C:\Rep
... [TRUNCATED - showing end] ...
:test_set_encoder_line1 FAILED                         [100%]

================================== FAILURES ===================================
___________________________ test_set_encoder_line1 ____________________________

    def test_set_encoder_line1():
        from unittest.mock import MagicMock
        solution = Solution()
        encoder = MagicMock()
        solution.set_encoder(encoder)
>       assert global_encoder is encoder
               ^^^^^^^^^^^^^^
E       NameError: name 'global_encoder' is not defined

test_generated.py:41: NameError
=========================== short test summary info ===========================
FAILED test_generated.py::test_set_encoder_line1 - NameError: name 'global_en...
============================== 1 failed in 0.22s ==============================",MissingDefinition,"Test references global_encoder in the assertion, but it is not available in the test harness.",near,,The model tries to assert against a global module-level variable that was not carried over to the test file.
2,granite-4.0-micro,"Two-Step, T=0.0",68859,Runtime,Needs manual review,"def test_get_activation():
    solution = Solution()
    assert solution.get_activation(""relu"") == ACT2FN[""relu""]","============================= test session starts =============================
platform win32 -- Python 3.12.10, pytest-8.4.2, pluggy-1.6.0 -- C:\Rep
... [TRUNCATED - showing end] ...
_activation_line12():
        solution = Solution()
>       assert solution.get_activation('relu') == ACT2FN['relu']
               ^^^^^^^^^^^^^^^^^^^^^^^^^^^^^^^

test_generated.py:38: 
_ _ _ _ _ _ _ _ _ _ _ _ _ _ _ _ _ _ _ _ _ _ _ _ _ _ _ _ _ _ _ _ _ _ _ _ _ _ _ _

self = <under_test.Solution object at 0x0000014F8DFFE7E0>
activation_string = 'relu'

    def get_activation(self, activation_string):
>       if activation_string in ACT2FN:
                                ^^^^^^
E       NameError: name 'ACT2FN' is not defined

under_test.py:23: NameError
=========================== short test summary info ===========================
FAILED test_generated.py::test_get_activation_line12 - NameError: name 'ACT2F...
============================== 1 failed in 6.80s ==============================",MissingDefinition,Test fails because the module-level constant ACT2FN is not defined in the test harness when executing under_test.py.,near,,Error occurs inside the function under test due to missing module scope definitions in the test environment.
3,granite-4.0-micro,"Two-Step, T=0.0",92186,Runtime,Needs manual review,"def test_get_encoder():
    solution = Solution()
    assert solution.get_encoder() is global_encoder","============================= test session starts =============================
platform win32 -- Python 3.12.10, pytest-8.4.2, pluggy-1.6.0 -- C:\Rep
... [TRUNCATED - showing end] ...
 solution = Solution()
>       assert solution.get_encoder() is global_encoder
               ^^^^^^^^^^^^^^^^^^^^^^

test_generated.py:38: 
_ _ _ _ _ _ _ _ _ _ _ _ _ _ _ _ _ _ _ _ _ _ _ _ _ _ _ _ _ _ _ _ _ _ _ _ _ _ _ _

self = <under_test.Solution object at 0x000001DFD22E13D0>

    def get_encoder(self, ) -> Encoder:
        """"""Get the global encoder object.
    
        Returns:
          Encoder
        """"""
>       return global_encoder
               ^^^^^^^^^^^^^^
E       NameError: name 'global_encoder' is not defined

under_test.py:52: NameError
=========================== short test summary info ===========================
FAILED test_generated.py::test_get_encoder_line20 - NameError: name 'global_e...
============================== 1 failed in 0.19s ==============================",MissingDefinition,"Test fails because the function returns global_encoder, which is not defined in the module scope.",near,,"Similar to row 1, but the error throws inside under_test.py during the function call rather than at the assertion."
4,granite-4.0-micro,"Two-Step, T=0.0",79446,Runtime,Needs manual review,"def test_naturaldelta_years_one():
    solution = Solution()
    assert solution.naturaldelta(datetime.timedelta(days=365)) == ""a year""","============================= test session starts =============================
platform win32 -- Python 3.12.10, pytest-8.4.2, pluggy-1.6.0 -- C:\Rep
... [TRUNCATED - showing end] ...
ime.timedelta(days=365)) == 'a year'
               ^^^^^^^^^^^^^^^^^^^^^^^^^^^^^^^^^^^^^^^^^^^^^^^^^^^

test_generated.py:38: 
_ _ _ _ _ _ _ _ _ _ _ _ _ _ _ _ _ _ _ _ _ _ _ _ _ _ _ _ _ _ _ _ _ _ _ _ _ _ _ _

self = <under_test.Solution object at 0x000002748E660680>
value = date
... [TRUNCATED] ...
   Returns:
            str (str or `value`): A natural representation of the amount of time
                elapsed unless `value` is not datetime.timedelta or cannot be
                converted to int (cannot be float due to 'inf' or 'nan').
                In that case, a `value` is returned unchanged.
    
        Raises:
            OverflowError: If `value` is too large to convert to datetime.timedelta.
    
        Examples:
            Compare two timestamps in a custom local timezone::",MissingImport,Uses datetime.timedelta without importing the datetime module.,high,,The trace clearly shows the failure happening directly on datetime.timedelta. A simple import datetime fixes this.
5,granite-4.0-micro,"One-Step, T=0.0",37301,Runtime,Possible API hallucination,"import os
import json
from unittest.mock import MagicMock, patch

def test_evaluate_single_test_worker():
    task_data = {
        'task_id': 'test1',
        'func_name': 'test_func',
        'solution_code': 'def test_func():\n    assert True',
        'raw_test_code': 'def test_func():\n    assert True',
        'mutation_enabled': True,
        'mutation_timeout': 600
    }

    with patch('builtins.subprocess.run') as run_mock, \
         patch('pathlib.Path.write_text') as write_text_mock, \
         patch('pathlib.Path.exists') as exists_mock, \
         patch('pathlib.Path.open') as open_mock, \
         patch('json.load') as load_mock, \
         patch('run_cosmic_ray_analysis') as cosmic_ray_mock:

        solution = Solution()
 
... [TRUNCATED] ...
, encoding='utf-8')
        write_text_mock.assert_any_call(""test_generated.py"", harness + f""\ntest_{func_name}()"", encoding='utf-8')
        exists_mock.return_value = True
        open_mock.assert_called_once_with(tmp_dir / ""coverage.json"")
        load_mock.return_value = {""totals"": {""percent_covered"": 1.0}}
        cosmic_ray_mock.assert_called_once_with(source_code_str=""COMMON_IMPORTS\nunder_test.py"", test_code_str=harness + f""\ntest_{func_name}()"", per_test_timeout=10, overall_timeout=600)","============================= test session starts =============================
platform win32 -- Python 3.12.10, pytest-8.4.2, pluggy-1.6.0 -- C:\Rep
... [TRUNCATED - showing end] ...
'solution_code': 'def test_func():\n    assert True', 'raw_test_code': 'def test_func():\n    assert True', 'mutation_enabled': True, 'mutation_timeout': 600}
>       with patch('builtins.subprocess.run') as run_mock, patch('pathlib.Path.write_text') as write_text_mock, patch('p
... [TRUNCATED] ...
    result = mod
        for p in parts:
>           result = getattr(result, p)
                     ^^^^^^^^^^^^^^^^^^
E           AttributeError: module 'builtins' has no attribute 'subprocess'

C:\Program Files\Python312\Lib\pkgutil.py:528: AttributeError
=========================== short test summary info ===========================
FAILED test_generated.py::test_evaluate_single_test_worker_line37 - Attribute...
============================== 1 failed in 0.29s ==============================",MockingError,"Tries to mock builtins.subprocess.run, but subprocess is not an attribute of the builtins module.",near,,The mock target string is malformed; it should likely just be mocking subprocess.run in the target module.
6,granite-4.0-micro,"One-Step, T=0.0",38818,Runtime,Needs manual review,"import argparse
import subprocess
import os
import logging
import time
import shutil
from unittest.mock import patch, MagicMock

def test_run_experiment():
    solution = Solution()
    command = [""echo"", ""test"", ""--output-file"", ""test.log""]
    with patch('subprocess.run') as mock_run:
        solution.run_experiment(command)
        mock_run.assert_called_once_with(
            command,
            check=True,
            text=True,
            encoding='utf-8',
            cwd=TESTEVAL_PATH
        )","============================= test session starts =============================
platform win32 -- Python 3.12.10, pytest-8.4.2, pluggy-1.6.0 -- C:\Rep
... [TRUNCATED - showing end] ...
 'test.log']
        with patch('subprocess.run') as mock_run:
>           solution.run_experiment(command)

test_generated.py:48: 
_ _ _ _ _ _ _ _ _ _ _ _ _ _ _ _ _ _ _ _ _ _ _ _ _ _ _ _ _ _ _ _ _ _ _ _ _ _ _ _

self = <under_test.Solution object at 0x000001B579B03FB0>
command 
... [TRUNCATED] ...

                check=True,
                text=True,
                encoding='utf-8',
>               cwd=TESTEVAL_PATH
                    ^^^^^^^^^^^^^
            )
E           NameError: name 'TESTEVAL_PATH' is not defined

under_test.py:40: NameError
=========================== short test summary info ===========================
FAILED test_generated.py::test_run_experiment_line1 - NameError: name 'TESTEV...
============================== 1 failed in 0.18s ==============================",MissingDefinition,Test fails because TESTEVAL_PATH is not defined in the module scope during execution.,near,,Another instance of a module-level constant stripped from the harness execution environment.
7,granite-4.0-micro,"Two-Step, T=0.0",24238,Assertion,Value mismatch; Unexpected None,"def test_peek_filelike_length():
    from io import BytesIO
    solution = Solution()
    assert solution.peek_filelike_length(BytesIO()) is None","============================= test session starts =============================
platform win32 -- Python 3.12.10, pytest-8.4.2, pluggy-1.6.0 -- C:\Rep
... [TRUNCATED - showing end] ...
___________________

    def test_peek_filelike_length_line30():
        from io import BytesIO
        solution = Solution()
>       assert solution.peek_filelike_length(BytesIO()) is None
E       AssertionError: assert 0 is None
E        +  where 0 = peek_filelike_length(<_io.BytesIO object at 0x000002A78F94B0B0>)
E        +    where peek_filelike_length = <under_test.Solution object at 0x000002A78F84D5E0>.peek_filelike_length
E        +    and   <_io.BytesIO object at 0x000002A78F94B0B0> = <class '_io.BytesIO'>()

test_generated.py:39: AssertionError
=========================== short test summary info ===========================
FAILED test_generated.py::test_peek_filelike_length_line30 - AssertionError: ...
============================== 1 failed in 0.23s ==============================",IncorrectAssertion,Test asserts peek_filelike_length(BytesIO()) is None but the correct answer is 0.,high,,"The test setup is perfectly valid, but the model guessed the wrong fallback return value for an empty buffer."
8,granite-4.0-micro,"Two-Step, T=0.0",15077,Assertion,Value mismatch,"def test_safe_hash():
    solution = Solution()
    assert solution.safe_hash(b""test"") == hashlib.md5(b""test"", usedforsecurity=True)","============================= test session starts =============================
platform win32 -- Python 3.12.10, pytest-8.4.2, pluggy-1.6.0 -- C:\Rep
... [TRUNCATED - showing end] ...
security=True)
E       AssertionError: assert <md5 _hashlib.HASH object @ 0x000001D1A4B1A8D0> == <md5 _hashlib.HASH object @ 0x000001D1A4B1A710>
E        +  where <md5 _hashlib.HASH object @ 0x000001D1A4B1A8D0> = safe_hash(b'test')
E        +    where safe_hash = <under_test.Solution object at 0x000001D1A4BEDF10>.safe_hash
E        +  and   <md5 _hashlib.HASH object @ 0x000001D1A4B1A710> = <built-in function openssl_md5>(b'test', usedforsecurity=True)
E        +    where <built-in function openssl_md5> = hashlib.md5

test_generated.py:38: AssertionError
=========================== short test summary info ===========================
FAILED test_generated.py::test_safe_hash_line22 - AssertionError: assert <md5...
============================== 1 failed in 0.21s ==============================",IncorrectAssertion,Test compares two hashlib hash objects using == instead of comparing their computed digests.,near,,Python hash objects don't equate via == unless they are the same instance. Fixable by appending .hexdigest() to both sides.
9,granite-4.0-micro,"Two-Step, T=0.0",34966,Assertion,Value mismatch,"def test_dict_to_sequence():
    solution = Solution()
    assert solution.dict_to_sequence({'a': 1, 'b': 2}) == [('a', 1), ('b', 2)]","============================= test session starts =============================
platform win32 -- Python 3.12.10, pytest-8.4.2, pluggy-1.6.0 -- C:\Rep
... [TRUNCATED - showing end] ...
quence_line27 _________________________

    def test_dict_to_sequence_line27():
        solution = Solution()
>       assert solution.dict_to_sequence({'a': 1, 'b': 2}) == [('a', 1), ('b', 2)]
E       AssertionError: assert dict_items([(...1), ('b', 2)]) == [('a', 1), ('b', 2)]
E         
E         Full diff:
E         + dict_items([('a', 1), ('b', 2)])
E         - [
E         -     (
E         -         'a',
E         -         1,...
E         
E         ...Full output truncated (6 lines hidden), use '-vv' to show

test_generated.py:38: AssertionError
=========================== short test summary info ===========================
FAILED test_generated.py::test_dict_to_sequence_line27 - AssertionError: asse...
============================== 1 failed in 0.29s ==============================",IncorrectAssertion,"Test asserts dict_to_sequence returns a list, but it actually returns a dict_items view object.",high,,The model failed to account for Python 3 dictionary view behavior; fixable by wrapping the call in list().
10,granite-4.0-micro,"One-Step, T=0.0",22716,Assertion,Value mismatch,"def test_strip_url():
    solution = Solution()
    assert solution.strip_url(""http://user:pass@www.example.com:80/path?query#fragment"") == ""http://www.example.com/path?query#fragment""
    assert solution.strip_url(""https://user:pass@www.example.com:443/path?query#fragment"", strip_default_port=False) == ""https://user:pass@www.example.com:443/path?query#fragment""
    assert solution.strip_url(""ftp://user:pass@www.example.com:21/path?query#fragment"", origin_only=True) == ""ftp://www.example.com/""
    assert solution.strip_url(""https://user:pass@www.example.com:443/path?query#fragment"", strip_fragment=False) == ""https://user:pass@www.example.com/path?query""","============================= test session starts =============================
platform win32 -- Python 3.12.10, pytest-8.4.2, pluggy-1.6.0 -- C:\Rep
... [TRUNCATED - showing end] ...
__ test_strip_url_line34 ____________________________

    def test_strip_url_line34():
        solution = Solution()
>       assert solution.strip_url('http://user:pass@www.example.com:80/path?query#fragment') == 'http://www.example.com/path?query#fragment'
E       AssertionError: assert 'http://www.e...om/path?query' == 'http://www.e...uery#fragment'
E         
E         - http://www.example.com/path?query#fragment
E         ?                                  ---------
E         + http://www.example.com/path?query

test_generated.py:38: AssertionError
=========================== short test summary info ===========================
FAILED test_generated.py::test_strip_url_line34 - AssertionError: assert 'htt...
============================== 1 failed in 0.94s ==============================",IncorrectAssertion,"Test asserts that strip_url keeps the #fragment by default, but the function strips it.",high,YES,The model did not anticipate the default keyword argument behaviors of the function.
11,granite-4.0-micro,"Two-Step, T=0.0",76687,Assertion,Value mismatch,"def test_sha256_cbor():
    solution = Solution()
    assert solution.sha256_cbor([1, 2, 3]) == b'\x96\x93\x01\x02\x03'","============================= test session starts =============================
platform win32 -- Python 3.12.10, pytest-8.4.2, pluggy-1.6.0 -- C:\Rep
... [TRUNCATED - showing end] ...
or_line25 ___________________________

    def test_sha256_cbor_line25():
        solution = Solution()
>       assert solution.sha256_cbor([1, 2, 3]) == b'\x96\x93\x01\x02\x03'
E       AssertionError: assert b'J\xbc1\x13|...\x94\xb3U\xe7' == b'\x96\x93\x01\x02\x03'
E         
E         At index 0 diff: b'J' != b'\x96'
E         
E         Full diff:
E         - (b'\x96\x93\x01\x02\x03')
E         + (b'J\xbc1\x13|\xe78\xd9\xac\xeb\x8a\x1d\x1dQ\xf1\\\xadB\xc2\xb0\x8d\xcb~\xd1'
E         +  b'y\xf77\xa1\x94\xb3U\xe7')

test_generated.py:38: AssertionError
=========================== short test summary info ===========================
FAILED test_generated.py::test_sha256_cbor_line25 - AssertionError: assert b'...
============================== 1 failed in 0.18s ==============================",IncorrectAssertion,"Test asserts an incorrect hardcoded byte string for the sha256_cbor hash of [1, 2, 3].",high,YES,
12,granite-4.0-micro,"One-Step, T=0.0",15077,Assertion,Value mismatch,"import unittest
from unittest.mock import patch, MagicMock

class TestSafeHash(unittest.TestCase):
    def test_safe_hash(self):
        solution = Solution()
        data = b""test""
        expected_md5 = hashlib.md5(data, usedforsecurity=True).digest()
        with patch('hashlib.md5') as md5_mock:
            md5_mock.return_value = MagicMock(spec=HASH, digest=expected_md5)
            result = solution.safe_hash(data)
            self.assertEqual(result, expected_md5)","============================= test session starts =============================
platform win32 -- Python 3.12.10, pytest-8.4.2, pluggy-1.6.0 -- C:\Rep
... [TRUNCATED - showing end] ...
e22>

    def test_safe_hash_line22(self):
        solution = Solution()
        data = b'test'
        expected_md5 = hashlib.md5(data, usedforsecurity=True).digest()
        with patch('hashlib.md5') as md5_mock:
            md5_mock.return_value = MagicMock(spec=HASH, digest=expected_md5)
            result = solution.safe_hash(data)
>           self.assertEqual(result, expected_md5)
E           AssertionError: <MagicMock name='md5()' spec='HASH' id='2818401311328'> != b""\t\x8fk\xcdF!\xd3s\xca\xdeN\x83&'\xb4\xf6""

test_generated.py:48: AssertionError
=========================== short test summary info ===========================
FAILED test_generated.py::TestSafeHash::test_safe_hash_line22 - AssertionErro...
============================== 1 failed in 0.17s ==============================",SemanticMisunderstanding,"Test expects safe_hash to return a byte string digest, but it returns the hash object itself.",near,,
13,granite-4.0-micro,"One-Step, T=0.0",19075,Syntax,Syntax/Indentation error,"import io
from unittest.mock import MagicMock, patch
from pandas.io.common import IOHandles

def test_get_handle():
    solution = Solution()
    with patch('pandas.io.common._BytesTarFile') as MockBytesTarFile:
        with patch('pandas.io.common.TextIOWrapper') as MockTextIOWrapper:
            with patch('pandas.io.common.TextIOWrapper.open') as MockOpen:
                with patch('pandas.io.common.open') as MockOpenFile:
                    with patch('pandas.io.common.gzip.GzipFile') as MockGzipFile:
                        with patch('pandas.io.common.bz2.BZ2File') as MockBZ2File:
                            with patch('pandas.io.common.zipfile.ZipFile') as MockZipFile:
                                with patch('pandas.io.common.ta
... [TRUNCATED] ...
                                       assert MockOpenBinary.return_value is None
                                                                                                assert MockOpenText.return_value is None
                                                                                                assert MockOpenBinaryNoClose.return_value is None
                                                                                                assert MockOpenTextNoClose.return_value","============================= test session starts =============================
platform win32 -- Python 3.12.10, pytest-8.4.2, pluggy-1.6.0 -- C:\Rep
... [TRUNCATED - showing end] ...
es\_pytest\pathlib.py:587: in import_path
    importlib.import_module(module_name)
C:\Program Files\Python312\Lib\importlib\__init__.py:90: in import_module
    return _bootstrap._gcd_import(name[level:], package, level)
           ^^^^^^^^^^^^^^^^^^^^^^^^^^^^^^^^^^^^^^^^^^^^^^^
... [TRUNCATED] ...
AppData\Local\Temp\eval_19075_wlkchkce\test_generated.py"", line 63
E       with patch('pandas.io.common.codecs.lookup_error'):
E            ^^^^^^^^^^^^^^^^^^^^^^^^^^^^^^^^^^^^^^^^^^^^^
E   SyntaxError: too many statically nested blocks
=========================== short test summary info ===========================
ERROR test_generated.py
!!!!!!!!!!!!!!!!!!! Interrupted: 1 error during collection !!!!!!!!!!!!!!!!!!!!
============================== 1 error in 0.62s ===============================",MalformedSyntax,Test exceeds Python's maximum indentation/nesting depth limit (20 blocks) by chaining too many with patch: contexts.,low,nested patch blocks syntax error,
14,granite-4.0-micro,"One-Step, T=0.0",48404,Runtime,Import error; Missing module,"import datetime
from unittest.mock import MagicMock
from your_module import Solution

def test_naturaltime():
    now = datetime.datetime.now()
    solution = Solution()

    # Test with a datetime object in the future
    future_dt = now + datetime.timedelta(days=1)
    assert solution.naturaltime(future_dt) == ""1 day from now""

    # Test with a datetime object in the past
    past_dt = now - datetime.timedelta(days=1)
    assert solution.naturaltime(past_dt) == ""1 day ago""

    # Test with a timedelta object in the future
    future_td = datetime.timedelta(days=1)
    assert solution.naturaltime(future_td) == ""1 day from now""

    # Test with a timedelta object in the past
    past_td = datetime.timedelta(days=1)
    assert solution.naturaltime(past_td) == ""1 day ago""

    # Test with a float representing seconds in the future
    assert solution.naturaltime(1.0) == ""a moment from now""

    # Test with a float representing seconds in the past
    assert solution.naturaltime(-1.0) == ""a moment ago""","============================= test session starts =============================
platform win32 -- Python 3.12.10, pytest-8.4.2, pluggy-1.6.0 -- C:\Rep
... [TRUNCATED - showing end] ...
______________
ImportError while importing test module 'C:\Users\cbark\AppData\Local\Temp\eval_48404_tg9j7qqb\test_generated.py'.
Hint: make sure your test modules/packages have valid Python names.
Traceback:
C:\Program Files\Python312\Lib\importlib\__init__.py:90: in import_module
    return _bootstrap._gcd_import(name[level:], package, level)
           ^^^^^^^^^^^^^^^^^^^^^^^^^^^^^^^^^^^^^^^^^^^^^^^^^^^^
test_generated.py:38: in <module>
    from your_module import Solution
E   ModuleNotFoundError: No module named 'your_module'
=========================== short test summary info ===========================
ERROR test_generated.py
!!!!!!!!!!!!!!!!!!! Interrupted: 1 error during collection !!!!!!!!!!!!!!!!!!!!
============================== 1 error in 0.36s ===============================",EnvironmentMismatch,Test attempts to import Solution from a placeholder module name your_module.,high,your_module placeholder import,
15,granite-4.0-micro,"One-Step, T=0.0",46905,Runtime,Import error; Missing module,"import unittest
from unittest.mock import MagicMock
from your_module import Solution

class TestCheckXY(unittest.TestCase):
    def test_check_X_y(self):
        solution = Solution()
        X = [[1, 2], [3, 4], [5, 6]]
        y = [1, 2, 3]
        estimator = MagicMock()

        with self.assertRaises(ValueError) as cm:
            X_converted, y_converted = solution.check_X_y(X, y, estimator=estimator)
        expected_message = f""estimator requires y to be passed, but the target y is None""
        self.assertEqual(str(cm.exception), expected_message)","============================= test session starts =============================
platform win32 -- Python 3.12.10, pytest-8.4.2, pluggy-1.6.0 -- C:\Rep
... [TRUNCATED - showing end] ...
______________
ImportError while importing test module 'C:\Users\cbark\AppData\Local\Temp\eval_46905_jtwiahel\test_generated.py'.
Hint: make sure your test modules/packages have valid Python names.
Traceback:
C:\Program Files\Python312\Lib\importlib\__init__.py:90: in import_module
    return _bootstrap._gcd_import(name[level:], package, level)
           ^^^^^^^^^^^^^^^^^^^^^^^^^^^^^^^^^^^^^^^^^^^^^^^^^^^^
test_generated.py:38: in <module>
    from your_module import Solution
E   ModuleNotFoundError: No module named 'your_module'
=========================== short test summary info ===========================
ERROR test_generated.py
!!!!!!!!!!!!!!!!!!! Interrupted: 1 error during collection !!!!!!!!!!!!!!!!!!!!
============================== 1 error in 2.71s ===============================",EnvironmentMismatch,Test attempts to import Solution from a placeholder module name your_module.,high,your_module placeholder import,
16,granite-4.0-micro,"Two-Step, T=0.0",67890,Runtime,Needs manual review,"def test_xxhash():
    solution = Solution()
    assert solution.xxhash([1, 2, 3]) == _xxhash_digest(pickle.dumps([1, 2, 3], protocol=pickle.HIGHEST_PROTOCOL))","============================= test session starts =============================
platform win32 -- Python 3.12.10, pytest-8.4.2, pluggy-1.6.0 -- C:\Rep
... [TRUNCATED - showing end] ...
OCOL))
               ^^^^^^^^^^^^^^^^^^^^^^^^^^

test_generated.py:38: 
_ _ _ _ _ _ _ _ _ _ _ _ _ _ _ _ _ _ _ _ _ _ _ _ _ _ _ _ _ _ _ _ _ _ _ _ _ _ _ _

self = <under_test.Solution object at 0x0000020D0E9B13A0>, input = [1, 2, 3]

    def xxhash(self, input: Any) -> bytes:
        """"""Hash picklable objects using xxHash.""""""
        input_bytes = pickle.dumps(input, protocol=pickle.HIGHEST_PROTOCOL)
>       return _xxhash_digest(input_bytes)
               ^^^^^^^^^^^^^^
E       NameError: name '_xxhash_digest' is not defined

under_test.py:24: NameError
=========================== short test summary info ===========================
FAILED test_generated.py::test_xxhash_line13 - NameError: name '_xxhash_diges...
============================== 1 failed in 0.19s ==============================",MissingDefinition,Test fails because the module-level helper _xxhash_digest is not defined in the test harness scope.,near,missing _xxhash_digest,
17,granite-4.0-micro,"Two-Step, T=0.0",15279,Assertion,Value mismatch; Unexpected None,"def test_iter_slices():
    solution = Solution()
    assert solution.iter_slices(""abcdef"", None) == [""abcdef""]","============================= test session starts =============================
platform win32 -- Python 3.12.10, pytest-8.4.2, pluggy-1.6.0 -- C:\Rep
... [TRUNCATED - showing end] ...
============================ FAILURES ===================================
___________________________ test_iter_slices_line27 ___________________________

    def test_iter_slices_line27():
        solution = Solution()
>       assert solution.iter_slices('abcdef', None) == ['abcdef']
E       AssertionError: assert <generator ob...0017603E3F920> == ['abcdef']
E         
E         Full diff:
E         + <generator object Solution.iter_slices at 0x0000017603E3F920>
E         - [
E         -     'abcdef',
E         - ]

test_generated.py:38: AssertionError
=========================== short test summary info ===========================
FAILED test_generated.py::test_iter_slices_line27 - AssertionError: assert <g...
============================== 1 failed in 0.27s ==============================",SemanticMisunderstanding,"Test expects iter_slices to return a list, but it returns a generator object.",near,,
18,granite-4.0-micro,"One-Step, T=0.0",23426,Runtime,Type mismatch,"import numpy as np
from unittest.mock import MagicMock

def test_check_consistent_length():
    solution = Solution()
    arrays = ([np.array([1, 2, 3]), np.array([4, 5, 6])],)
    with MagicMock(spec=solution) as mocked:
        mocked._num_samples.return_value = 3
        solution.check_consistent_length(*arrays)","============================= test session starts =============================
platform win32 -- Python 3.12.10, pytest-8.4.2, pluggy-1.6.0 -- C:\Rep
... [TRUNCATED - showing end] ...
eck_consistent_length_line38 FAILED            [100%]

================================== FAILURES ===================================
_____________________ test_check_consistent_length_line38 _____________________

    def test_check_consistent_length_line38():
        solution = Solution()
        arrays = ([np.array([1, 2, 3]), np.array([4, 5, 6])],)
>       with MagicMock(spec=solution) as mocked:
             ^^^^^^^^^^^^^^^^^^^^^^^^
E       TypeError: 'MagicMock' object does not support the context manager protocol

test_generated.py:42: TypeError
=========================== short test summary info ===========================
FAILED test_generated.py::test_check_consistent_length_line38 - TypeError: 'M...
============================== 1 failed in 2.64s ==============================",MockingError,Test attempts to use a MagicMock instance as a context manager without properly configuring its __enter__ and __exit__ methods.,moderate,,
19,granite-4.0-micro,"Two-Step, T=0.0",19075,Runtime,Needs manual review,"def test_get_handle():
    solution = Solution()
    assert solution.get_handle('example.txt', 'r') == IOHandles(handle=open('example.txt', 'r'), created_handles=[], is_wrapped=False, compression=None)","============================= test session starts =============================
platform win32 -- Python 3.12.10, pytest-8.4.2, pluggy-1.6.0 -- C:\Rep
... [TRUNCATED - showing end] ...
 == IOHandles(handle=open('example.txt', 'r'), created_handles=[], is_wrapped=False, compression=None)
               ^^^^^^^^^^^^^^^^^^^^^^^^^^^^^^^^^^^^^^^

test_generated.py:38: 
_ _ _ _ _ _ _ _ _ _ _ _ _ _ _ _ _ _ _ _ _ _ _ _ _ _ _ _ _ _ _ _ _ _ _ _ _ _ _ _

self = <under_te
... [TRUNCATED] ...
     # read_csv does not know whether the buffer is opened in binary/text mode
>       if _is_binary_mode(path_or_buf, mode) and ""b"" not in mode:
           ^^^^^^^^^^^^^^^
E       NameError: name '_is_binary_mode' is not defined

under_test.py:103: NameError
=========================== short test summary info ===========================
FAILED test_generated.py::test_get_handle_line92 - NameError: name '_is_binar...
============================== 1 failed in 2.20s ==============================",MissingDefinition,Test execution hits a NameError because the helper _is_binary_mode is missing from the module scope.,near,,
20,granite-4.0-micro,"One-Step, T=0.0",62484,Runtime,Needs manual review,"import os
from unittest.mock import patch
from pathlib import Path
from pandas.core.dtypes.generic import ABCMultiIndex

def test_check_parent_directory():
    solution = Solution()
    with patch('os.path.isdir', return_value=False):
        with patch('pandas.core.dtypes.generic.ABMultiIndex') as mock_abm_index:
            with patch('os.OSError') as mock_os_error:
                path = Path('/non/existent/directory/file.txt')
                solution.check_parent_directory(path)
                mock_os_error.assert_called_once_with(rf""Cannot save file into a non-existent directory: '{Path('/non/existent/directory')}'"")","============================= test session starts =============================
platform win32 -- Python 3.12.10, pytest-8.4.2, pluggy-1.6.0 -- C:\Rep
... [TRUNCATED - showing end] ...
_value=False):
>           with patch('pandas.core.dtypes.generic.ABMultiIndex') as mock_abm_index:
                 ^^^^^^^^^^^^^^^^^^^^^^^^^^^^^^^^^^^^^^^^^^^^^^^^

test_generated.py:44: 
_ _ _ _ _ _ _ _ _ _ _ _ _ _ _ _ _ _ _ _ _ _ _ _ _ _ _ _ _ _ _ _ _ _ _ _ _ _ _ _
C:\Progra
... [TRUNCATED] ...
<module 'pandas.core.dtypes.generic' from 'C:\\Repos\\slm-python-unit-test-benchmark\\venv\\Lib\\site-packages\\pandas\\core\\dtypes\\generic.py'> does not have the attribute 'ABMultiIndex'

C:\Program Files\Python312\Lib\unittest\mock.py:1437: AttributeError
=========================== short test summary info ===========================
FAILED test_generated.py::test_check_parent_directory_line36 - AttributeError...
============================== 1 failed in 1.25s ==============================",MockingError,Test attempts to patch pandas.core.dtypes.generic.ABMultiIndex which is a typo for ABCMultiIndex.,high,,
21,Qwen3-4B-Instruct-2507,"One-Step, T=0.0",81799,Runtime,Type mismatch,"def test_naturaldate():
    solution = Solution()
    from datetime import date, datetime
    from unittest.mock import patch, MagicMock

    # Mock naturalday to verify behavior based on condition
    with patch('naturalday') as mock_naturalday:
        # Set up a date that is more than five months away from today
        today = date(2023, 1, 1)
        target_date = date(2023, 7, 15)  # More than 5 months away

        # Ensure delta.days >= 5 * 365 / 12 (~152.5 days)
        delta_days = abs((target_date - today).days)

        # Verify that when condition is met, naturalday with ""%b %d %Y"" is called
        mock_naturalday.return_value = ""Jul 15 2023""

        result = solution.naturaldate(target_date)

        assert result == ""Jul 15 2023""
        assert mock_naturalday.call_count == 1
        assert mock_naturalday.call_args[0][0] == target_date
        assert mock_naturalday.call_args[1] == (""%b %d %Y"",)","============================= test session starts =============================
platform win32 -- Python 3.12.10, pytest-8.4.2, pluggy-1.6.0 -- C:\Rep
... [TRUNCATED - showing end] ...

            ^^^^^^^^^^^^^^^^^
E           ValueError: not enough values to unpack (expected 2, got 1)

C:\Program Files\Python312\Lib\unittest\mock.py:1643: ValueError

During handling of the above exception, another exception occurred:

    def test_naturaldate_line17():
     
... [TRUNCATED] ...
uteError):
>           raise TypeError(
                f""Need a valid target to patch. You supplied: {target!r}"")
E           TypeError: Need a valid target to patch. You supplied: 'naturalday'

C:\Program Files\Python312\Lib\unittest\mock.py:1645: TypeError
=========================== short test summary info ===========================
FAILED test_generated.py::test_naturaldate_line17 - TypeError: Need a valid t...
============================== 1 failed in 0.42s ==============================",MockingError,Test tries to patch 'naturalday' directly instead of specifying the full module path.,near,,
22,Qwen3-4B-Instruct-2507,"One-Step, T=0.0",67890,Runtime,Needs manual review,"def test_xxhash():
    solution = Solution()
    # Mock _xxhash_digest to ensure it is called and returns expected output
    with patch('builtins.pickle') as mock_pickle, patch('_xxhash_digest') as mock_xxhash_digest:
        mock_pickle.dumps.return_value = b'test_data'
        mock_xxhash_digest.return_value = b'hash_result'

        result = solution.xxhash(""test_input"")

        assert result == b'hash_result'
        mock_xxhash_digest.assert_called_once_with(b'test_data')","============================= test session starts =============================
platform win32 -- Python 3.12.10, pytest-8.4.2, pluggy-1.6.0 -- C:\Rep
... [TRUNCATED - showing end] ...
h('_xxhash_digest') as mock_xxhash_digest:
             ^^^^^^^^^^^^^^^^^^^^^^^^

test_generated.py:38: 
_ _ _ _ _ _ _ _ _ _ _ _ _ _ _ _ _ _ _ _ _ _ _ _ _ _ _ _ _ _ _ _ _ _ _ _ _ _ _ _
C:\Program Files\Python312\Lib\unittest\mock.py:1467: in __enter__
    original, local = self.
... [TRUNCATED] ...
buteError(
                ""%s does not have the attribute %r"" % (target, name)
            )
E           AttributeError: <module 'builtins' (built-in)> does not have the attribute 'pickle'

C:\Program Files\Python312\Lib\unittest\mock.py:1437: AttributeError
=========================== short test summary info ===========================
FAILED test_generated.py::test_xxhash_line13 - AttributeError: <module 'built...
============================== 1 failed in 0.24s ==============================",MockingError,Test tries to patch pickle on the builtins module instead of mocking it directly or on the target module.,near,,
23,Qwen3-4B-Instruct-2507,"Two-Step, T=0.0",67890,Runtime,Needs manual review,"def test_xxhash():
    solution = Solution()
    assert solution.xxhash(42) == _xxhash_digest(pickle.dumps(42, protocol=pickle.HIGHEST_PROTOCOL))","============================= test session starts =============================
platform win32 -- Python 3.12.10, pytest-8.4.2, pluggy-1.6.0 -- C:\Rep
... [TRUNCATED - showing end] ...
e.HIGHEST_PROTOCOL))
               ^^^^^^^^^^^^^^^^^^^

test_generated.py:38: 
_ _ _ _ _ _ _ _ _ _ _ _ _ _ _ _ _ _ _ _ _ _ _ _ _ _ _ _ _ _ _ _ _ _ _ _ _ _ _ _

self = <under_test.Solution object at 0x00000164F1294F50>, input = 42

    def xxhash(self, input: Any) -> bytes:
        """"""Hash picklable objects using xxHash.""""""
        input_bytes = pickle.dumps(input, protocol=pickle.HIGHEST_PROTOCOL)
>       return _xxhash_digest(input_bytes)
               ^^^^^^^^^^^^^^
E       NameError: name '_xxhash_digest' is not defined

under_test.py:24: NameError
=========================== short test summary info ===========================
FAILED test_generated.py::test_xxhash_line13 - NameError: name '_xxhash_diges...
============================== 1 failed in 0.16s ==============================",MissingDefinition,Test fails because _xxhash_digest is missing from the execution environment.,near,missing _xxhash_digest,
24,Qwen3-4B-Instruct-2507,"Two-Step, T=0.0",35202,Runtime,Type mismatch,"def test_main():
    import argparse
    from unittest.mock import patch, MagicMock

    # Mock the required global and function references
    with patch(""parse_args"", return_value=argparse.Namespace(quick_test=False, passes=1)):
        with patch(""logging.info"") as mock_log:
            with patch(""os.path.join"", return_value=""/path/to/output/run_1""):
                with patch(""os.makedirs"", return_value=None):
                    with patch(""run_experiment"", return_value=None):
                        with patch(""cleanup_disk_space"", return_value=None):
                            # Set up models_to_process to include a model with a forward slash
                            models_to_process = [""llama-3/7b"", ""gemma-3/fine-tuned""]
                            GLOBAL_TEMPERATURES = [0.2]
                            MODELS_TO_RUN = models_to_process
                            PREDICTIONS_PATH = ""/predictions""
                            BASE_SEED = 42

                            solution = Solution()
                            solution.main()

                            # Verify that line 52 was executed by checking that the model with ""/"" was processed
                            # Since we're mocking, we rely on the logic flow to ensure the if condition is hit
                            # The test implicitly verifies that the condition in step 4 is met","============================= test session starts =============================
platform win32 -- Python 3.12.10, pytest-8.4.2, pluggy-1.6.0 -- C:\Rep
... [TRUNCATED - showing end] ...

            ^^^^^^^^^^^^^^^^^
E           ValueError: not enough values to unpack (expected 2, got 1)

C:\Program Files\Python312\Lib\unittest\mock.py:1643: ValueError

During handling of the above exception, another exception occurred:

    def test_main_line14():
        impo
... [TRUNCATED] ...
uteError):
>           raise TypeError(
                f""Need a valid target to patch. You supplied: {target!r}"")
E           TypeError: Need a valid target to patch. You supplied: 'parse_args'

C:\Program Files\Python312\Lib\unittest\mock.py:1645: TypeError
=========================== short test summary info ===========================
FAILED test_generated.py::test_main_line14 - TypeError: Need a valid target t...
============================== 1 failed in 0.27s ==============================",MockingError,Test tries to patch 'parse_args' with a plain string instead of a valid module path.,near,,
25,Qwen3-4B-Instruct-2507,"Two-Step, T=0.0",46427,Runtime,Type mismatch,"def test_naturalday():
    from datetime import date, datetime, timedelta
    from unittest.mock import patch

    solution = Solution()

    with patch('datetime.date.today', return_value=date(2023, 10, 5)):
        # Input date is 2 days in the future
        future_date = date(2023, 10, 7)
        assert solution.naturalday(future_date) == future_date.strftime(""%b %d"")

        # Input date is 2 days in the past
        past_date = date(2023, 10, 3)
        assert solution.naturalday(past_date) == past_date.strftime(""%b %d"")","============================= test session starts =============================
platform win32 -- Python 3.12.10, pytest-8.4.2, pluggy-1.6.0 -- C:\Rep
... [TRUNCATED - showing end] ...
        if self.is_started:
            raise RuntimeError(""Patch is already started"")
    
        new, spec, spec_set = self.new, self.spec, self.spec_set
        autospec, kwargs = self.autospec, self.kwargs
        new_callable = self.new_callable
        self.target = self.
... [TRUNCATED] ...
 and self.temp_original is not DEFAULT:
>           setattr(self.target, self.attribute, self.temp_original)
E           TypeError: cannot set 'today' attribute of immutable type 'datetime.date'

C:\Program Files\Python312\Lib\unittest\mock.py:1603: TypeError
=========================== short test summary info ===========================
FAILED test_generated.py::test_naturalday_line23 - TypeError: cannot set 'tod...
============================== 1 failed in 0.36s ==============================",MockingError,"Test attempts to patch datetime.date.today, which fails because built-in extension types in Python are immutable and cannot be patched directly.",moderate,,
26,Qwen3-4B-Instruct-2507,"One-Step, T=0.0",46905,Runtime,Needs manual review,"def test_check_X_y():
    solution = Solution()
    X = [[1, 2], [3, 4], [5, 6]]
    y = [1, 2, 3]
    with patch('sklearn.utils.validation._check_estimator_name', return_value=""test_estimator""):
        with patch('sklearn.utils.validation.check_array') as mock_check_array, \
             patch('sklearn.utils.validation._check_y') as mock_check_y, \
             patch('sklearn.utils.validation.check_consistent_length') as mock_check_length:
            mock_check_array.return_value = X
            mock_check_y.return_value = y
            mock_check_length.return_value = None
            try:
                result = solution.check_X_y(X, None, estimator=""test_estimator"")
            except ValueError as e:
                assert ""test_estimator requires y to be passed, but the target y is None"" in str(e)
            else:
                assert False, ""Expected ValueError when y is None""","============================= test session starts =============================
platform win32 -- Python 3.12.10, pytest-8.4.2, pluggy-1.6.0 -- C:\Rep
... [TRUNCATED - showing end] ...
, 3]
        with patch('sklearn.utils.validation._check_estimator_name', return_value='test_estimator'):
            with patch('sklearn.utils.validation.check_array') as mock_check_array, patch('sklearn.utils.validation._check_y') as mock_check_y, patch('sklearn.utils.validati
... [TRUNCATED] ...
_name = ""estimator""
            else:
>               estimator_name = _check_estimator_name(estimator)
                                 ^^^^^^^^^^^^^^^^^^^^^
E               NameError: name '_check_estimator_name' is not defined

under_test.py:170: NameError
=========================== short test summary info ===========================
FAILED test_generated.py::test_check_X_y_line155 - NameError: name '_check_es...
============================== 1 failed in 2.75s ==============================",MissingDefinition,Test fails because the helper function _check_estimator_name is missing from the test environment.,near,,
27,Qwen3-4B-Instruct-2507,"One-Step, T=0.0",19075,Runtime,Needs manual review,"def test_get_handle():
    solution = Solution()
    with patch(""pandas.io.common._get_filepath_or_buffer"") as mock_get_filepath_or_buffer:
        mock_get_filepath_or_buffer.return_value = type(""MockArgs"", (), {
            ""filepath_or_buffer"": ""test.txt"",
            ""mode"": ""r"",
            ""encoding"": ""utf-8"",
            ""compression"": None,
            ""should_close"": True
        })

        with patch(""pandas.io.common._maybe_memory_map"") as mock_memory_map:
            mock_memory_map.return_value = (""test_handle"", False, [])

            with patch(""builtins.open"") as mock_open:
                mock_open.return_value = type(""MockFile"", (), {
                    ""readable"": True,
                    ""writable"": False,
                    ""seekable"": True,
                    ""read"": lambda: b"""",
                })

                result = solution.get_handle(
                    path_or_buf=""test.txt"",
                    mode=""r"",
                    encoding=""utf-8"",
                    compression=None,
                    memory_map=False,
                    is_text=True,
                    errors=""strict"",
                    storage_options=None
                )

                assert result.handle is not None
                assert result.created_handles is not None","============================= test session starts =============================
platform win32 -- Python 3.12.10, pytest-8.4.2, pluggy-1.6.0 -- C:\Rep
... [TRUNCATED - showing end] ...
     solution = Solution()
        with patch('pandas.io.common._get_filepath_or_buffer') as mock_get_filepath_or_buffer:
            mock_get_filepath_or_buffer.return_value = type('MockArgs', (), {'filepath_or_buffer': 'test.txt', 'mode': 'r', 'encoding': 'utf-8', 'compression
... [TRUNCATED] ...
k\\venv\\Lib\\site-packages\\pandas\\core\\common.py'> does not have the attribute '_get_filepath_or_buffer'

C:\Program Files\Python312\Lib\unittest\mock.py:1437: AttributeError
=========================== short test summary info ===========================
FAILED test_generated.py::test_get_handle_line92 - NameError: name '_is_binar...
FAILED test_generated.py::test_get_handle_line97 - AttributeError: <module 'p...
============================== 2 failed in 1.24s ==============================",MockingError,Test tries to patch a non-existent internal Pandas function _get_filepath_or_buffer.,moderate,,
28,Qwen3-4B-Instruct-2507,"Two-Step, T=0.0",68859,Runtime,Needs manual review,"def test_get_activation():
    solution = Solution()
    assert solution.get_activation(""relu"") == ACT2FN[""relu""]","============================= test session starts =============================
platform win32 -- Python 3.12.10, pytest-8.4.2, pluggy-1.6.0 -- C:\Rep
... [TRUNCATED - showing end] ...
_activation_line12():
        solution = Solution()
>       assert solution.get_activation('relu') == ACT2FN['relu']
               ^^^^^^^^^^^^^^^^^^^^^^^^^^^^^^^

test_generated.py:38: 
_ _ _ _ _ _ _ _ _ _ _ _ _ _ _ _ _ _ _ _ _ _ _ _ _ _ _ _ _ _ _ _ _ _ _ _ _ _ _ _

self = <under_test.Solution object at 0x0000023CC315BBC0>
activation_string = 'relu'

    def get_activation(self, activation_string):
>       if activation_string in ACT2FN:
                                ^^^^^^
E       NameError: name 'ACT2FN' is not defined

under_test.py:23: NameError
=========================== short test summary info ===========================
FAILED test_generated.py::test_get_activation_line12 - NameError: name 'ACT2F...
============================== 1 failed in 4.47s ==============================",MissingDefinition,Test fails because the module-level dictionary ACT2FN is not defined in the scope of under_test.py.,near,missing ACT2FN,
29,Qwen3-4B-Instruct-2507,"Two-Step, T=0.0",12280,Runtime,Needs manual review,"def test_check_array():
    from sklearn.utils.validation import check_array
    import numpy as np

    # Test valid 2D array with default parameters
    X = [[1, 2, 3], [4, 5, 6]]
    result = check_array(X)
    assert result.shape == (2, 3)
    assert isinstance(result, np.ndarray)
    assert np.all(np.isfinite(result))

    # Test with ensure_non_negative=True and valid non-negative values
    X = [[1, 2], [3, 4]]
    result = check_array(X, ensure_non_negative=True)
    assert np.all(result >= 0)

    # Test with ensure_min_samples=2 and ensure_min_features=2
    X = [[1, 2], [3, 4], [5, 6]]
    result = check_array(X, ensure_min_samples=2, ensure_min_features=2)
    assert result.shape == (3, 2)

    # Test with sparse matrix (CSR format) and accept_sparse=True
    from scipy.sparse import csr_matrix
    sparse_X = csr_matrix([[1, 0, 3], [0, 2, 0]])
    result = check_array(sparse_X, accept_sparse='csr')
    assert sp.issparse(result)
    assert result.shape == (2, 3)

    # Test with dtype='numeric' and object dtype conversion
    X = [['a', 'b'], ['c', 'd']]
    result = check_array(X, dtype=""numeric"")
    assert result.dtype == np.float64","============================= test session starts =============================
platform win32 -- Python 3.12.10, pytest-8.4.2, pluggy-1.6.0 -- C:\Rep
... [TRUNCATED - showing end] ...
p
        X = [[1, 2, 3], [4, 5, 6]]
        result = check_array(X)
        assert result.shape == (2, 3)
        assert isinstance(result, np.ndarray)
        assert np.all(np.isfinite(result))
        X = [[1, 2], [3, 4]]
        result = check_array(X, ensure_non_negative=Tr
... [TRUNCATED] ...
  )
E               ValueError: dtype='numeric' is not compatible with arrays of bytes/strings.Convert your data to numeric values explicitly instead.

C:\Repos\slm-python-unit-test-benchmark\venv\Lib\site-packages\sklearn\utils\validation.py:1063: ValueError
=========================== short test summary info ===========================
FAILED test_generated.py::test_check_array_line146 - ValueError: dtype='numer...
============================== 1 failed in 2.84s ==============================",SemanticMisunderstanding,"Test passes a 2D array of strings and asks for dtype=""numeric"", which triggers a legitimate ValueError in check_array.",near,,
30,Qwen3-4B-Instruct-2507,"One-Step, T=0.0",27422,Runtime,Needs manual review,"def test_guess_scheme():
    solution = Solution()
    # Mock add_http_if_no_scheme to verify it is called when no file path is detected
    with patch('w3lib.url.add_http_if_no_scheme') as mock_add_http:
        result = solution.guess_scheme(""https://example.com"")
        assert result == ""https://example.com""
        mock_add_http.assert_not_called()

    # Test case that should trigger add_http_if_no_scheme (no scheme present)
    with patch('w3lib.url.add_http_if_no_scheme') as mock_add_http:
        result = solution.guess_scheme(""example.com"")
        assert result == ""http://example.com""
        mock_add_http.assert_called_once_with(""example.com"")","============================= test session starts =============================
platform win32 -- Python 3.12.10, pytest-8.4.2, pluggy-1.6.0 -- C:\Rep
... [TRUNCATED - showing end] ...
) as mock_add_http:
             ^^^^^^^^^^^^^^^^^^^^^^^^^^^^^^^^^^^^^^^^

test_generated.py:38: 
_ _ _ _ _ _ _ _ _ _ _ _ _ _ _ _ _ _ _ _ _ _ _ _ _ _ _ _ _ _ _ _ _ _ _ _ _ _ _ _
C:\Program Files\Python312\Lib\unittest\mock.py:1467: in __enter__
    original, local = self.get_ori
... [TRUNCATED] ...
           AttributeError: <module 'w3lib.url' from 'C:\\Repos\\slm-python-unit-test-benchmark\\venv\\Lib\\site-packages\\w3lib\\url.py'> does not have the attribute 'add_http_if_no_scheme'

C:\Program Files\Python312\Lib\unittest\mock.py:1437: AttributeError
=========================== short test summary info ===========================
FAILED test_generated.py::test_guess_scheme_line18 - AttributeError: <module ...
============================== 1 failed in 1.09s ==============================",MockingError,"Test tries to patch add_http_if_no_scheme in w3lib.url, but the attribute does not exist in that module.",near,,
31,Qwen3-4B-Instruct-2507,"One-Step, T=0.0",56372,Assertion,Value mismatch; Unexpected None,"def test_get_environment_proxies():
    solution = Solution()
    with patch(""ipaddress.IPv4Address"") as mock_ipv4_address:
        mock_ipv4_address.side_effect = lambda x: None
        with patch(""ipaddress.IPv4Network"") as mock_ipv4_network:
            mock_ipv4_network.side_effect = lambda x: None
            with patch(""ipaddress.IPv6Address"") as mock_ipv6_address:
                mock_ipv6_address.side_effect = lambda x: None
                with patch(""ipaddress.IPv6Network"") as mock_ipv6_network:
                    mock_ipv6_network.side_effect = lambda x: None
                        # Mock getproxies to return a proxy dictionary with no_proxy containing an IPv4 address
                    with patch(""urllib.request.getproxies"") as mock_getproxies:
                        mock_getproxies.return_value = {
                            ""http"": ""192.168.1.100"",
                            ""https"": ""192.168.1.101"",
                            ""no"": ""192.168.1.100""
                        }
                        result = solution.get_environment_proxies()
                        assert ""all://192.168.1.100"" in result
                        assert result[""all://192.168.1.100""] is None","============================= test session starts =============================
platform win32 -- Python 3.12.10, pytest-8.4.2, pluggy-1.6.0 -- C:\Rep
... [TRUNCATED - showing end] ...
_ipv6_network:
                        mock_ipv6_network.side_effect = lambda x: None
                        with patch('urllib.request.getproxies') as mock_getproxies:
                            mock_getproxies.return_value = {'http': '192.168.1.100', 'https': '192.168.1.101', 'no': '192.168.1.100'}
                            result = solution.get_environment_proxies()
>                           assert 'all://192.168.1.100' in result
E                           AssertionError: assert 'all://192.168.1.100' in {}

test_generated.py:49: AssertionError
=========================== short test summary info ===========================
FAILED test_generated.py::test_get_environment_proxies_line21 - AssertionErro...
============================== 1 failed in 0.27s ==============================",SemanticMisunderstanding,"Test expects the mocked proxies to be transformed into environment proxies, but the function returned an empty dictionary.",moderate,returned empty dict for proxies,
32,Qwen3-4B-Instruct-2507,"One-Step, T=0.0",44348,Assertion,Value mismatch; Unexpected None,"def test_consume_prefix_in_state_dict_if_present():
    solution = Solution()
    state_dict = {
        ""module.weight"": 1,
        ""module.bias"": 2,
        ""layer1.weight"": 3,
        ""layer1.bias"": 4,
        """": None,
        ""module.layer1.weight"": 5
    }
    state_dict[""_metadata""] = {
        """": ""ddp_metadata"",
        ""module"": ""module_metadata"",
        ""module.layer1.weight"": ""layer1_weight_metadata""
    }
    solution.consume_prefix_in_state_dict_if_present(state_dict, ""module."")
    assert state_dict[""weight""] == 1
    assert state_dict[""bias""] == 2
    assert state_dict[""layer1.weight""] == 3
    assert state_dict[""layer1.bias""] == 4
    assert state_dict[""module.layer1.weight""] == 5
    assert ""module"" not in state_dict[""_metadata""]
    assert ""module.layer1.weight"" not in state_dict[""_metadata""]
    assert state_dict[""_metadata""][""""] == ""ddp_metadata""","============================= test session starts =============================
platform win32 -- Python 3.12.10, pytest-8.4.2, pluggy-1.6.0 -- C:\Rep
... [TRUNCATED - showing end] ...
    solution = Solution()
        state_dict = {'module.weight': 1, 'module.bias': 2, 'layer1.weight': 3, 'layer1.bias': 4, '': None, 'module.layer1.weight': 5}
        state_dict['_metadata'] = {'': 'ddp_metadata', 'module': 'module_metadata', 'module.layer1.weight': 'layer1_weight_metadata'}
        solution.consume_prefix_in_state_dict_if_present(state_dict, 'module.')
        assert state_dict['weight'] == 1
        assert state_dict['bias'] == 2
>       assert state_dict['layer1.weight'] == 3
E       assert 5 == 3

test_generated.py:43: AssertionError
=========================== short test summary info ===========================
FAILED test_generated.py::test_consume_prefix_in_state_dict_if_present_line23
============================== 1 failed in 0.15s ==============================",IncorrectAssertion,Test asserts an incorrect value after prefix consumption because it did not account for a key collision where module.layer1.weight overwrites layer1.weight.,near,,
33,Qwen3-4B-Instruct-2507,"Two-Step, T=0.0",24238,Assertion,Value mismatch,"def test_peek_filelike_length():
    import io
    solution = Solution()
    # Test with a real file object (assuming file exists, using temporary file or mock)
    # Using BytesIO as a seekable file-like object that supports tell() and seek()
    stream = io.BytesIO(b""test data"")
    assert solution.peek_filelike_length(stream) == 11","============================= test session starts =============================
platform win32 -- Python 3.12.10, pytest-8.4.2, pluggy-1.6.0 -- C:\Rep
... [TRUNCATED - showing end] ...
===========================
______________________ test_peek_filelike_length_line30 _______________________

    def test_peek_filelike_length_line30():
        import io
        solution = Solution()
        stream = io.BytesIO(b'test data')
>       assert solution.peek_filelike_length(stream) == 11
E       assert 9 == 11
E        +  where 9 = peek_filelike_length(<_io.BytesIO object at 0x0000023B307EB1F0>)
E        +    where peek_filelike_length = <under_test.Solution object at 0x0000023B306C3C80>.peek_filelike_length

test_generated.py:40: AssertionError
=========================== short test summary info ===========================
FAILED test_generated.py::test_peek_filelike_length_line30 - assert 9 == 11
============================== 1 failed in 0.23s ==============================",IncorrectAssertion,"Test asserts that the length of b'test data' is 11, but its actual length is 9.",high,,
34,Qwen3-4B-Instruct-2507,"Two-Step, T=0.0",56372,Assertion,Value mismatch; Unexpected None,"def test_get_environment_proxies():
    from unittest.mock import patch, MagicMock
    solution = Solution()

    # Mock getproxies to return a dictionary with http and https proxies, and no_proxy without '*'
    proxy_info = {
        ""http"": ""http://proxy1.example.com"",
        ""https"": ""https://proxy2.example.com"",
        ""no"": ""example.com,google.com""
    }

    with patch('urllib.request.getproxies', return_value=proxy_info):
        assert solution.get_environment_proxies() == {
            ""http://"": ""http://proxy1.example.com"",
            ""https://"": ""https://proxy2.example.com"",
            ""all://*example.com"": None,
            ""all://*google.com"": None
        }","============================= test session starts =============================
platform win32 -- Python 3.12.10, pytest-8.4.2, pluggy-1.6.0 -- C:\Rep
... [TRUNCATED - showing end] ...
: 'https://proxy2.example.com', 'all://*example.com': None, 'all://*google.com': None}
E           AssertionError: assert {} == {'all://*exam....example.com'}
E             
E             Right contains 4 more items:
E             {'all://*example.com': None,
E              'all://*google.com': None,
E              'http://': 'http://proxy1.example.com',
E              'https://': 'https://proxy2.example.com'}
E             ...
E             
E             ...Full output truncated (8 lines hidden), use '-vv' to show

test_generated.py:41: AssertionError
=========================== short test summary info ===========================
FAILED test_generated.py::test_get_environment_proxies_line21 - AssertionErro...
============================== 1 failed in 0.24s ==============================",SemanticMisunderstanding,"Test expects the function to return a populated dictionary of proxies, but it returns an empty dictionary.",moderate,returned empty dict for proxies,
35,Qwen3-4B-Instruct-2507,"One-Step, T=0.0",34966,Assertion,Value mismatch,"def test_dict_to_sequence():
    solution = Solution()
    # Test case where d is a regular dict (has items method)
    test_dict = {""a"": 1, ""b"": 2}
    result = solution.dict_to_sequence(test_dict)
    assert isinstance(result, tuple), ""Expected tuple result from dict_to_sequence""
    assert len(result) == 2, ""Expected two items in the result tuple""
    assert result[0] == (""a"", 1), ""First item should be ('a', 1)""
    assert result[1] == (""b"", 2), ""Second item should be ('b', 2)""","============================= test session starts =============================
platform win32 -- Python 3.12.10, pytest-8.4.2, pluggy-1.6.0 -- C:\Rep
... [TRUNCATED - showing end] ...
========================
________________________ test_dict_to_sequence_line27 _________________________

    def test_dict_to_sequence_line27():
        solution = Solution()
        test_dict = {'a': 1, 'b': 2}
        result = solution.dict_to_sequence(test_dict)
>       assert isinstance(result, tuple), 'Expected tuple result from dict_to_sequence'
E       AssertionError: Expected tuple result from dict_to_sequence
E       assert False
E        +  where False = isinstance(dict_items([('a', 1), ('b', 2)]), tuple)

test_generated.py:40: AssertionError
=========================== short test summary info ===========================
FAILED test_generated.py::test_dict_to_sequence_line27 - AssertionError: Expe...
============================== 1 failed in 0.22s ==============================",SemanticMisunderstanding,"Test expects dict_to_sequence to return a tuple, but it returns a dict_items view object.",near,dict_items instead of sequence,
36,Qwen3-4B-Instruct-2507,"Two-Step, T=0.0",15279,Assertion,Value mismatch; Unexpected None,"def test_iter_slices():
    solution = Solution()
    assert list(solution.iter_slices(""hello world"", None)) == [""hello"", "" world""]
    assert list(solution.iter_slices(""abcdef"", -1)) == [""abcdef""]","============================= test session starts =============================
platform win32 -- Python 3.12.10, pytest-8.4.2, pluggy-1.6.0 -- C:\Rep
... [TRUNCATED - showing end] ...
e27 ___________________________

    def test_iter_slices_line27():
        solution = Solution()
>       assert list(solution.iter_slices('hello world', None)) == ['hello', ' world']
E       AssertionError: assert ['hello world'] == ['hello', ' world']
E         
E         At index 0 diff: 'hello world' != 'hello'
E         Right contains one more item: ' world'
E         
E         Full diff:
E           [
E         -     'hello',...
E         
E         ...Full output truncated (4 lines hidden), use '-vv' to show

test_generated.py:38: AssertionError
=========================== short test summary info ===========================
FAILED test_generated.py::test_iter_slices_line27 - AssertionError: assert ['...
============================== 1 failed in 0.24s ==============================",IncorrectAssertion,"Test asserts that iter_slices splits the string into words, but it actually yields the entire string as a single slice.",high,,
37,Qwen3-4B-Instruct-2507,"Two-Step, T=0.0",35148,Assertion,Value mismatch; Unexpected None,"def test_clean_jsonl_line():
    solution = Solution()
    assert solution.clean_jsonl_line(""{'a': 1"") is None
    assert solution.clean_jsonl_line(""'{a: 1}"") is None
    assert solution.clean_jsonl_line(""{'a': 1}"") == {'a': 1}","============================= test session starts =============================
platform win32 -- Python 3.12.10, pytest-8.4.2, pluggy-1.6.0 -- C:\Rep
... [TRUNCATED - showing end] ...
_________________ test_clean_jsonl_line_line16 _________________________

    def test_clean_jsonl_line_line16():
        solution = Solution()
        assert solution.clean_jsonl_line(""{'a': 1"") is None
        assert solution.clean_jsonl_line(""'{a: 1}"") is None
>       assert solution.clean_jsonl_line(""{'a': 1}"") == {'a': 1}
E       assert None == {'a': 1}
E        +  where None = clean_jsonl_line(""{'a': 1}"")
E        +    where clean_jsonl_line = <under_test.Solution object at 0x0000026DF4293DD0>.clean_jsonl_line

test_generated.py:40: AssertionError
=========================== short test summary info ===========================
FAILED test_generated.py::test_clean_jsonl_line_line16 - assert None == {'a': 1}
============================== 1 failed in 0.17s ==============================",IncorrectAssertion,Test passes an invalid JSON string (single quotes instead of double quotes) and expects it to be successfully parsed.,high,,
38,Qwen3-4B-Instruct-2507,"One-Step, T=0.0",22716,Assertion,Value mismatch,"def test_strip_url():
    solution = Solution()
    result = solution.strip_url(""http://user:pass@localhost:80/path?query=1#fragment"", strip_credentials=True, strip_default_port=True, origin_only=False, strip_fragment=True)
    assert result == ""http://localhost/path""","============================= test session starts =============================
platform win32 -- Python 3.12.10, pytest-8.4.2, pluggy-1.6.0 -- C:\Rep
... [TRUNCATED - showing end] ...
    solution = Solution()
        result = solution.strip_url('http://user:pass@localhost:80/path?query=1#fragment', strip_credentials=True, strip_default_port=True, origin_only=False, strip_fragment=True)
>       assert result == 'http://localhost/path'
E       AssertionError: 
... [TRUNCATED] ...
lhost/path'
E         
E         - http://localhost/path
E         + http://localhost/path?query=1
E         ?                      ++++++++

test_generated.py:44: AssertionError
=========================== short test summary info ===========================
FAILED test_generated.py::test_strip_url_line34 - AssertionError: assert 'htt...
FAILED test_generated.py::test_strip_url_line39 - AssertionError: assert 'htt...
============================== 2 failed in 0.83s ==============================",IncorrectAssertion,"Test asserts that the query parameter is stripped, but strip_url does not strip query parameters by default.",high,YES,
39,Qwen3-4B-Instruct-2507,"Two-Step, T=0.0",22716,Assertion,Value mismatch,"def test_strip_url():
    solution = Solution()
    assert solution.strip_url(""http://user:pass@example.com:80/path?query#fragment"", 
                              strip_credentials=True, 
                              strip_default_port=True, 
                              origin_only=False, 
                              strip_fragment=True) == ""http://example.com/""","============================= test session starts =============================
platform win32 -- Python 3.12.10, pytest-8.4.2, pluggy-1.6.0 -- C:\Rep
... [TRUNCATED - showing end] ...
_url_line34 ____________________________

    def test_strip_url_line34():
        solution = Solution()
>       assert solution.strip_url('http://user:pass@example.com:80/path?query#fragment', strip_credentials=True, strip_default_port=True, origin_only=False, strip_fragment=True) == 'http://example.com/'
E       AssertionError: assert 'http://examp...om/path?query' == 'http://example.com/'
E         
E         - http://example.com/
E         + http://example.com/path?query
E         ?                    ++++++++++

test_generated.py:38: AssertionError
=========================== short test summary info ===========================
FAILED test_generated.py::test_strip_url_line34 - AssertionError: assert 'htt...
============================== 1 failed in 0.90s ==============================",IncorrectAssertion,"Test asserts that the path and query are stripped, but the function retains them.",high,YES,
40,Qwen3-4B-Instruct-2507,"Two-Step, T=0.0",44348,Assertion,Value mismatch,"def test_consume_prefix_in_state_dict_if_present():
    from collections import OrderedDict
    import torch

    # Create a mock state_dict with metadata, simulating a DDP-trained model state_dict
    state_dict = OrderedDict({
        'module.conv1.weight': torch.randn(3, 3, 3, 3),
        'module.conv1.bias': torch.randn(3),
        'module.fc1.weight': torch.randn(10, 3),
        'module.fc1.bias': torch.randn(10),
    })
    state_dict._metadata = {
        'module': 'metadata_for_module',
        'module.conv1.weight': 'metadata_for_conv1_weight',
        'module.conv1.bias': 'metadata_for_conv1_bias',
        'module.fc1.weight': 'metadata_for_fc1_weight',
        'module.fc1.bias': 'metadata_for_fc1_bias',
    }

    solution = Solution()
    solution.consume_prefix_in_state_dict_if_present(state_dict, ""module."")

    # Verify that the prefix was stripped from both keys and metadata
    assert 'conv1.weight' in state_dict and 'conv1.bias' in state_dict and 'fc1.weight' in state_dict and 'fc1.bias' in state_dict
    assert 'conv1.weight' not in state_dict.keys() and 'conv1.bias' not in state_dict.keys()  # Actually, it should be stripped
    assert 'conv1.weight' in state_dict and 'conv1.bias' in state_dict  # Corrected: after stripping, keys should be without prefix
    assert state_dict['conv1.weight'] is state_dict['module.conv1.weight']  # Same value, just key changed
    assert 'module' not in state_dict._metadata
    assert 'conv1.weight' in state_dict._metadata","============================= test session starts =============================
platform win32 -- Python 3.12.10, pytest-8.4.2, pluggy-1.6.0 -- C:\Rep
... [TRUNCATED - showing end] ...
  import torch
        state_dict = OrderedDict({'module.conv1.weight': torch.randn(3, 3, 3, 3), 'module.conv1.bias': torch.randn(3), 'module.fc1.weight': torch.randn(10, 3), 'module.fc1.bias': torch.randn(10)})
        state_dict._metadata = {'module': 'metadata_for_module', 'm
... [TRUNCATED] ...
 -0.4223, -0.0331],\n        [ 0.2773,  0.3285, -0.3583],\n        [ 0.0114, -1.6601,  0.3673]]), 'fc1.bias': tensor([ 0.5168,  0.0312, -0.1529,  0.6401, -0.0685,  0.9517,  0.3916,  0.0025,\n        -0.3309, -0.5247])}).keys

test_generated.py:44: AssertionError
=========================== short test summary info ===========================
FAILED test_generated.py::test_consume_prefix_in_state_dict_if_present_line23
============================== 1 failed in 3.09s ==============================",SemanticMisunderstanding,Test asserts state_dict['conv1.weight'] is state_dict['module.conv1.weight'] but the original key 'module.conv1.weight' was popped/removed from the dictionary.,moderate,,
41,gemma-3-4b-it,"Two-Step, T=0.0",27422,Runtime,Incomplete test structure,"from unittest.mock import patch, MagicMock
from typing import List

def test_guess_scheme():
    with patch('w3lib.url.add_http_if_no_scheme', MagicMock(return_value=""http://example.com"")):
        solution = Solution()
        assert solution.guess_scheme(""example.com"") == ""http://example.com""","============================= test session starts =============================
platform win32 -- Python 3.12.10, pytest-8.4.2, pluggy-1.6.0 -- C:\Rep
... [TRUNCATED - showing end] ...
://example.com')):
             ^^^^^^^^^^^^^^^^^^^^^^^^^^^^^^^^^^^^^^^^^^^^^^^^^^^^^^^^^^^^^^^^^^^^^^^^^^^^^^^^^^^^^^

test_generated.py:40: 
_ _ _ _ _ _ _ _ _ _ _ _ _ _ _ _ _ _ _ _ _ _ _ _ _ _ _ _ _ _ _ _ _ _ _ _ _ _ _ _
C:\Program Files\Python312\Lib\unittest\mock.py:1467: in
... [TRUNCATED] ...
           AttributeError: <module 'w3lib.url' from 'C:\\Repos\\slm-python-unit-test-benchmark\\venv\\Lib\\site-packages\\w3lib\\url.py'> does not have the attribute 'add_http_if_no_scheme'

C:\Program Files\Python312\Lib\unittest\mock.py:1437: AttributeError
=========================== short test summary info ===========================
FAILED test_generated.py::test_guess_scheme_line18 - AttributeError: <module ...
============================== 1 failed in 2.12s ==============================",MockingError,"Test attempts to patch add_http_if_no_scheme in w3lib.url, which does not exist in that module.",near,,
42,gemma-3-4b-it,"One-Step, T=0.0",22716,Runtime,Needs manual review,"def test_strip_url():
    with patch('w3lib.url.add_or_replace_parameter') as mock_add_or_replace_parameter, \
            patch('w3lib.url._any_to_uri') as mock_any_to_uri, \
            patch('w3lib.url._parse_url') as mock_parse_url, \
            patch('urllib.parse.ParseResult') as mock_parse_result, \
            patch('urllib.parse.urlunparse') as mock_urlunparse:
        mock_parse_url.return_value = mock_parse_result.return_value
        mock_parse_result.return_value.netloc = 'user:password@example.com:80/path?query#fragment'
        mock_urlunparse.return_value = 'http://user:password@example.com/path?query#fragment'
        result = solution.strip_url(url='http://user:password@example.com:80/path?query#fragment', strip_credentials=True, origin_only=True)
        assert result == 'http://example.com//?query#fragment'
        mock_parse_url.assert_called_once_with('http://user:password@example.com:80/path?query#fragment')","============================= test session starts =============================
platform win32 -- Python 3.12.10, pytest-8.4.2, pluggy-1.6.0 -- C:\Rep
... [TRUNCATED - showing end] ...
eter, patch('w3lib.url._any_to_uri') as mock_any_to_uri, patch('w3lib.url._parse_url') as mock_parse_url, patch('urllib.parse.ParseResult') as mock_parse_result, patch('urllib.parse.urlunparse') as mock_urlunparse:
                                                                
... [TRUNCATED] ...
       )
E           AttributeError: <module 'w3lib.url' from 'C:\\Repos\\slm-python-unit-test-benchmark\\venv\\Lib\\site-packages\\w3lib\\url.py'> does not have the attribute '_any_to_uri'

C:\Program Files\Python312\Lib\unittest\mock.py:1437: AttributeError
=========================== short test summary info ===========================
FAILED test_generated.py::test_strip_url_line34 - AttributeError: <module 'w3...
============================== 1 failed in 0.98s ==============================",MockingError,"Test attempts to patch _any_to_uri in w3lib.url, which does not exist.",near,,
43,gemma-3-4b-it,"Two-Step, T=0.0",63159,Runtime,Wrong function signature; Type mismatch,"import unittest
from unittest.mock import patch, MagicMock
import os

class Solution:  #13
    def run_cosmic_ray_analysis(self, source_code_str, test_code_str, per_test_timeout=10, overall_timeout=600) -> dict:  #14
        result_dict = {  #15
            ""mutation_score"": 0.0, ""total_mutants"": 0, ""killed_mutants"": 0,  #16
            ""survived_mutants"": 0, ""log"": """", ""error"": None  #17
        }  #18
        tmpdir = tempfile.mkdtemp(prefix=""cosmic_ray_"")  #19
  #20
        try:  #21
            work_dir = Path(tmpdir)  #22
  #23
            # 1. Write Files  #24
            (work_dir / ""under_test.py"").write_text(source_code_str, encoding='utf-8')  #25
            (work_dir / ""test_mutation.py"").write_text(test_code_str, encoding='utf-8
... [TRUNCATED] ...
.CompletedProcess(returncode=0, stdout="""", stderr="""")):
        solution = Solution()
        source_code = """"""
def add(x, y):
    return x + y
""""""
        test_code = """"""
assert add(1, 2) == 3
""""""
        expected_result = {
            ""mutation_score"": 0.0, ""total_mutants"": 0, ""killed_mutants"": 0,
            ""survived_mutants"": 0, ""log"": """", ""error"": None
        }
        actual_result = solution.run_cosmic_ray_analysis(source_code, test_code)
        assert actual_result == expected_result","============================= test session starts =============================
platform win32 -- Python 3.12.10, pytest-8.4.2, pluggy-1.6.0 -- C:\Rep
... [TRUNCATED - showing end] ...
urncode=0, stdout='', stderr='')), patch('cosmic_ray.cli.dump', return_value=subprocess.CompletedProcess(returncode=0, stdout='', stderr='')):
                                                                                                                                                                                                                                 ^^^^^^^^^^^^^^^^^^^^^^^^^^^^^^^^^^^^^^^^^^^^^^^^^^^^^^^^^^^^^^^
E       TypeError: CompletedProcess.__init__() missing 1 required positional argument: 'args'

test_generated.py:109: TypeError
=========================== short test summary info ===========================
FAILED test_generated.py::test_run_cosmic_ray_analysis_line48 - TypeError: Co...
============================== 1 failed in 0.20s ==============================",MockingError,Test mocks a function to return subprocess.CompletedProcess but omits the required args parameter in the constructor.,near,,
44,gemma-3-4b-it,"Two-Step, T=0.0",92301,Runtime,Needs manual review,"def test_get_hash_fn_by_name():
    solution = Solution()
    assert solution.get_hash_fn_by_name(""md5"") == ValueError(""Unsupported hash function: md5"")","============================= test session starts =============================
platform win32 -- Python 3.12.10, pytest-8.4.2, pluggy-1.6.0 -- C:\Rep
... [TRUNCATED - showing end] ...

        Args:
            hash_fn_name: Name of the hash function.
    
        Returns:
            A hash function.
        """"""
        if hash_fn_name == ""sha256"":
            return sha256
        if hash_fn_name == ""sha256_cbor"":
            return sha256_cbor
        if hash_fn_name == ""xxhash"":
            return xxhash
        if hash_fn_name == ""xxhash_cbor"":
            return xxhash_cbor
    
>       raise ValueError(f""Unsupported hash function: {hash_fn_name}"")
E       ValueError: Unsupported hash function: md5

under_test.py:39: ValueError
=========================== short test summary info ===========================
FAILED test_generated.py::test_get_hash_fn_by_name_line19 - ValueError: Unsup...
============================== 1 failed in 0.18s ==============================",SemanticMisunderstanding,"Test expects the function to return a ValueError object, but the function raises the ValueError instead.",near,,
45,gemma-3-4b-it,"Two-Step, T=0.0",20164,Runtime,Needs manual review,"import argparse
import subprocess
import os
import logging
import time
import shutil

class Solution:
    def parse_args(self):
        """"""Parses command-line arguments.""""""
        parser = argparse.ArgumentParser(description=""Run SLM benchmark experiments."")
        parser.add_argument(
            ""--quick-test"",
            action=""store_true"",
            help=""Run only 1 run, 1 model, 1 temp for pipeline verification.""
        )
        # Optional: Allow defining number of passes manually, default is 3
        parser.add_argument(""--passes"", type=int, default=3, help=""Number of sequential passes (runs) to perform."")
        return parser.parse_args()

def test_parse_args():
    solution = Solution()
    args = solution.parse_args()
    assert args.description == ""Run SLM benchmark experiments.""
    assert args.quick_test is False
    assert args.passes == 3
    assert ""--quick-test"" in vars(args)
    assert ""--passes"" in vars(args)","============================= test session starts =============================
platform win32 -- Python 3.12.10, pytest-8.4.2, pluggy-1.6.0 -- C:\Rep
... [TRUNCATED - showing end] ...
^^^^^^^^^^^^^^^^^^^

test_generated.py:54: 
_ _ _ _ _ _ _ _ _ _ _ _ _ _ _ _ _ _ _ _ _ _ _ _ _ _ _ _ _ _ _ _ _ _ _ _ _ _ _ _
test_generated.py:50: in parse_args
    return parser.parse_args()
           ^^^^^^^^^^^^^^^^^^^
C:\Program Files\Python312\Lib\argparse.py:1908: in parse
... [TRUNCATED] ...
ystemExit: 2

C:\Program Files\Python312\Lib\argparse.py:2637: SystemExit
---------------------------- Captured stderr call -----------------------------
usage: __main__.py [-h] [--quick-test] [--passes PASSES]
__main__.py: error: unrecognized arguments: test_generated.py -v
=========================== short test summary info ===========================
FAILED test_generated.py::test_parse_args_line19 - SystemExit: 2
============================== 1 failed in 0.29s ==============================",EnvironmentMismatch,"Test calls argparse.ArgumentParser.parse_args() without arguments, which mistakenly parses the pytest command-line arguments and exits.",near,parse_args SystemExit,
46,gemma-3-4b-it,"Two-Step, T=0.0",74972,Runtime,Possible API hallucination,"import unittest
from urllib.parse import urlparse
from unittest.mock import patch

def is_ipv4_address(hostname):
    try:
        socket.inet_aton(hostname)
        return True
    except socket.error:
        return False

def is_valid_cidr(cidr):
    try:
        socket.inet_aton(cidr[:1])
        return True
    except socket.error:
        return False

def address_in_network(ip, cidr):
    import ipaddress
    try:
        network = ipaddress.ip_network(cidr, strict=False)
        return ipaddress.ip_address(ip) in network
    except ValueError:
        return False

def set_environ(key, value):
    import os
    os.environ[key] = str(value)

class Solution:  #23
    def should_bypass_proxies(self, url, no_proxy):  #24
        """"""  #2
... [TRUNCATED] ...
    self.assertTrue(solution.should_bypass_proxies(url, no_proxy))

        url = ""http://192.168.1.1""
        no_proxy = [""192.168.1.1""]
        self.assertTrue(solution.should_bypass_proxies(url, no_proxy))

        url = ""http://192.168.1.1/path""
        no_proxy = [""192.168.1.1""]
        self.assertTrue(solution.should_bypass_proxies(url, no_proxy))

        url = ""http://example.com:80""
        no_proxy = [""example.com""]
        self.assertTrue(solution.should_bypass_proxies(url, no_proxy))","============================= test session starts =============================
platform win32 -- Python 3.12.10, pytest-8.4.2, pluggy-1.6.0 -- C:\Rep
... [TRUNCATED - showing end] ...
_should_bypass_proxies_line34(self):
        solution = Solution()
        url = 'https://example.com'
        no_proxy = ['localhost']
>       self.assertTrue(solution.should_bypass_proxies(url, no_proxy))
                        ^^^^^^^^^^^^^^^^^^^^^^^^^^^^^^^^^^^^^^^^^^^^^

t
... [TRUNCATED] ...
            no_proxy = (host for host in no_proxy.replace(' ', '').split(',') if host)
                                           ^^^^^^^^^^^^^^^^
E             AttributeError: 'list' object has no attribute 'replace'

test_generated.py:84: AttributeError
=========================== short test summary info ===========================
FAILED test_generated.py::TestShouldBypassProxies::test_should_bypass_proxies_line34
============================== 1 failed in 0.27s ==============================",SemanticMisunderstanding,"Test passes a list for no_proxy, but the function under test expects a string and calls .replace() on it.",near,,
47,gemma-3-4b-it,"One-Step, T=0.0",54275,Assertion,Value mismatch,"def test_cleanup_disk_space():
    solution = Solution()
    with patch('os.path.exists') as exists_mock, \
            patch('os.system') as system_mock:
        exists_mock.return_value = True
        system_mock.assert_called_once()
        solution.cleanup_disk_space()","============================= test session starts =============================
platform win32 -- Python 3.12.10, pytest-8.4.2, pluggy-1.6.0 -- C:\Rep
... [TRUNCATED - showing end] ...
2854366533856'>

    def assert_called_once(self):
        """"""assert that the mock was called only once.
        """"""
        if not self.call_count == 1:
            msg = (""Expected '%s' to have been called once. Called %s times.%s""
                   % (self._mock_name or 'mock',
                      self.call_count,
                      self._calls_repr()))
>           raise AssertionError(msg)
E           AssertionError: Expected 'system' to have been called once. Called 0 times.

C:\Program Files\Python312\Lib\unittest\mock.py:928: AssertionError
=========================== short test summary info ===========================
FAILED test_generated.py::test_cleanup_disk_space_line24 - AssertionError: Ex...
============================== 1 failed in 0.26s ==============================",SemanticMisunderstanding,"Test mocks os.system and expects it to be called, but the function logic bypasses the call (likely because the path doesn't match conditions).",moderate,,
48,gemma-3-4b-it,"Two-Step, T=0.0",23426,Assertion,Value mismatch,"import unittest
from unittest.mock import patch, MagicMock

class Solution:  #19
    def check_consistent_length(self, *arrays):  #20
        """"""Check that all arrays have consistent first dimensions.  #21
  #22
        Checks whether all objects in arrays have the same shape or length.  #23
  #24
        Parameters  #25
        ----------
        *arrays : list or tuple of input objects.  #26
            Objects that will be checked for consistent length.  #27
  #29
        Examples  #30
        --------
        >>> from sklearn.utils.validation import check_consistent_length  #32
        >>> a = [1, 2, 3]  #33
        >>> b = [2, 3, 4]  #34
        >>> check_consistent_length(a, b)  #35
        """"""  #36

def test_check_consistent_length():
    solution = Solution()
    with patch('sklearn.utils.validation.check_consistent_length') as mock_check_consistent_length:
        mock_check_consistent_length.assert_called()
        mock_check_consistent_length.return_value = None
        result = solution.check_consistent_length([1, 2, 3], [4, 5, 6])
        assert result is None","============================= test session starts =============================
platform win32 -- Python 3.12.10, pytest-8.4.2, pluggy-1.6.0 -- C:\Rep
... [TRUNCATED - showing end] ...
 _ _ _ _ _ _ _ _ _ _ _ _ _ _ _ _ _ _ _ _ _ _ _ _ _ _ _ _ _ _

self = <MagicMock name='check_consistent_length' id='2306445374480'>

    def assert_called(self):
        """"""assert that the mock was called at least once
        """"""
        if self.call_count == 0:
            msg = (""Expected '%s' to have been called."" %
                   (self._mock_name or 'mock'))
>           raise AssertionError(msg)
E           AssertionError: Expected 'check_consistent_length' to have been called.

C:\Program Files\Python312\Lib\unittest\mock.py:918: AssertionError
=========================== short test summary info ===========================
FAILED test_generated.py::test_check_consistent_length_line38 - AssertionErro...
============================== 1 failed in 2.72s ==============================",MockingError,"Test patches a function inside sklearn and expects it to be called, but the internal function doesn't get called or patch target was wrong.",moderate,,
49,gemma-3-4b-it,"Two-Step, T=0.0",44348,Assertion,Value mismatch; Unexpected None,"import collections
from itertools import repeat
from typing import Any

def test_consume_prefix_in_state_dict_if_present():
    state_dict = collections.OrderedDict({
        ""module.layer1.weight"": None,
        ""module.layer1.bias"": None,
        ""module.layer2.weight"": None,
        ""module.layer2.bias"": None,
        ""module.layer3.weight"": None,
        ""module.layer3.bias"": None,
        ""_metadata"": {"""": None, ""module.layer1"": None}
    })
    solution = Solution()
    solution.consume_prefix_in_state_dict_if_present(state_dict, ""module."")
    assert state_dict == collections.OrderedDict({
        ""layer1.weight"": None,
        ""layer1.bias"": None,
        ""layer2.weight"": None,
        ""layer2.bias"": None,
        ""layer3.weight"": None,
        ""layer3.bias"": None,
        ""_metadata"": {"""": None}
    })","============================= test session starts =============================
platform win32 -- Python 3.12.10, pytest-8.4.2, pluggy-1.6.0 -- C:\Rep
... [TRUNCATED - showing end] ...
eight': None, 'layer2.bias': None, 'layer3.weight': None, 'layer3.bias': None, '_metadata': {'': None}})
E       AssertionError: assert OrderedDict({....bias': None}) == OrderedDict({...: {'': None}})
E         
E         Omitting 6 identical items, use -vv to show
E         Differing items:
E         {'_metadata': {'': None, 'module.layer1': None}} != {'_metadata': {'': None}}
E         
E         Full diff:
E           OrderedDict({...
E         
E         ...Full output truncated (11 lines hidden), use '-vv' to show

test_generated.py:44: AssertionError
=========================== short test summary info ===========================
FAILED test_generated.py::test_consume_prefix_in_state_dict_if_present_line23
============================== 1 failed in 0.19s ==============================",IncorrectAssertion,"Test asserts that _metadata is completely stripped of module.layer1, but the function's logic didn't strip it.",near,,
50,gemma-3-4b-it,"One-Step, T=0.0",90722,Assertion,Value mismatch,"import unittest
from unittest.mock import patch, MagicMock
from collections.abc import Callable
from typing import Any

class Solution:
    def sha256(self, input: Any) -> bytes:
        """"""Hash any picklable Python object using SHA-256.

        The input is serialized using pickle before hashing, which allows
        arbitrary Python objects to be used. Note that this function does
        not use a hash seed—if you need one, prepend it explicitly to the input.

        Args:
            input: Any picklable Python object.

        Returns:
            Bytes representing the SHA-256 hash of the serialized input.
        """"""
        input_bytes = pickle.dumps(input, protocol=pickle.HIGHEST_PROTOCOL)
        return hashlib.sha256(input_bytes).digest()

def test_sha256():
    solution = Solution()
    mock_hashlib_sha256 = MagicMock()
    mock_hashlib_sha256.digest.return_value = b'\xba\xde\xab\xcd\xef\xca\xbc\xde'
    with patch('hashlib.sha256', mock_hashlib_sha256):
        result = solution.sha256([1, 2, 3])
        assert result == b'\xba\xde\xab\xcd\xef\xca\xbc\xde'","============================= test session starts =============================
platform win32 -- Python 3.12.10, pytest-8.4.2, pluggy-1.6.0 -- C:\Rep
... [TRUNCATED - showing end] ...
        mock_hashlib_sha256.digest.return_value = b'\xba\xde\xab\xcd\xef\xca\xbc\xde'
        with patch('hashlib.sha256', mock_hashlib_sha256):
            result = solution.sha256([1, 2, 3])
>           assert result == b'\xba\xde\xab\xcd\xef\xca\xbc\xde'
E           AssertionError: assert <MagicMock na...089013465296'> == b'\xba\xde\xa...f\xca\xbc\xde'
E             
E             Full diff:
E             - (b'\xba\xde\xab\xcd\xef\xca\xbc\xde')
E             + <MagicMock name='mock().digest()' id='2089013465296'>

test_generated.py:65: AssertionError
=========================== short test summary info ===========================
FAILED test_generated.py::test_sha256_line24 - AssertionError: assert <MagicM...
============================== 1 failed in 0.17s ==============================",MockingError,"Test patches hashlib.sha256 with a mock object but fails to properly mock the .digest() chain, causing the function to return a mock instead of bytes.",near,,
51,gemma-3-4b-it,"One-Step, T=0.0",62484,Assertion,Value mismatch,"def test_check_parent_directory():
    solution = Solution()
    path = Path(""./non_existent_dir/test_file.txt"")
    with pytest.raises(OSError) as excinfo:
        solution.check_parent_directory(path)
    assert str(excinfo.value) == ""Cannot save file into a non-existent directory: './non_existent_dir'""","============================= test session starts =============================
platform win32 -- Python 3.12.10, pytest-8.4.2, pluggy-1.6.0 -- C:\Rep
... [TRUNCATED - showing end] ...

        with pytest.raises(OSError) as excinfo:
            solution.check_parent_directory(path)
>       assert str(excinfo.value) == ""Cannot save file into a non-existent directory: './non_existent_dir'""
E       assert ""Cannot save ...existent_dir'"" == ""Cannot save ...existent_dir'""
E         
E         - Cannot save file into a non-existent directory: './non_existent_dir'
E         ?                                                  --
E         + Cannot save file into a non-existent directory: 'non_existent_dir'

test_generated.py:41: AssertionError
=========================== short test summary info ===========================
FAILED test_generated.py::test_check_parent_directory_line36 - assert ""Cannot...
============================== 1 failed in 1.16s ==============================",IncorrectAssertion,Test asserts an exact error message containing ./non_existent_dir but the Path object normalizes it to non_existent_dir.,high,,
52,gemma-3-4b-it,"Two-Step, T=0.0",35148,Assertion,Value mismatch,"import unittest
from unittest.mock import patch
import json

class Solution:  #13
    def clean_jsonl_line(self, line):  #14
        line = line.strip()  #15
        if not line: return None  #16
        try: return json.loads(line)  #17
        except:   #18
            try: return json.loads(line + ""}"")  #19
            except: return None  #20

class TestCleanJsonlLine(unittest.TestCase):
    def setUp(self):
        self.solution = Solution()

    def test_clean_jsonl_line(self):
        with self.assertRaises(json.JSONDecodeError):
            self.solution.clean_jsonl_line(""invalid json"")
        with self.assertRaises(json.JSONDecodeError):
            self.solution.clean_jsonl_line(""invalid json"")
        with self.assertRaises(json.JSONDecodeError):
            self.solution.clean_jsonl_line(""{\""key\"": \""value\""}"")
        with self.assertRaises(json.JSONDecodeError):
            self.solution.clean_jsonl_line(""{\""key\"": \""value\""}"")
        with self.assertRaises(json.JSONDecodeError):
            self.solution.clean_jsonl_line("""")
        with self.assertRaises(json.JSONDecodeError):
            self.solution.clean_jsonl_line(""   "")","============================= test session starts =============================
platform win32 -- Python 3.12.10, pytest-8.4.2, pluggy-1.6.0 -- C:\Rep
... [TRUNCATED - showing end] ...
erated.py::TestCleanJsonlLine::test_clean_jsonl_line_line16 FAILED [100%]

================================== FAILURES ===================================
_______________ TestCleanJsonlLine.test_clean_jsonl_line_line16 _______________

self = <test_generated.TestCleanJsonlLine testMethod=test_clean_jsonl_line_line16>

    def test_clean_jsonl_line_line16(self):
>       with self.assertRaises(json.JSONDecodeError):
             ^^^^^^^^^^^^^^^^^^^^^^^^^^^^^^^^^^^^^^^
E       AssertionError: JSONDecodeError not raised

test_generated.py:60: AssertionError
=========================== short test summary info ===========================
FAILED test_generated.py::TestCleanJsonlLine::test_clean_jsonl_line_line16 - ...
============================== 1 failed in 0.17s ==============================",SemanticMisunderstanding,"Test expects the function to raise JSONDecodeError for invalid JSON, but the function actually swallows the error and returns None.",near,,
53,gemma-3-4b-it,"Two-Step, T=0.0",68859,Timeout,Needs manual review,"def test_get_activation():
    ACT2FN = {'relu': 'torch.nn.ReLU', 'sigmoid': 'torch.nn.Sigmoid', 'tanh': 'torch.nn.Tanh'}
    solution = Solution()
    assert solution.get_activation('relu') == 'torch.nn.ReLU'",TIMEOUT (30s limit),SemanticMisunderstanding,"Test execution timed out, likely due to triggering an infinite loop or a blocking operation.",moderate,,The function likely got stuck trying to resolve a dependency or blocking call internally.
54,gemma-3-4b-it,"Two-Step, T=0.0",36753,Runtime,Needs manual review,"import unittest
from unittest.mock import patch, MagicMock
from pathlib import Path

class Solution:  #25
    def is_fsspec_url(self, url: FilePath | BaseBuffer) -> bool:  #26
        """"""  #27
        Returns true if the given URL looks like  #28
        something fsspec can handle  #29
        """"""  #30
        return (  #31
            isinstance(url, str)  #32
            and bool(_FSSPEC_URL_PATTERN.match(url))  #33
            and not url.startswith((""http://"", ""https://""))  #34
        )  #35

_FSSPEC_URL_PATTERN = re.compile(r""^file:///.*"")

class TestIsFsspecUrl(unittest.TestCase):
    def test_is_fsspec_url(self):
        solution = Solution()
        with patch('pathlib.Path') as mock_path:
            mock_path.mock_return_value = Path(""file:///path/to/file"")
            self.assertTrue(solution.is_fsspec_url(Path(""file:///path/to/file"")))

            with patch('__main__._FSSPEC_URL_PATTERN') as mock_pattern:
                mock_pattern.match.return_value = True
                self.assertTrue(solution.is_fsspec_url(""file:///path/to/file""))

            with patch('__main__._FSSPEC_URL_PATTERN') as mock_pattern:
                mock_pattern.match.return_value = False
                self.assertFalse(solution.is_fsspec_url(""file:///path/to/file""))

            with patch('__main__._FSSPEC_URL_PATTERN') as mock_pattern:
                mock_pattern.match.return_value = True
                self.assertFalse(solution.is_fsspec_url(""http:///path/to/file""))","============================= test session starts =============================
platform win32 -- Python 3.12.10, pytest-8.4.2, pluggy-1.6.0 -- C:\Rep
... [TRUNCATED - showing end] ...
36753_1txcsf2p
plugins: anyio-4.12.0, cov-5.0.0
collecting ... collected 0 items / 1 error

=================================== ERRORS ====================================
_____________________ ERROR collecting test_generated.py ______________________
test_generated.py:40: in <module>
    class Solution:
test_generated.py:42: in Solution
    def is_fsspec_url(self, url: FilePath | BaseBuffer) -> bool:
                                 ^^^^^^^^
E   NameError: name 'FilePath' is not defined
=========================== short test summary info ===========================
ERROR test_generated.py - NameError: name 'FilePath' is not defined
!!!!!!!!!!!!!!!!!!! Interrupted: 1 error during collection !!!!!!!!!!!!!!!!!!!!
============================== 1 error in 1.86s ===============================",MissingImport,Test uses the type annotation FilePath without importing it.,high,,
55,gemma-3-4b-it,"One-Step, T=0.0",24238,Runtime,Import error; Missing module,"def test_peek_filelike_length():
    with patch('__builtins__.open', new_callable=MagicMock) as mock_open:
        mock_open.return_value.__enter__.return_value = MagicMock()
        mock_open.return_value.__exit__.return_value = MagicMock()
        mock_open.return_value.fileno.return_value = 1
        mock_open.return_value.seek.return_value = 0
        mock_open.return_value.tell.return_value = 0
        mock_open.return_value.st_size = 10
        stream = mock_open.return_value
        assert solution.peek_filelike_length(stream) == 10","============================= test session starts =============================
platform win32 -- Python 3.12.10, pytest-8.4.2, pluggy-1.6.0 -- C:\Rep
... [TRUNCATED - showing end] ...
en:
             ^^^^^^^^^^^^^^^^^^^^^^^^^^^^^^^^^^^^^^^^^^^^^^^^^^

test_generated.py:37: 
_ _ _ _ _ _ _ _ _ _ _ _ _ _ _ _ _ _ _ _ _ _ _ _ _ _ _ _ _ _ _ _ _ _ _ _ _ _ _ _
C:\Program Files\Python312\Lib\unittest\mock.py:1451: in __enter__
    self.target = self.getter()
        
... [TRUNCATED] ...
 _ _ _ _ _ _ _ _ _ _ _ _ _ _ _ _ _ _ _ _ _ _ _ _ _ _ _ _ _

name = '__builtins__', import_ = <function _gcd_import at 0x000002C81B80C0E0>

>   ???
E   ModuleNotFoundError: No module named '__builtins__'

<frozen importlib._bootstrap>:1324: ModuleNotFoundError
=========================== short test summary info ===========================
FAILED test_generated.py::test_peek_filelike_length_line30 - ModuleNotFoundEr...
============================== 1 failed in 0.33s ==============================",MockingError,Test attempts to patch __builtins__.open but uses the wrong module name (builtins should be used instead of __builtins__).,near,,
56,gemma-3-4b-it,"Two-Step, T=0.0",65215,Runtime,Import error,"import unittest
from unittest.mock import patch, MagicMock
from typing import FilePath, BaseBufferT

class FilePath:
    pass

class Solution:
    def stringify_path(self,
        filepath_or_buffer: FilePath | BaseBufferT,
        convert_file_like: bool = False
    ) -> str | BaseBufferT:
        """"""
        Attempt to convert a path-like object to a string.
        """"""
        if not convert_file_like and is_file_like(filepath_or_buffer):
            # GH 38125: some fsspec objects implement os.PathLike but have already opened a
            # file. This prevents opening the file a second time. infer_compression calls
            # this function with convert_file_like=True to infer the compression.
            return cast(BaseBufferT, filepath_or_buffer)
        if isinstance(filepath_or_buffer, os.PathLike):
            filepath_or_buffer = filepath_or_buffer.__fspath__()
        return _expand_user(filepath_or_buffer)

def _expand_user(filepath_or_buffer):
    return str(filepath_or_buffer)

class TestStringifyPath(unittest.TestCase):
    def test_stringify_path(self):
        solution = Solution()
        mock_filepath = MagicMock()
        mock_filepath.name = ""test_path""
        mock_filepath.chroot = MagicMock()
        mock_filepath.expanduser = MagicMock()

        result = solution.stringify_path(mock_filepath)
        self.assertEqual(result, ""test_path"")","============================= test session starts =============================
platform win32 -- Python 3.12.10, pytest-8.4.2, pluggy-1.6.0 -- C:\Rep
... [TRUNCATED - showing end] ...
:\Users\cbark\AppData\Local\Temp\eval_65215_dt5tkwh5\test_generated.py'.
Hint: make sure your test modules/packages have valid Python names.
Traceback:
C:\Program Files\Python312\Lib\importlib\__init__.py:90: in import_module
    return _bootstrap._gcd_import(name[level:], package, level)
           ^^^^^^^^^^^^^^^^^^^^^^^^^^^^^^^^^^^^^^^^^^^^^^^^^^^^
test_generated.py:38: in <module>
    from typing import FilePath, BaseBufferT
E   ImportError: cannot import name 'FilePath' from 'typing' (C:\Program Files\Python312\Lib\typing.py)
=========================== short test summary info ===========================
ERROR test_generated.py
!!!!!!!!!!!!!!!!!!! Interrupted: 1 error during collection !!!!!!!!!!!!!!!!!!!!
============================== 1 error in 1.46s ===============================",APIHallucination,"Test attempts to import FilePath and BaseBufferT from the typing module, but they do not exist there.",near,,
57,gemma-3-4b-it,"Two-Step, T=0.0",67890,Runtime,Incomplete test structure,"from unittest.mock import patch, MagicMock
import pytest

def test_xxhash():
    with patch('__main__._xxhash_digest', MagicMock(return_value=b'')) as mock_digest:
        solution = Solution()
        assert solution.xxhash([1, 2, 3]) == b''","============================= test session starts =============================
platform win32 -- Python 3.12.10, pytest-8.4.2, pluggy-1.6.0 -- C:\Rep
... [TRUNCATED - showing end] ...
t:
             ^^^^^^^^^^^^^^^^^^^^^^^^^^^^^^^^^^^^^^^^^^^^^^^^^^^^^^^^^^^^^

test_generated.py:40: 
_ _ _ _ _ _ _ _ _ _ _ _ _ _ _ _ _ _ _ _ _ _ _ _ _ _ _ _ _ _ _ _ _ _ _ _ _ _ _ _
C:\Program Files\Python312\Lib\unittest\mock.py:1467: in __enter__
    original, local = self.get
... [TRUNCATED] ...
      AttributeError: <module 'pytest.__main__' from 'C:\\Repos\\slm-python-unit-test-benchmark\\venv\\Lib\\site-packages\\pytest\\__main__.py'> does not have the attribute '_xxhash_digest'

C:\Program Files\Python312\Lib\unittest\mock.py:1437: AttributeError
=========================== short test summary info ===========================
FAILED test_generated.py::test_xxhash_line13 - AttributeError: <module 'pytes...
============================== 1 failed in 0.31s ==============================",MockingError,"Test attempts to patch _xxhash_digest on __main__, but it is not available in the pytest runner's __main__ module.",near,patching main target,
58,gemma-3-4b-it,"One-Step, T=0.0",46427,Runtime,Possible API hallucination,"import unittest
from unittest.mock import patch
import datetime as dt

class Solution:
    def naturalday(self, value: dt.date | dt.datetime, format: str = ""%b %d"") -> str:
        """"""Return a natural day.

        For date values that are tomorrow, today or yesterday compared to
        present day return representing string. Otherwise, return a string
        formatted according to `format`.

        """"""
        import datetime as dt

        try:
            value = dt.date(value.year, value.month, value.day)
        except AttributeError:
            # Passed value wasn't date-ish
            return str(value)
        except (OverflowError, ValueError):
            # Date arguments out of range
            return str(value)
        delta = value - dt.date.today()

        if delta.days == 0:
            return _(""today"")

        if delta.days == 1:
            return _(""tomorrow"")

        if delta.days == -1:
            return _(""yesterday"")

        return value.strftime(format)

def test_naturalday():
    solution = Solution()
    mock_gettext = MagicMock()
    with patch('__main__.Solution._', mock_gettext):
        result = solution.naturalday(dt.date(2023, 10, 26))
        assert result == ""Oct 26""","============================= test session starts =============================
platform win32 -- Python 3.12.10, pytest-8.4.2, pluggy-1.6.0 -- C:\Rep
... [TRUNCATED - showing end] ...
'__main__.Solution._', mock_gettext):
             ^^^^^^^^^^^^^^^^^^^^^^^^^^^^^^^^^^^^^^^^^^

test_generated.py:69: 
_ _ _ _ _ _ _ _ _ _ _ _ _ _ _ _ _ _ _ _ _ _ _ _ _ _ _ _ _ _ _ _ _ _ _ _ _ _ _ _
C:\Program Files\Python312\Lib\unittest\mock.py:1451: in __enter__
    self.targe
... [TRUNCATED] ...
      result = mod
        for p in parts:
>           result = getattr(result, p)
                     ^^^^^^^^^^^^^^^^^^
E           AttributeError: module '__main__' has no attribute 'Solution'

C:\Program Files\Python312\Lib\pkgutil.py:528: AttributeError
=========================== short test summary info ===========================
FAILED test_generated.py::test_naturalday_line23 - AttributeError: module '__...
============================== 1 failed in 0.32s ==============================",MockingError,"Test attempts to patch a method on __main__.Solution, but Solution is not located in __main__ during pytest execution.",near,patching main target,
59,gemma-3-4b-it,"One-Step, T=0.0",92301,Runtime,Needs manual review,"import unittest
from unittest.mock import patch, MagicMock
from collections.abc import Callable
from typing import Any

class Solution:
    def get_hash_fn_by_name(self, hash_fn_name: str) -> Callable[[Any], bytes]:
        """"""Get a hash function by name, or raise an error if the function is not found.

        Args:
            hash_fn_name: Name of the hash function.

        Returns:
            A hash function.
        """"""
        if hash_fn_name == ""sha256"":
            return sha256
        if hash_fn_name == ""sha256_cbor"":
            return sha256_cbor
        if hash_fn_name == ""xxhash"":
            return xxhash
        if hash_fn_name == ""xxhash_cbor"":
            return xxhash_cbor

        raise ValueError(f""Unsupported hash function: {hash_fn_name}"")

def test_get_hash_fn_by_name():
    solution = Solution()
    with patch('__main__.sha256', MagicMock()), \
            patch('__main__.sha256_cbor', MagicMock()), \
            patch('__main__.xxhash', MagicMock()), \
            patch('__main__.xxhash_cbor', MagicMock()):
        with unittest.mock.patch('__main__.ValueError') as mock_value_error:
            mock_value_error.side_effect = ValueError(
                ""Unsupported hash function: invalid_hash"")
            assert solution.get_hash_fn_by_name(""invalid_hash"") == ValueError(
                ""Unsupported hash function: invalid_hash"")","============================= test session starts =============================
platform win32 -- Python 3.12.10, pytest-8.4.2, pluggy-1.6.0 -- C:\Rep
... [TRUNCATED - showing end] ...
ck()), patch('__main__.sha256_cbor', MagicMock()), patch('__main__.xxhash', MagicMock()), patch('__main__.xxhash_cbor', MagicMock()):
             ^^^^^^^^^^^^^^^^^^^^^^^^^^^^^^^^^^^^^

test_generated.py:64: 
_ _ _ _ _ _ _ _ _ _ _ _ _ _ _ _ _ _ _ _ _ _ _ _ _ _ _ _ _ _ _ _ _ _ _ 
... [TRUNCATED] ...
)
E           AttributeError: <module 'pytest.__main__' from 'C:\\Repos\\slm-python-unit-test-benchmark\\venv\\Lib\\site-packages\\pytest\\__main__.py'> does not have the attribute 'sha256'

C:\Program Files\Python312\Lib\unittest\mock.py:1437: AttributeError
=========================== short test summary info ===========================
FAILED test_generated.py::test_get_hash_fn_by_name_line19 - AttributeError: <...
============================== 1 failed in 0.24s ==============================",MockingError,"Test attempts to patch sha256 on __main__, which does not exist in the pytest execution context.",near,patching main target,
60,gemma-3-4b-it,"Two-Step, T=0.0",42659,Runtime,Needs manual review,"import unittest
from unittest.mock import patch, MagicMock

class Solution:  #23
    def get_environ_proxies(self, url, no_proxy=None):  #24
        """"""  #25
        Return a dict of environment proxies.  #26
  #27
        :rtype: dict  #28
        """"""  #29
        if should_bypass_proxies(url, no_proxy=no_proxy):  #30
            return {}  #31
        else:  #32
            return getproxies()  #33

def should_bypass_proxies(url, no_proxy=None):
    parsed_url = urlparse(url)
    if parsed_url.netloc == ""localhost"":
        return True
    return False

def test_get_environ_proxies():
    solution = Solution()
    with patch('__main__.should_bypass_proxies') as mock_bypass:
        mock_bypass.return_value = True
        assert solution.get_environ_proxies(""http://localhost"") == {}","============================= test session starts =============================
platform win32 -- Python 3.12.10, pytest-8.4.2, pluggy-1.6.0 -- C:\Rep
... [TRUNCATED - showing end] ...
oxies') as mock_bypass:
             ^^^^^^^^^^^^^^^^^^^^^^^^^^^^^^^^^^^^^^^

test_generated.py:60: 
_ _ _ _ _ _ _ _ _ _ _ _ _ _ _ _ _ _ _ _ _ _ _ _ _ _ _ _ _ _ _ _ _ _ _ _ _ _ _ _
C:\Program Files\Python312\Lib\unittest\mock.py:1467: in __enter__
    original, local = self.get_
... [TRUNCATED] ...
ttributeError: <module 'pytest.__main__' from 'C:\\Repos\\slm-python-unit-test-benchmark\\venv\\Lib\\site-packages\\pytest\\__main__.py'> does not have the attribute 'should_bypass_proxies'

C:\Program Files\Python312\Lib\unittest\mock.py:1437: AttributeError
=========================== short test summary info ===========================
FAILED test_generated.py::test_get_environ_proxies_line30 - AttributeError: <...
============================== 1 failed in 0.39s ==============================",MockingError,"Test attempts to patch should_bypass_proxies on __main__, which does not exist.",near,patching main target,
61,Ministral-3-3B-Reasoning-2512,"One-Step, T=0.0",36011,Runtime,Import error,"def test_set_encoder():
    from __future__ import annotations
    from unittest.mock import patch, MagicMock
    from .encoder import Encoder
    from .broker import get_broker
    from .composition import pipeline
    from .results import ResultBackend

    with patch('__main__.get_broker', return_value=MagicMock()) as mock_get_broker, \
         patch('__main__.pipeline', return_value=MagicMock()) as mock_pipeline, \
         patch('__main__.ResultBackend', return_value=MagicMock()) as mock_ResultBackend:

        mock_encoder = MagicMock(spec=Encoder)
        solution.set_encoder(mock_encoder)

        assert mock_encoder == global_encoder","============================= test session starts =============================
platform win32 -- Python 3.12.10, pytest-8.4.2, pluggy-1.6.0 -- C:\Rep
... [TRUNCATED - showing end] ...
val_36011_fhqfg79m
plugins: anyio-4.12.0, cov-5.0.0
collecting ... collected 1 item

test_generated.py::test_set_encoder_line1 FAILED                         [100%]

================================== FAILURES ===================================
___________________________ test_set_encoder_line1 ____________________________

    def test_set_encoder_line1():
        from unittest.mock import patch, MagicMock
>       from .encoder import Encoder
E       ImportError: attempted relative import with no known parent package

test_generated.py:38: ImportError
=========================== short test summary info ===========================
FAILED test_generated.py::test_set_encoder_line1 - ImportError: attempted rel...
============================== 1 failed in 0.24s ==============================",EnvironmentMismatch,"Test attempts to use a relative import, which fails because the test script is executed as a top-level script in a temporary directory.",near,relative import error,
62,Ministral-3-3B-Reasoning-2512,"Two-Step, T=0.0",15497,Runtime,Needs manual review,"def test_get_weekday_index():
    solution = Solution()
    assert solution.get_weekday_index(""Monday"") == 0
    assert solution.get_weekday_index(""tuesday"") == 1
    assert solution.get_weekday_index(""FRIDAY"") == 4
    assert solution.get_weekday_index(""sunday"") == 6
    assert solution.get_weekday_index(""invalid"") == ValueError","============================= test session starts =============================
platform win32 -- Python 3.12.10, pytest-8.4.2, pluggy-1.6.0 -- C:\Rep
... [TRUNCATED - showing end] ...
ne15():
        solution = Solution()
>       assert solution.get_weekday_index('Monday') == 0
               ^^^^^^^^^^^^^^^^^^^^^^^^^^^^^^^^^^^^

test_generated.py:38: 
_ _ _ _ _ _ _ _ _ _ _ _ _ _ _ _ _ _ _ _ _ _ _ _ _ _ _ _ _ _ _ _ _ _ _ _ _ _ _ _

self = <under_test.Solution object at 0x00000245CA50E480>, weekday = 'Monday'

    def get_weekday_index(self, weekday: str) -> int:
        try:
>           return WEEKDAYS.index(weekday.lower())
                   ^^^^^^^^
E           NameError: name 'WEEKDAYS' is not defined

under_test.py:35: NameError
=========================== short test summary info ===========================
FAILED test_generated.py::test_get_weekday_index_line15 - NameError: name 'WE...
============================== 1 failed in 0.31s ==============================",MissingDefinition,Test fails because the module-level constant WEEKDAYS is missing from the test execution environment.,near,missing WEEKDAYS,
63,Ministral-3-3B-Reasoning-2512,"Two-Step, T=0.0",54275,Runtime,Needs manual review,"def test_cleanup_disk_space():
    solution = Solution()
    # Mock the existence of at least one path in paths_to_clear
    with patch('os.path.exists', return_value=True) as mock_exists, \
         patch('shutil.rmtree', side_effect=subprocess.CalledProcessError(1, ""Command failed"")) as mock_rmtree, \
         patch('os.makedirs', side_effect=subprocess.CalledProcessError(1, ""Command failed"")) as mock_makedirs, \
         patch('os.system', side_effect=subprocess.CalledProcessError(1, ""Command failed"")) as mock_sync:
        # Set the paths to clear to include one that exists
        solution.paths_to_clear = [""/workspace/huggingface_cache/hub""]
        # Call the method and check the output
        result = solution.cleanup_disk_space()
        # Verify that the method was called with the correct paths
        mock_exists.assert_called_with(""/workspace/huggingface_cache/hub"")
        mock_rmtree.assert_called_with(""/workspace/huggingface_cache/hub"")
        mock_makedirs.assert_called_with(""/workspace/huggingface_cache/hub"", exist_ok=True)
        mock_sync.assert_called_with(""sync"")","============================= test session starts =============================
platform win32 -- Python 3.12.10, pytest-8.4.2, pluggy-1.6.0 -- C:\Rep
... [TRUNCATED - showing end] ...
lue=True) as mock_exists, patch('shutil.rmtree', side_effect=subprocess.CalledProcessError(1, 'Command failed')) as mock_rmtree, patch('os.makedirs', side_effect=subprocess.CalledProcessError(1, 'Command failed')) as mock_makedirs, patch('os.system', side_effect=subprocess.Calle
... [TRUNCATED] ...
1.
WARNING  root:under_test.py:43 Error cleaning /root/.cache/vllm: Command 'Command failed' returned non-zero exit status 1.
WARNING  root:under_test.py:43 Error cleaning /root/.cache/huggingface/hub: Command 'Command failed' returned non-zero exit status 1.
=========================== short test summary info ===========================
FAILED test_generated.py::test_cleanup_disk_space_line24 - subprocess.CalledP...
============================== 1 failed in 0.28s ==============================",SemanticMisunderstanding,"Test sets a mock to raise CalledProcessError for shutil.rmtree, but the function under test does not catch this exception, causing the test to fail.",near,,
64,Ministral-3-3B-Reasoning-2512,"Two-Step, T=0.0",68859,Runtime,Needs manual review,"def test_get_activation():
    solution = Solution()
    with patch('transformers.utils.import_utils.is_torchdynamo_compiling', return_value=False):
        try:
            solution.get_activation(""tanh"")
        except KeyError as e:
            assert str(e) == f""function tanh not found in ACT2FN mapping {list(ACT2FN.keys())}""","============================= test session starts =============================
platform win32 -- Python 3.12.10, pytest-8.4.2, pluggy-1.6.0 -- C:\Rep
... [TRUNCATED - showing end] ...
       with patch('transformers.utils.import_utils.is_torchdynamo_compiling', return_value=False):
            try:
>               solution.get_activation('tanh')

test_generated.py:40: 
_ _ _ _ _ _ _ _ _ _ _ _ _ _ _ _ _ _ _ _ _ _ _ _ _ _ _ _ _ _ _ _ _ _ _ _ _ _ _ _

self = <under_test.Solution object at 0x00000210D540DB50>
activation_string = 'tanh'

    def get_activation(self, activation_string):
>       if activation_string in ACT2FN:
                                ^^^^^^
E       NameError: name 'ACT2FN' is not defined

under_test.py:23: NameError
=========================== short test summary info ===========================
FAILED test_generated.py::test_get_activation_line12 - NameError: name 'ACT2F...
============================== 1 failed in 4.60s ==============================",MissingDefinition,Test fails because the module-level dictionary ACT2FN is missing from the scope of the function under test.,near,missing ACT2FN,
65,Ministral-3-3B-Reasoning-2512,"Two-Step, T=0.0",92186,Runtime,Import error,"def test_get_encoder():
    from .encoder import global_encoder
    solution = Solution()
    assert solution.get_encoder() == global_encoder","============================= test session starts =============================
platform win32 -- Python 3.12.10, pytest-8.4.2, pluggy-1.6.0 -- C:\Rep
... [TRUNCATED - showing end] ...
ootdir: C:\Users\cbark\AppData\Local\Temp\eval_92186_j58jaejp
plugins: anyio-4.12.0, cov-5.0.0
collecting ... collected 1 item

test_generated.py::test_get_encoder_line20 FAILED                        [100%]

================================== FAILURES ===================================
___________________________ test_get_encoder_line20 ___________________________

    def test_get_encoder_line20():
>       from .encoder import global_encoder
E       ImportError: attempted relative import with no known parent package

test_generated.py:37: ImportError
=========================== short test summary info ===========================
FAILED test_generated.py::test_get_encoder_line20 - ImportError: attempted re...
============================== 1 failed in 0.23s ==============================",EnvironmentMismatch,Test attempts a relative import which fails in the pytest execution context.,near,relative import error,
66,Ministral-3-3B-Reasoning-2512,"One-Step, T=0.0",46905,Runtime,Needs manual review,"def test_check_X_y():
    solution=Solution()
    with patch('sklearn.utils.validation.check_array') as mock_check_array, \
         patch('sklearn.utils.validation._check_y') as mock_check_y, \
         patch('sklearn.utils.validation.check_consistent_length') as mock_check_consistent_length:
        mock_check_array.return_value = np.array([[1, 2], [3, 4], [5, 6]])
        mock_check_y.return_value = np.array([1, 2, 3])
        mock_check_consistent_length.return_value = True
        try:
            solution.check_X_y(None, [1, 2, 3], estimator=""dummy_estimator"")
        except ValueError as e:
            assert str(e) == ""dummy_estimator requires y to be passed, but the target y is None""","============================= test session starts =============================
platform win32 -- Python 3.12.10, pytest-8.4.2, pluggy-1.6.0 -- C:\Rep
... [TRUNCATED - showing end] ...
ay') as mock_check_array, patch('sklearn.utils.validation._check_y') as mock_check_y, patch('sklearn.utils.validation.check_consistent_length') as mock_check_consistent_length:
            mock_check_array.return_value = np.array([[1, 2], [3, 4], [5, 6]])
            mock_check_
... [TRUNCATED] ...
,
            ensure_min_samples=ensure_min_samples,
            ensure_min_features=ensure_min_features,
            estimator=estimator,
            input_name=""X"",
        )
E       NameError: name 'check_array' is not defined

under_test.py:175: NameError
=========================== short test summary info ===========================
FAILED test_generated.py::test_check_X_y_line155 - NameError: name 'check_arr...
============================== 1 failed in 2.71s ==============================",MissingDefinition,Test fails because the external dependency check_array was not imported or defined in the module scope of the function under test.,near,,
67,Ministral-3-3B-Reasoning-2512,"Two-Step, T=0.0",22716,Assertion,Value mismatch,"def test_strip_url():
    solution = Solution()
    assert solution.strip_url(""http://example.com:80/path?query=1#frag"", strip_default_port=True) == ""http://example.com/path?query=1#frag""","============================= test session starts =============================
platform win32 -- Python 3.12.10, pytest-8.4.2, pluggy-1.6.0 -- C:\Rep
... [TRUNCATED - showing end] ...
_____________ test_strip_url_line34 ____________________________

    def test_strip_url_line34():
        solution = Solution()
>       assert solution.strip_url('http://example.com:80/path?query=1#frag', strip_default_port=True) == 'http://example.com/path?query=1#frag'
E       AssertionError: assert 'http://examp.../path?query=1' == 'http://examp...?query=1#frag'
E         
E         - http://example.com/path?query=1#frag
E         ?                                -----
E         + http://example.com/path?query=1

test_generated.py:38: AssertionError
=========================== short test summary info ===========================
FAILED test_generated.py::test_strip_url_line34 - AssertionError: assert 'htt...
============================== 1 failed in 0.94s ==============================",IncorrectAssertion,"Test asserts that the fragment is kept, but strip_url strips the fragment by default.",high,YES,
68,Ministral-3-3B-Reasoning-2512,"Two-Step, T=0.0",63159,Assertion,Value mismatch,"def test_run_cosmic_ray_analysis():
    solution = Solution()
    source_code_str = """"""
def add(a, b):
    return a + b
""""""
    test_code_str = """"""
import unittest
from unittest.mock import patch, MagicMock

class TestAdd(unittest.TestCase):
    @patch('add')
    def test_add(self, mock_add):
        mock_add.return_value = 5
        self.assertEqual(add(2, 3), 5)
""""""
    result = solution.run_cosmic_ray_analysis(
        source_code_str,
        test_code_str,
        per_test_timeout=10,
        overall_timeout=600
    )
    assert result[""mutation_score""] == 100.0
    assert result[""total_mutants""] > 0
    assert result[""killed_mutants""] == result[""total_mutants""]
    assert result[""survived_mutants""] == 0","============================= test session starts =============================
platform win32 -- Python 3.12.10, pytest-8.4.2, pluggy-1.6.0 -- C:\Rep
... [TRUNCATED - showing end] ...
       source_code_str = '\ndef add(a, b):\n    return a + b\n'
        test_code_str = ""\nimport unittest\nfrom unittest.mock import patch, MagicMock\n\nclass TestAdd(unittest.TestCase):\n    @patch('add')\n    def test_add(self, mock_add):\n        mock_add.return_value = 5\n        self.assertEqual(add(2, 3), 5)\n""
        result = solution.run_cosmic_ray_analysis(source_code_str, test_code_str, per_test_timeout=10, overall_timeout=600)
>       assert result['mutation_score'] == 100.0
E       assert 50.0 == 100.0

test_generated.py:41: AssertionError
=========================== short test summary info ===========================
FAILED test_generated.py::test_run_cosmic_ray_analysis_line48 - assert 50.0 =...
============================= 1 failed in 22.41s ==============================",IncorrectAssertion,"Test asserts that the mutation score will be 100.0, but the mocked behavior results in a score of 50.0.",high,,
69,Ministral-3-3B-Reasoning-2512,"One-Step, T=0.0",51632,Assertion,Value mismatch,"def test_escape_ajax():
    solution = Solution()
    with patch('warnings.warn') as mock_warn, \
         patch('urllib.parse.urldefrag') as mock_urldefrag, \
         patch('w3lib.url.add_or_replace_parameter') as mock_add_or_replace_parameter:
        mock_urldefrag.return_value = ('www.example.com/ajax.html', '')
        mock_add_or_replace_parameter.return_value = 'www.example.com/ajax.html?_escaped_fragment_='
        result = solution.escape_ajax('www.example.com/ajax.html#!')
        assert result == 'www.example.com/ajax.html?_escaped_fragment_='
        mock_warn.assert_called_once_with(""escape_ajax() is deprecated and will be removed in a future Scrapy version."", ScrapyDeprecationWarning, stacklevel=2)","============================= test session starts =============================
platform win32 -- Python 3.12.10, pytest-8.4.2, pluggy-1.6.0 -- C:\Rep
... [TRUNCATED - showing end] ...
ch('urllib.parse.urldefrag') as mock_urldefrag, patch('w3lib.url.add_or_replace_parameter') as mock_add_or_replace_parameter:
            mock_urldefrag.return_value = ('www.example.com/ajax.html', '')
            mock_add_or_replace_parameter.return_value = 'www.example.com/aja
... [TRUNCATED] ...
st_generated.py:41: ScrapyDeprecationWarning: escape_ajax() is deprecated and will be removed in a future Scrapy version.
    result = solution.escape_ajax('www.example.com/ajax.html#!')

-- Docs: https://docs.pytest.org/en/stable/how-to/capture-warnings.html
=========================== short test summary info ===========================
FAILED test_generated.py::test_escape_ajax_line43 - AssertionError: Expected ...
======================== 1 failed, 1 warning in 0.89s =========================",MockingError,"Test patches warnings.warn but the warning is still emitted, indicating the patch target was incorrect or bypassed by the actual implementation.",near,,
70,Ministral-3-3B-Reasoning-2512,"Two-Step, T=0.0",90722,Assertion,Value mismatch,"def test_sha256():
    solution = Solution()
    assert solution.sha256(42) == hashlib.sha256(pickle.dumps(42)).digest()","============================= test session starts =============================
platform win32 -- Python 3.12.10, pytest-8.4.2, pluggy-1.6.0 -- C:\Rep
... [TRUNCATED - showing end] ...
 solution = Solution()
>       assert solution.sha256(42) == hashlib.sha256(pickle.dumps(42)).digest()
E       assert b""\xb7\xc8\xa...^\xd2\x91\xea"" == b""\x81\x97o\x...f5QL\r\xa0#[T""
E         
E         At index 0 diff: b'\xb7' != b'\x81'
E         
E         Full diff:
E         - (b""\x81\x97o\xef\x9f\xe3O\x8fdF\x97\x92\xf2s`\xd1\x17\x81\xb9'(\x04\x19\xc5""
E         -  b'\xf5QL\r\xa0#[T')
E         + (b'\xb7\xc8\xa7\xbf\x82/+\xdfz\xa1\x18O\xc9)0\xc5\x99\x1e\x80b\x00~\x07\\'
E         +  b""\x07!\x01'^\xd2\x91\xea"")

test_generated.py:38: AssertionError
=========================== short test summary info ===========================
FAILED test_generated.py::test_sha256_line24 - assert b""\xb7\xc8\xa...^\xd2\x...
============================== 1 failed in 0.16s ==============================",IncorrectAssertion,"Test asserts a hash mismatch because it serializes the input using the default pickle protocol, whereas the function uses HIGHEST_PROTOCOL.",high,YES,
71,Ministral-3-3B-Reasoning-2512,"One-Step, T=0.0",95673,Assertion,Value mismatch,"def test_generate_unique_id():
    solution = Solution()
    with patch('uuid.uuid4', return_value='123e4567-e89b-12d3-a456-426614174000') as mock_uuid4:
        assert solution.generate_unique_id() == '123e4567-e896-12d3-a456-426614174000'","============================= test session starts =============================
platform win32 -- Python 3.12.10, pytest-8.4.2, pluggy-1.6.0 -- C:\Rep
... [TRUNCATED - showing end] ...
nique_id_line16():
        solution = Solution()
        with patch('uuid.uuid4', return_value='123e4567-e89b-12d3-a456-426614174000') as mock_uuid4:
>           assert solution.generate_unique_id() == '123e4567-e896-12d3-a456-426614174000'
E           AssertionError: assert '123e4567-e89...-426614174000' == '123e4567-e89...-426614174000'
E             
E             - 123e4567-e896-12d3-a456-426614174000
E             ?             ^
E             + 123e4567-e89b-12d3-a456-426614174000
E             ?             ^

test_generated.py:39: AssertionError
=========================== short test summary info ===========================
FAILED test_generated.py::test_generate_unique_id_line16 - AssertionError: as...
============================== 1 failed in 0.23s ==============================",IncorrectAssertion,Test asserts an expected UUID string but has a hardcoded typo (e896 instead of e89b) in the expected value.,high,,
72,Ministral-3-3B-Reasoning-2512,"One-Step, T=0.0",22716,Assertion,Value mismatch; Unexpected None,"def test_strip_url():
    solution = Solution()
    with patch('w3lib.url.add_or_replace_parameter', return_value=None), \
         patch('w3lib.url.any_to_uri', return_value=None), \
         patch('w3lib.url.parse_url', return_value=ParseResult(scheme='http', netloc='user:pass@localhost:80', path='/path', params='', query='?q=1', fragment='#frag')):
        assert solution.strip_url('http://user:pass@localhost:80/path?q=1#frag') == 'http://localhost:80/path?q=1#farg'","============================= test session starts =============================
platform win32 -- Python 3.12.10, pytest-8.4.2, pluggy-1.6.0 -- C:\Rep
... [TRUNCATED - showing end] ...
parse_url', return_value=ParseResult(scheme='http', netloc='user:pass@localhost:80', path='/path', params='', query='?q=1', fragment='#frag')):
>           assert solution.strip_url('http://user:pass@localhost:80/path?q=1#frag') == 'http://localhost:80/path?q=1#farg'
E           AssertionError: assert 'http://localhost/path?q=1' == 'http://local...path?q=1#farg'
E             
E             - http://localhost:80/path?q=1#farg
E             ?                 ---         -----
E             + http://localhost/path?q=1

test_generated.py:39: AssertionError
=========================== short test summary info ===========================
FAILED test_generated.py::test_strip_url_line34 - AssertionError: assert 'htt...
============================== 1 failed in 0.82s ==============================",IncorrectAssertion,"Test expects the port and a hallucinated/typo'd fragment (#farg) to be retained, but the function strips the port and fragment.",moderate,YES,
73,Ministral-3-3B-Reasoning-2512,"Two-Step, T=0.0",37301,Syntax,Syntax/Indentation error,"def test_evaluate_single_test_worker():
    from unittest.mock import patch, MagicMock
    import pytest

    # Mock the necessary functions and classes
    with patch('subprocess.run') as mock_run, \
         patch('shutil.rmtree') as mock_rmtree, \
         patch('json.load') as mock_load, \
         patch('re.search') as mock_search, \
         patch('logging') as mock_logging, \
         patch('tempfile.mkdtemp') as mock_mkdtemp, \
         patch('Path') as mock_path, \
         patch('sys.executable') as mock_sys_executable, \
         patch('ast') as mock_ast, \
         patch('argparse') as mock_argparse, \
         patch('concurrent.futures.ProcessPoolExecutor') as mock_executor, \
         patch('logging') as mock_logging, \
      
... [TRUNCATED] ...
lled_mutants"": 0,
            ""survived_mutants"": 0,
            ""error"": None
        }

        # Create an instance of the Solution class
        solution = Solution()

        # Call the method and assert the result
        result, log_entry = solution.evaluate_single_test_worker(task_data)

        # Assert that the result has the correct status
        assert result[""status""] != mock_evaluation_result.PASS

        # Assert that the log entry is present
        assert log_entry is not None","============================= test session starts =============================
platform win32 -- Python 3.12.10, pytest-8.4.2, pluggy-1.6.0 -- C:\Rep
... [TRUNCATED - showing end] ...
es\_pytest\pathlib.py:587: in import_path
    importlib.import_module(module_name)
C:\Program Files\Python312\Lib\importlib\__init__.py:90: in import_module
    return _bootstrap._gcd_import(name[level:], package, level)
           ^^^^^^^^^^^^^^^^^^^^^^^^^^^^^^^^^^^^^^^^^^^^^^^
... [TRUNCATED] ...
                                                                                                                                                            ^^^^^^^^^^^^^^^^^^^^^^^^^^^^^
E   SyntaxError: too many statically nested blocks
=========================== short test summary info ===========================
ERROR test_generated.py
!!!!!!!!!!!!!!!!!!! Interrupted: 1 error during collection !!!!!!!!!!!!!!!!!!!!
============================== 1 error in 0.36s ===============================",MalformedSyntax,"Test generates too many nested with patch(...) blocks, exceeding Python's maximum indentation limit.",low,nested patch blocks syntax error,
74,Ministral-3-3B-Reasoning-2512,"Two-Step, T=0.0",34966,Assertion,Value mismatch,"def test_dict_to_sequence():
    solution = Solution()
    assert solution.dict_to_sequence(OrderedDict([('a', 1), ('b', 2)])) == [('a', 1), ('b', 2)]","============================= test session starts =============================
platform win32 -- Python 3.12.10, pytest-8.4.2, pluggy-1.6.0 -- C:\Rep
... [TRUNCATED - showing end] ...
_____________________

    def test_dict_to_sequence_line27():
        solution = Solution()
>       assert solution.dict_to_sequence(OrderedDict([('a', 1), ('b', 2)])) == [('a', 1), ('b', 2)]
E       AssertionError: assert odict_items([...1), ('b', 2)]) == [('a', 1), ('b', 2)]
E         
E         Full diff:
E         + odict_items([('a', 1), ('b', 2)])
E         - [
E         -     (
E         -         'a',
E         -         1,...
E         
E         ...Full output truncated (6 lines hidden), use '-vv' to show

test_generated.py:38: AssertionError
=========================== short test summary info ===========================
FAILED test_generated.py::test_dict_to_sequence_line27 - AssertionError: asse...
============================== 1 failed in 0.22s ==============================",SemanticMisunderstanding,"Test expects dict_to_sequence to return a list, but it returns an odict_items view object.",high,dict_items instead of sequence,
75,Ministral-3-3B-Reasoning-2512,"Two-Step, T=0.0",44348,Runtime,Possible API hallucination,"def test_consume_prefix_in_state_dict_if_present():
    from unittest.mock import patch, MagicMock
    import torch
    from torch import nn

    # Create a mock state_dict with some keys
    state_dict = {
        ""module.weight"": torch.tensor([1.0, 2.0]),
        ""module.bias"": torch.tensor([3.0, 4.0]),
        ""module.conv.weight"": torch.tensor([5.0, 6.0])
    }
    state_dict._metadata = {
        ""module"": ""some_metadata"",
        ""module.conv"": ""another_metadata""
    }

    solution = Solution()
    prefix = ""module.""

    with patch('torch.nn.Module.load_state_dict') as mock_load_state_dict:
        solution.consume_prefix_in_state_dict_if_present(state_dict, prefix)
        assert state_dict == {
            ""weight"": torch.tensor([1.0, 2.0]),
            ""bias"": torch.tensor([3.0, 4.0]),
            ""conv.weight"": torch.tensor([5.0, 6.0])
        }
        assert state_dict._metadata == {
            """": ""some_metadata"",
            ""conv"": ""another_metadata""
        }","============================= test session starts =============================
platform win32 -- Python 3.12.10, pytest-8.4.2, pluggy-1.6.0 -- C:\Rep
... [TRUNCATED - showing end] ...
3 _____________

    def test_consume_prefix_in_state_dict_if_present_line23():
        from unittest.mock import patch, MagicMock
        import torch
        from torch import nn
        state_dict = {'module.weight': torch.tensor([1.0, 2.0]), 'module.bias': torch.tensor([3.0, 4.0]), 'module.conv.weight': torch.tensor([5.0, 6.0])}
>       state_dict._metadata = {'module': 'some_metadata', 'module.conv': 'another_metadata'}
        ^^^^^^^^^^^^^^^^^^^^
E       AttributeError: 'dict' object has no attribute '_metadata'

test_generated.py:41: AttributeError
=========================== short test summary info ===========================
FAILED test_generated.py::test_consume_prefix_in_state_dict_if_present_line23
============================== 1 failed in 3.04s ==============================",SemanticMisunderstanding,"Test attempts to assign a _metadata attribute to a standard Python dictionary, which does not support arbitrary attribute assignment.",high,,
76,Ministral-3-3B-Reasoning-2512,"Two-Step, T=0.0",42659,Runtime,Possible API hallucination,"def test_get_environ_proxies():
    from unittest.mock import patch, MagicMock

    with patch('urllib3.util.parse_url', return_value=MagicMock(url='http://example.com')) as mock_parse_url, \
         patch('urllib3.util.make_headers', return_value=MagicMock(headers={})) as mock_make_headers, \
         patch('urllib3.compat.getproxies', return_value={'http': 'http://proxy.example.com'}) as mock_getproxies:

        solution = Solution()

        # Test case where no_proxy is None and URL does not match any proxy rules
        result = solution.get_environ_proxies('http://example.com', no_proxy=None)
        assert result == {'http': 'http://proxy.example.com'}","============================= test session starts =============================
platform win32 -- Python 3.12.10, pytest-8.4.2, pluggy-1.6.0 -- C:\Rep
... [TRUNCATED - showing end] ...
ib3.util.parse_url', return_value=MagicMock(url='http://example.com')) as mock_parse_url, patch('urllib3.util.make_headers', return_value=MagicMock(headers={})) as mock_make_headers, patch('urllib3.compat.getproxies', return_value={'http': 'http://proxy.example.com'}) as mock_ge
... [TRUNCATED] ...

        result = mod
        for p in parts:
>           result = getattr(result, p)
                     ^^^^^^^^^^^^^^^^^^
E           AttributeError: module 'urllib3' has no attribute 'compat'

C:\Program Files\Python312\Lib\pkgutil.py:528: AttributeError
=========================== short test summary info ===========================
FAILED test_generated.py::test_get_environ_proxies_line30 - AttributeError: m...
============================== 1 failed in 0.32s ==============================",APIHallucination,"Test attempts to patch urllib3.compat.getproxies, but the compat submodule does not exist or does not have getproxies in this urllib3 version.",near,,
77,Ministral-3-3B-Reasoning-2512,"Two-Step, T=0.0",48404,Runtime,Import error; Incomplete test structure,"from __future__ import annotations
from enum import Enum
from functools import total_ordering
from .i18n import _gettext as _
from .i18n import _ngettext
from .number import intcomma
#7
class Solution:
    def naturaltime(self,
        value: dt.datetime | dt.timedelta | float,
        future: bool = False,
        months: bool = True,
        minimum_unit: str = ""seconds"",
        when: dt.datetime | None = None,
    ) -> str:
        """"""Return a natural representation of a time in a resolution that makes sense.
        This is more or less compatible with Django's `naturaltime` filter.
        The time will be rounded to the nearest unit that makes sense.
        Args:
            value (datetime.datetime, datetime.timedelta, int or float
... [TRUNCATED] ...
tch('_') as mock_gettext:
        # Set up mocks
        mock_now.return_value = dt.datetime(2023, 1, 1, 12, 0, 0, tzinfo=mock_tz())
        mock_convert.return_value = dt.datetime(2023, 1, 1, 12, 0, 0, tzinfo=mock_tz())
        mock_date_and_delta.return_value = (None, dt.timedelta(seconds=3600))
        mock_naturaldelta.return_value = ""3600 seconds""
        mock_gettext.return_value = lambda x: x
        # Test case
        assert solution.naturaltime(3600, future=False) == ""3600 seconds ago""","============================= test session starts =============================
platform win32 -- Python 3.12.10, pytest-8.4.2, pluggy-1.6.0 -- C:\Rep
... [TRUNCATED - showing end] ...
mportError while importing test module 'C:\Users\cbark\AppData\Local\Temp\eval_48404_6zmp0yaf\test_generated.py'.
Hint: make sure your test modules/packages have valid Python names.
Traceback:
C:\Program Files\Python312\Lib\importlib\__init__.py:90: in import_module
    return _bootstrap._gcd_import(name[level:], package, level)
           ^^^^^^^^^^^^^^^^^^^^^^^^^^^^^^^^^^^^^^^^^^^^^^^^^^^^
test_generated.py:38: in <module>
    from .i18n import _gettext as _
E   ImportError: attempted relative import with no known parent package
=========================== short test summary info ===========================
ERROR test_generated.py
!!!!!!!!!!!!!!!!!!! Interrupted: 1 error during collection !!!!!!!!!!!!!!!!!!!!
============================== 1 error in 0.47s ===============================",EnvironmentMismatch,Test fails because it attempts to use a relative import in a standalone pytest execution environment.,near,relative import error,
78,Ministral-3-3B-Reasoning-2512,"One-Step, T=0.0",36753,Runtime,Needs manual review,"def test_is_fsspec_url():
    solution = Solution()
    with patch('re.Pattern', MagicMock(return_value=MagicMock(match=lambda x: True))):
        assert solution.is_fsspec_url(""fss://path/to/file"") == True","============================= test session starts =============================
platform win32 -- Python 3.12.10, pytest-8.4.2, pluggy-1.6.0 -- C:\Rep
... [TRUNCATED - showing end] ...
 = <under_test.Solution object at 0x00000166FF8937D0>
url = 'fss://path/to/file'

    def is_fsspec_url(self, url: FilePath | BaseBuffer) -> bool:
        """"""
        Returns true if the given URL looks like
        something fsspec can handle
        """"""
        return (
            isinstance(url, str)
>           and bool(_FSSPEC_URL_PATTERN.match(url))
                     ^^^^^^^^^^^^^^^^^^^
            and not url.startswith((""http://"", ""https://""))
        )
E       NameError: name '_FSSPEC_URL_PATTERN' is not defined

under_test.py:44: NameError
=========================== short test summary info ===========================
FAILED test_generated.py::test_is_fsspec_url_line31 - NameError: name '_FSSPE...
============================== 1 failed in 1.11s ==============================",MissingDefinition,Test fails because the module-level constant _FSSPEC_URL_PATTERN is not defined in the scope of the test execution.,near,,
79,Ministral-3-3B-Reasoning-2512,"One-Step, T=0.0",35202,Runtime,Needs manual review,"def test_main():
    from unittest.mock import patch, MagicMock
    import argparse
    import os
    import time
    import shutil
    import logging
    from unittest import TestCase

    with patch('argparse.ArgumentParser.add_argument') as mock_add_arg, \
         patch('os.makedirs') as mock_makedirs, \
         patch('time.time') as mock_time, \
         patch('logging.info') as mock_logging_info, \
         patch('shutil.rmtree') as mock_rmtree, \
         patch('subprocess.run') as mock_subprocess_run:

        # Mock the arguments
        parser = argparse.ArgumentParser()
        mock_add_arg.return_value = parser
        parser.add_argument('--quick_test', action='store_true')
        parser.add_argument('--passes', type=int, def
... [TRUNCATED] ...
  assert mock_subprocess_run.call_args_list[1][0][9] == ""bfloat16""
        assert mock_subprocess_run.call_args_list[1][0][10] == ""--max-tokens""
        assert mock_subprocess_run.call_args_list[1][0][11] == ""8192""
        assert mock_subprocess_run.call_args_list[1][0][12] == ""--output-file""
        assert mock_subprocess_run.call_args_list[1][0][13] == ""PREDICTIONS_PATH/run_1/linecov2_MODELS_TO_RUN[0]_temp_0.2.jsonl""
        assert mock_subprocess_run.call_args_list[1][0][14] == ""--quick-test""","============================= test session starts =============================
platform win32 -- Python 3.12.10, pytest-8.4.2, pluggy-1.6.0 -- C:\Rep
... [TRUNCATED - showing end] ...
os
        import time
        import shutil
        import logging
        from unittest import TestCase
        with patch('argparse.ArgumentParser.add_argument') as mock_add_arg, patch('os.makedirs') as mock_makedirs, patch('time.time') as mock_time, patch('logging.info') as 
... [TRUNCATED] ...
ge, _sys.stderr)
>       _sys.exit(status)
E       SystemExit: 2

C:\Program Files\Python312\Lib\argparse.py:2637: SystemExit
---------------------------- Captured stderr call -----------------------------
usage: __main__.py
__main__.py: error: unrecognized arguments: --quick_test
=========================== short test summary info ===========================
FAILED test_generated.py::test_main_line14 - SystemExit: 2
============================== 1 failed in 0.28s ==============================",EnvironmentMismatch,"Test executes argparse.ArgumentParser.parse_args() without arguments, causing it to consume pytest's command-line arguments and exit.",near,parse_args SystemExit,
80,Ministral-3-3B-Reasoning-2512,"One-Step, T=0.0",23426,Runtime,Needs manual review,"def test_check_consistent_length():
    solution = Solution()
    with patch('sklearn.utils.validation._num_samples', return_value=3) as mock_num_samples:
        mock_num_samples.side_effect = [3, 3, 3]
        try:
            solution.check_consistent_length([1, 2, 3], [2, 3, 4], [5, 6, 7])
        except ValueError as e:
            assert str(e) == ""Found input variables with inconsistent numbers of samples: [3, 3, 3]""
        else:
            assert False, ""Expected ValueError to be raised""
    with patch('sklearn.utils.validation._num_samples', return_value=3) as mock_num_samples:
        mock_num_samples.side_effect = [3, 3, 4]
        try:
            solution.check_consistent_length([1, 2, 3], [2, 3, 4], [5, 6, 7])
        except ValueError as e:
            assert str(e) is not None
        else:
            assert False, ""Expected ValueError to be raised""","============================= test session starts =============================
platform win32 -- Python 3.12.10, pytest-8.4.2, pluggy-1.6.0 -- C:\Rep
... [TRUNCATED - showing end] ...
ion._num_samples', return_value=3) as mock_num_samples:
            mock_num_samples.side_effect = [3, 3, 3]
            try:
>               solution.check_consistent_length([1, 2, 3], [2, 3, 4], [5, 6, 7])

test_generated.py:41: 
_ _ _ _ _ _ _ _ _ _ _ _ _ _ _ _ _ _ _ _ _ _ _ _
... [TRUNCATED] ...
    >>> b = [2, 3, 4]
        >>> check_consistent_length(a, b)
        """"""
>       lengths = [_num_samples(X) for X in arrays if X is not None]
                   ^^^^^^^^^^^^
E       NameError: name '_num_samples' is not defined

under_test.py:48: NameError
=========================== short test summary info ===========================
FAILED test_generated.py::test_check_consistent_length_line38 - NameError: na...
============================== 1 failed in 2.58s ==============================",MissingDefinition,Test fails because the helper function _num_samples is not defined in the test execution environment.,near,,
81,Ministral-3-8B-Instruct-2512-AWQ-8bit,"One-Step, T=0.0",65215,Runtime,Needs manual review,"import unittest
from unittest.mock import patch, MagicMock
from pandas.util._exceptions import find_stack_level
from pandas.core.dtypes.common import is_file_like

def test_stringify_path():
    solution = Solution()

    class MockFileLike:
        def __enter__(self):
            pass

        def __exit__(self, exc_type, exc_val, exc_tb):
            pass

        def read(self):
            return b""test""

    with patch('pandas.core.dtypes.common.is_file_like', return_value=True) as mock_is_file_like:
        mock_file_like_obj = MockFileLike()
        result = solution.stringify_path(mock_file_like_obj)
        assert result == mock_file_like_obj","============================= test session starts =============================
platform win32 -- Python 3.12.10, pytest-8.4.2, pluggy-1.6.0 -- C:\Rep
... [TRUNCATED - showing end] ...
def __enter__(self):
                pass
    
            def __exit__(self, exc_type, exc_val, exc_tb):
                pass
    
            def read(self):
                return b'test'
        with patch('pandas.core.dtypes.common.is_file_like', return_value=True) as mock_
... [TRUNCATED] ...
e(filepath_or_buffer, os.PathLike):
            filepath_or_buffer = filepath_or_buffer.__fspath__()
>       return _expand_user(filepath_or_buffer)
               ^^^^^^^^^^^^
E       NameError: name '_expand_user' is not defined

under_test.py:68: NameError
=========================== short test summary info ===========================
FAILED test_generated.py::test_stringify_path_line49 - NameError: name '_expa...
============================== 1 failed in 1.14s ==============================",MissingDefinition,Test fails because the helper function _expand_user is not defined in the module scope.,near,,
82,Ministral-3-8B-Instruct-2512-AWQ-8bit,"Two-Step, T=0.0",28825,Runtime,Import error,"def test_to_numeric():
    from unittest.mock import patch
    from pandas.core.arrays import ABCSeries, ABCIndex
    from pandas._libs import lib

    with patch('pandas.core.dtypes.cast.maybe_downcast_numeric') as mock_downcast:
        mock_downcast.return_value = None

        with patch('pandas.core.dtypes.common.is_numeric_dtype') as mock_is_numeric:
            mock_is_numeric.return_value = False

        with patch('pandas.core.dtypes.common.ensure_object') as mock_ensure_object:
            mock_ensure_object.return_value = np.array(['a', 'b', 'c'])

        with patch('pandas._libs.lib.maybe_convert_numeric') as mock_maybe_convert_numeric:
            mock_maybe_convert_numeric.return_value = (np.array(['1', '2', '3']), None)

        solution = Solution()
        result = solution.to_numeric(['a', 'b', 'c'], errors='coerce')
        assert isinstance(result, np.ndarray)","============================= test session starts =============================
platform win32 -- Python 3.12.10, pytest-8.4.2, pluggy-1.6.0 -- C:\Rep
... [TRUNCATED - showing end] ...
                       [100%]

================================== FAILURES ===================================
___________________________ test_to_numeric_line144 ___________________________

    def test_to_numeric_line144():
        from unittest.mock import patch
>       from pandas.core.arrays import ABCSeries, ABCIndex
E       ImportError: cannot import name 'ABCSeries' from 'pandas.core.arrays' (C:\Repos\slm-python-unit-test-benchmark\venv\Lib\site-packages\pandas\core\arrays\__init__.py). Did you mean: 'Series'?

test_generated.py:38: ImportError
=========================== short test summary info ===========================
FAILED test_generated.py::test_to_numeric_line144 - ImportError: cannot impor...
============================== 1 failed in 1.07s ==============================",APIHallucination,"Test attempts to import ABCSeries from pandas.core.arrays, but it actually resides in pandas.core.dtypes.generic.",near,,
83,Ministral-3-8B-Instruct-2512-AWQ-8bit,"Two-Step, T=0.0",15497,Runtime,Import error; Missing module,"import unittest
from unittest.mock import patch
from your_module import Solution

class TestGetWeekdayIndex(unittest.TestCase):

    @patch('your_module.WEEKDAYS', [""Monday"", ""Tuesday"", ""Wednesday"", ""Thursday"", ""Friday"", ""Saturday"", ""Sunday""])
    def test_get_weekday_index_valid_weekday(self, mock_weekdays):
        solution = Solution()
        self.assertEqual(solution.get_weekday_index(""monday""), 0)
        self.assertEqual(solution.get_weekday_index(""Tuesday""), 1)
        self.assertEqual(solution.get_weekday_index(""SUNDAY""), 6)

if __name__ == '__main__':
    unittest.main()","============================= test session starts =============================
platform win32 -- Python 3.12.10, pytest-8.4.2, pluggy-1.6.0 -- C:\Rep
... [TRUNCATED - showing end] ...
______________
ImportError while importing test module 'C:\Users\cbark\AppData\Local\Temp\eval_15497_vrns2coh\test_generated.py'.
Hint: make sure your test modules/packages have valid Python names.
Traceback:
C:\Program Files\Python312\Lib\importlib\__init__.py:90: in import_module
    return _bootstrap._gcd_import(name[level:], package, level)
           ^^^^^^^^^^^^^^^^^^^^^^^^^^^^^^^^^^^^^^^^^^^^^^^^^^^^
test_generated.py:38: in <module>
    from your_module import Solution
E   ModuleNotFoundError: No module named 'your_module'
=========================== short test summary info ===========================
ERROR test_generated.py
!!!!!!!!!!!!!!!!!!! Interrupted: 1 error during collection !!!!!!!!!!!!!!!!!!!!
============================== 1 error in 0.41s ===============================",EnvironmentMismatch,Test attempts to import Solution from a placeholder/hallucinated module name your_module.,high,your_module placeholder import,
84,Ministral-3-8B-Instruct-2512-AWQ-8bit,"One-Step, T=0.0",46905,Runtime,Incomplete test structure,"from unittest.mock import patch, MagicMock
import numpy as np

def test_check_X_y():
    solution = Solution()

    with patch('sklearn.utils.validation.check_X_y') as mock_check_X_y, \
         patch('sklearn.utils.validation._check_y') as mock_check_y, \
         patch('sklearn.utils.validation.check_consistent_length') as mock_consistent_length, \
         patch('sklearn.utils.validation._check_estimator_name') as mock_estimator_name:

        mock_check_X_y.return_value = ([[1, 2]], [1])
        mock_check_y.return_value = [1]
        mock_consistent_length.return_value = None
        mock_estimator_name.return_value = ""test_estimator""

        with patch.object(solution, '_check_estimator_name', return_value=""test_estimator""):
            with patch('sklearn.exceptions.DataConversionWarning'):
                with patch('warnings.warn') as mock_warn:
                    with patch('numpy.isfinite') as mock_isfinite:
                        mock_isfinite.return_value = True
                        with patch('numpy.array') as mock_array:
                            mock_array.return_value = np.array([[1, 2]])
                            try:
                                solution.check_X_y(None, None, estimator=""test_estimator"")
                            except ValueError as e:
                                assert str(e) == ""test_estimator requires y to be passed, but the target y is None""","============================= test session starts =============================
platform win32 -- Python 3.12.10, pytest-8.4.2, pluggy-1.6.0 -- C:\Rep
... [TRUNCATED - showing end] ...
') as mock_check_X_y, patch('sklearn.utils.validation._check_y') as mock_check_y, patch('sklearn.utils.validation.check_consistent_length') as mock_consistent_length, patch('sklearn.utils.validation._check_estimator_name') as mock_estimator_name:
            mock_check_X_y.retur
... [TRUNCATED] ...
 not have the attribute %r"" % (target, name)
            )
E           AttributeError: <under_test.Solution object at 0x000002191B0F7230> does not have the attribute '_check_estimator_name'

C:\Program Files\Python312\Lib\unittest\mock.py:1437: AttributeError
=========================== short test summary info ===========================
FAILED test_generated.py::test_check_X_y_line155 - AttributeError: <under_tes...
============================== 1 failed in 2.73s ==============================",MockingError,"Test attempts to patch _check_estimator_name as a method on the Solution instance, but it is not an attribute of that class.",near,,
85,Ministral-3-8B-Instruct-2512-AWQ-8bit,"One-Step, T=0.0",79446,Runtime,Import error; Missing module,"import unittest
from unittest.mock import patch, MagicMock
from datetime import timedelta

def test_naturaldelta():
    solution = Solution()

    with patch('Solution._ngettext') as mock_ngettext, \
         patch('Solution._gettext') as mock_gettext, \
         patch('Solution.intcomma') as mock_intcomma:

        mock_ngettext.return_value = lambda *args: args[0] % args[1]
        mock_gettext.side_effect = lambda x: x
        mock_intcomma.return_value = ""1,000""

        test_input = timedelta(days=365*1 + 30.5*1)
        with patch.object(solution, 'Unit', MagicMock()) as mock_unit:
            mock_unit.SECONDS = ""SECONDS""
            mock_unit.MILLISECONDS = ""MILLISECONDS""
            mock_unit.MICROSECONDS = ""MICROSECONDS""
            mock_unit.__getitem__ = lambda self, key: self.SECONDS

            result = solution.naturaldelta(test_input, months=True, minimum_unit=""milliseconds"")
            assert result == ""1 year, 1 month""","============================= test session starts =============================
platform win32 -- Python 3.12.10, pytest-8.4.2, pluggy-1.6.0 -- C:\Rep
... [TRUNCATED - showing end] ...
ttext, patch('Solution._gettext') as mock_gettext, patch('Solution.intcomma') as mock_intcomma:
             ^^^^^^^^^^^^^^^^^^^^^^^^^^^

test_generated.py:42: 
_ _ _ _ _ _ _ _ _ _ _ _ _ _ _ _ _ _ _ _ _ _ _ _ _ _ _ _ _ _ _ _ _ _ _ _ _ _ _ _
C:\Program Files\Python312\Lib\unittes
... [TRUNCATED] ...
 _ _ _ _ _ _ _ _ _ _ _ _ _ _ _ _ _ _ _ _ _ _ _ _ _ _ _ _ _ _ _ _ _

name = 'Solution', import_ = <function _gcd_import at 0x000001F334E7C0E0>

>   ???
E   ModuleNotFoundError: No module named 'Solution'

<frozen importlib._bootstrap>:1324: ModuleNotFoundError
=========================== short test summary info ===========================
FAILED test_generated.py::test_naturaldelta_line54 - ModuleNotFoundError: No ...
============================== 1 failed in 0.32s ==============================",MockingError,"Test attempts to patch 'Solution._ngettext', which incorrectly assumes Solution is a registered top-level module instead of a class.",near,patching Solution as module,
86,Ministral-3-8B-Instruct-2512-AWQ-8bit,"Two-Step, T=0.0",92301,Runtime,Import error; Missing module,"def test_get_hash_fn_by_name():
    solution = Solution()
    with patch('Solution.sha256', side_effect=ValueError(""Mocked error"")) as mock_sha256:
        with patch('Solution.sha256_cbor', side_effect=ValueError(""Mocked error"")) as mock_sha256_cbor:
            with patch('Solution.xxhash', side_effect=ValueError(""Mocked error"")) as mock_xxhash:
                with patch('Solution.xxhash_cbor', side_effect=ValueError(""Mocked error"")) as mock_xxhash_cbor:
                    try:
                        solution.get_hash_fn_by_name(""invalid_hash"")
                        assert False, ""Expected ValueError to be raised""
                    except ValueError as e:
                        assert str(e) == f""Unsupported hash function: invalid_hash""","============================= test session starts =============================
platform win32 -- Python 3.12.10, pytest-8.4.2, pluggy-1.6.0 -- C:\Rep
... [TRUNCATED - showing end] ...
fect=ValueError('Mocked error')) as mock_sha256:
             ^^^^^^^^^^^^^^^^^^^^^^^^^^^^^^^^^^^^^^^^^^^^^^^^^^^^^^^^^^^^^^^^

test_generated.py:38: 
_ _ _ _ _ _ _ _ _ _ _ _ _ _ _ _ _ _ _ _ _ _ _ _ _ _ _ _ _ _ _ _ _ _ _ _ _ _ _ _
C:\Program Files\Python312\Lib\unittest\mock.py:
... [TRUNCATED] ...
 _ _ _ _ _ _ _ _ _ _ _ _ _ _ _ _ _ _ _ _ _ _ _ _ _ _ _ _ _ _ _ _ _

name = 'Solution', import_ = <function _gcd_import at 0x000001B71527C0E0>

>   ???
E   ModuleNotFoundError: No module named 'Solution'

<frozen importlib._bootstrap>:1324: ModuleNotFoundError
=========================== short test summary info ===========================
FAILED test_generated.py::test_get_hash_fn_by_name_line19 - ModuleNotFoundErr...
============================== 1 failed in 0.24s ==============================",MockingError,"Test attempts to patch 'Solution.sha256', which incorrectly interprets Solution as a top-level module rather than a class in the current scope.",near,patching Solution as module,
87,Ministral-3-8B-Instruct-2512-AWQ-8bit,"Two-Step, T=0.0",68859,Runtime,Import error; Missing module,"import unittest
from unittest.mock import patch
from collections import OrderedDict

class TestGetActivation(unittest.TestCase):

    def setUp(self):
        self.solution = Solution()

    @patch.dict('Solution.ACT2FN', {'relu': torch.nn.ReLU(), 'sigmoid': torch.nn.Sigmoid()})
    def test_get_activation_valid_key(self):
        self.assertEqual(type(self.solution.get_activation('relu')), type(torch.nn.ReLU()))
        self.assertEqual(type(self.solution.get_activation('sigmoid')), type(torch.nn.Sigmoid()))

    @patch.dict('Solution.ACT2FN', {'tanh': torch.nn.Tanh()})
    def test_get_activation_invalid_key(self):
        with self.assertRaises(KeyError):
            self.solution.get_activation('invalid_activation')","============================= test session starts =============================
platform win32 -- Python 3.12.10, pytest-8.4.2, pluggy-1.6.0 -- C:\Rep
... [TRUNCATED - showing end] ...
ython312\Lib\unittest\mock.py:1859: in _inner
    self._patch_dict()
C:\Program Files\Python312\Lib\unittest\mock.py:1900: in _patch_dict
    self.in_dict = pkgutil.resolve_name(self.in_dict)
                   ^^^^^^^^^^^^^^^^^^^^^^^^^^^^^^^^^^
C:\Program Files\Python312\Lib\pk
... [TRUNCATED] ...
^^^^^^^^^^^^^^^^^^^^^^^^^^^^^^^^^^^^^^^^
E       ModuleNotFoundError: No module named 'Solution'

C:\Program Files\Python312\Lib\importlib\__init__.py:90: ModuleNotFoundError
=========================== short test summary info ===========================
FAILED test_generated.py::TestGetActivation::test_get_activation_invalid_key_line12
FAILED test_generated.py::TestGetActivation::test_get_activation_valid_key_line12
============================== 2 failed in 5.64s ==============================",MockingError,"Test uses @patch.dict('Solution.ACT2FN', ...) which fails because Solution is not a top-level module.",near,patching Solution as module,
88,Ministral-3-8B-Instruct-2512-AWQ-8bit,"One-Step, T=0.0",19774,Runtime,Incomplete test structure,"from unittest.mock import patch, MagicMock
import datetime as dt
import math

def test_precisedelta():
    solution = Solution()

    with patch('humanize.time._date_and_delta') as mock_date_and_delta:
        mock_date_and_delta.return_value = (None, dt.timedelta(days=1000))

        with patch('humanize.time.Unit') as mock_unit:
            mock_unit.YEARS = MagicMock()
            mock_unit.MONTHS = MagicMock()
            mock_unit.DAYS = MagicMock()
            mock_unit.HOURS = MagicMock()
            mock_unit.MINUTES = MagicMock()
            mock_unit.SECONDS = MagicMock()
            mock_unit.MILLISECONDS = MagicMock()
            mock_unit.MICROSECONDS = MagicMock()

            with patch('humanize.time._ngettext') as mock_ngettext:
                mock_ngettext.return_value = ""%d years""

                result = solution.precisedelta(dt.timedelta(days=1000), format=""%d"")

                assert result == ""1000 years""","============================= test session starts =============================
platform win32 -- Python 3.12.10, pytest-8.4.2, pluggy-1.6.0 -- C:\Rep
... [TRUNCATED - showing end] ...
as mock_date_and_delta:
            mock_date_and_delta.return_value = (None, dt.timedelta(days=1000))
            with patch('humanize.time.Unit') as mock_unit:
                mock_unit.YEARS = MagicMock()
                mock_unit.MONTHS = MagicMock()
                mock_uni
... [TRUNCATED] ...
 _ _ _ _ _ _ _ _ _ _ _ _ _ _ _ _ _ _ _ _ _ _ _ _ _ _ _ _ _ _ _ _ _ _ _ _ _

self = <under_test.Solution object at 0x0000020092B63380>
value = datetime.timedelta(days=1000), minimum_unit = 'seconds', suppress = ()
format = '%d'

    def precisedelta(self,
        value: dt.timedelta | float | None,
        minimum_unit: str = ""seconds"",
        suppress: Iterable[str] = (),
        format: str = ""%0.2f"",
    ) -> str:
        """"""Return a precise representation of a timedelta or number of seconds.",Unknown,"Test output is truncated before the error is visible, though it appears to be a mock or execution failure on precisedelta.",far,,The pytest console captured the last line of execution in the traceback but cut off the literal exception type.
89,Ministral-3-8B-Instruct-2512-AWQ-8bit,"Two-Step, T=0.0",37301,Runtime,Import error; Missing module,"import unittest
from unittest.mock import patch, MagicMock
from pathlib import Path
import tempfile
import json
import shutil
import subprocess
import sys

class EvaluationResult:
    NO_CODE = ""NO_CODE""
    PASS = ""PASS""
    FAIL = ""FAIL""
    TIMEOUT = ""TIMEOUT""

class Solution:
    def evaluate_single_test_worker(self, task_data):
        # Implementation as provided
        pass

class TestEvaluateSingleTestWorker(unittest.TestCase):

    def test_evaluate_single_test_worker(self):
        solution = Solution()

        # Mocking necessary functions and objects
        with patch('tempfile.mkdtemp') as mock_mkdtemp, \
             patch('pathlib.Path.write_text') as mock_write_text, \
             patch('subprocess.run') as mock_subproce
... [TRUNCATED] ...
turn values
            self.assertEqual(result[""status""], EvaluationResult.PASS)
            self.assertIsNotNone(log_entry)
            self.assertEqual(result[""coverage""], 50.0)
            self.assertTrue(result[""has_assertions""])
            self.assertEqual(result[""mutation_score""], 0.8)
            self.assertEqual(result[""mutation_stats""][""total""], 10)
            self.assertEqual(result[""mutation_stats""][""killed""], 8)
            self.assertEqual(result[""mutation_stats""][""survived""], 2)","============================= test session starts =============================
platform win32 -- Python 3.12.10, pytest-8.4.2, pluggy-1.6.0 -- C:\Rep
... [TRUNCATED - showing end] ...
_line37>

    def test_evaluate_single_test_worker_line37(self):
        solution = Solution()
>       with patch('tempfile.mkdtemp') as mock_mkdtemp, patch('pathlib.Path.write_text') as mock_write_text, patch('subprocess.run') as mock_subprocess_run, patch('json.load') as mock_
... [TRUNCATED] ...
_ _ _ _ _ _ _ _ _ _ _ _ _ _ _ _ _ _ _ _ _ _ _ _ _ _

name = 'Solution', import_ = <function _gcd_import at 0x000001E491ABC0E0>

>   ???
E   ModuleNotFoundError: No module named 'Solution'

<frozen importlib._bootstrap>:1324: ModuleNotFoundError
=========================== short test summary info ===========================
FAILED test_generated.py::TestEvaluateSingleTestWorker::test_evaluate_single_test_worker_line37
============================== 1 failed in 0.27s ==============================",MockingError,Test tries to mock functions on Solution by using patch with module paths that treat Solution as a top-level package.,near,patching Solution as module,
90,Ministral-3-8B-Instruct-2512-AWQ-8bit,"One-Step, T=0.0",67890,Runtime,Needs manual review,"def test_xxhash():
    from unittest.mock import patch, MagicMock
    import pickle

    test_input = {'key': 'value', 'nested': [1, 2, 3]}
    expected_hash = b'\x01\x02\x03\x04\x05\x06\x07\x08\x09\x0a\x0b\x0c\x0d\x0e\x0f'

    with patch('__main__._xxhash_digest') as mock_digest:
        mock_digest.return_value = expected_hash
        result = solution.xxhash(test_input)
        assert result == expected_hash
        mock_digest.assert_called_once_with(pickle.dumps(test_input, protocol=pickle.HIGHEST_PROTOCOL))","============================= test session starts =============================
platform win32 -- Python 3.12.10, pytest-8.4.2, pluggy-1.6.0 -- C:\Rep
... [TRUNCATED - showing end] ...
put = {'key': 'value', 'nested': [1, 2, 3]}
        expected_hash = b'\x01\x02\x03\x04\x05\x06\x07\x08\t\n\x0b\x0c\r\x0e\x0f'
>       with patch('__main__._xxhash_digest') as mock_digest:
             ^^^^^^^^^^^^^^^^^^^^^^^^^^^^^^^^

test_generated.py:41: 
_ _ _ _ _ _ _ _ _ _ _
... [TRUNCATED] ...
      AttributeError: <module 'pytest.__main__' from 'C:\\Repos\\slm-python-unit-test-benchmark\\venv\\Lib\\site-packages\\pytest\\__main__.py'> does not have the attribute '_xxhash_digest'

C:\Program Files\Python312\Lib\unittest\mock.py:1437: AttributeError
=========================== short test summary info ===========================
FAILED test_generated.py::test_xxhash_line13 - AttributeError: <module 'pytes...
============================== 1 failed in 0.28s ==============================",MockingError,"Test attempts to patch _xxhash_digest on __main__, which does not exist in the test runner's context.",near,patching main target,
91,Ministral-3-8B-Instruct-2512-AWQ-8bit,"One-Step, T=0.0",62484,Assertion,Value mismatch,"import unittest
from unittest.mock import patch, MagicMock
from pathlib import Path

def test_check_parent_directory():
    solution = Solution()

    with patch('pathlib.Path') as mock_path_class:
        mock_path_instance = MagicMock()
        mock_path_instance.parent = MagicMock()
        mock_path_instance.parent.is_dir.return_value = False
        mock_path_class.return_value = mock_path_instance

        with patch.object(mock_path_instance.parent, 'is_dir', return_value=False):
            with patch('os.path.exists'):
                with patch('os.path.isdir'):
                    with patch('os.error'):
                        with patch('builtins.open'):
                            with patch('builtins.print'):
                                with patch('builtins.Exception'):
                                    try:
                                        solution.check_parent_directory(""test/path"")
                                    except OSError as e:
                                        assert str(e) == ""Cannot save file into a non-existent directory: '/test/path'""","============================= test session starts =============================
platform win32 -- Python 3.12.10, pytest-8.4.2, pluggy-1.6.0 -- C:\Rep
... [TRUNCATED - showing end] ...
_path_class:
            mock_path_instance = MagicMock()
            mock_path_instance.parent = MagicMock()
            mock_path_instance.parent.is_dir.return_value = False
            mock_path_class.return_value = mock_path_instance
            with patch.object(mock_path_i
... [TRUNCATED] ...
test/path'
E                                             ?                                                  -    -----
E                                             + Cannot save file into a non-existent directory: 'test'

test_generated.py:57: AssertionError
=========================== short test summary info ===========================
FAILED test_generated.py::test_check_parent_directory_line36 - assert ""Cannot...
============================== 1 failed in 1.12s ==============================",IncorrectAssertion,"Test asserts an expected error string containing /test/path, but the Path normalizes test/path without a leading slash.",high,,
92,Ministral-3-8B-Instruct-2512-AWQ-8bit,"Two-Step, T=0.0",44348,Assertion,Value mismatch,"def test_consume_prefix_in_state_dict_if_present():
    from unittest.mock import MagicMock
    from collections import OrderedDict

    # Create a mock state_dict with keys that start with the prefix
    state_dict = OrderedDict([
        (""module.param1"", ""value1""),
        (""module.param2"", ""value2""),
        (""other_param"", ""value3"")
    ])

    # Create a mock state_dict with metadata
    state_dict._metadata = OrderedDict([
        (""module"", ""meta1""),
        (""module.param3"", ""meta2""),
        ("""", ""ddp_meta"")
    ])

    solution = Solution()

    # Test with prefix ""module.""
    solution.consume_prefix_in_state_dict_if_present(state_dict, ""module."")

    # Verify the keys were updated correctly
    assert ""param1"" in state_dict
    assert ""param2"" in state_dict
    assert ""module.param1"" not in state_dict
    assert ""module.param2"" not in state_dict
    assert ""param1"" in state_dict._metadata
    assert ""param3"" in state_dict._metadata
    assert """" not in state_dict._metadata","============================= test session starts =============================
platform win32 -- Python 3.12.10, pytest-8.4.2, pluggy-1.6.0 -- C:\Rep
... [TRUNCATED - showing end] ...
ume_prefix_in_state_dict_if_present(state_dict, 'module.')
        assert 'param1' in state_dict
        assert 'param2' in state_dict
        assert 'module.param1' not in state_dict
        assert 'module.param2' not in state_dict
>       assert 'param1' in state_dict._metadata
E       AssertionError: assert 'param1' in OrderedDict({'': 'meta1', 'param3': 'meta2'})
E        +  where OrderedDict({'': 'meta1', 'param3': 'meta2'}) = OrderedDict({'other_param': 'value3', 'param1': 'value1', 'param2': 'value2'})._metadata

test_generated.py:47: AssertionError
=========================== short test summary info ===========================
FAILED test_generated.py::test_consume_prefix_in_state_dict_if_present_line23
============================== 1 failed in 0.16s ==============================",IncorrectAssertion,"Test asserts that param1 should be in the modified _metadata, but the original _metadata only had module and module.param3.",near,,
93,Ministral-3-8B-Instruct-2512-AWQ-8bit,"Two-Step, T=0.0",34966,Assertion,Value mismatch,"def test_dict_to_sequence():
    from collections import OrderedDict
    solution = Solution()
    d = OrderedDict([(""key1"", ""value1""), (""key2"", ""value2"")])
    assert solution.dict_to_sequence(d) == [(""key1"", ""value1""), (""key2"", ""value2"")]","============================= test session starts =============================
platform win32 -- Python 3.12.10, pytest-8.4.2, pluggy-1.6.0 -- C:\Rep
... [TRUNCATED - showing end] ...
       d = OrderedDict([('key1', 'value1'), ('key2', 'value2')])
>       assert solution.dict_to_sequence(d) == [('key1', 'value1'), ('key2', 'value2')]
E       AssertionError: assert odict_items([...', 'value2')]) == [('key1', 'va...2', 'value2')]
E         
E         Full diff:
E         + odict_items([('key1', 'value1'), ('key2', 'value2')])
E         - [
E         -     (
E         -         'key1',
E         -         'value1',...
E         
E         ...Full output truncated (6 lines hidden), use '-vv' to show

test_generated.py:40: AssertionError
=========================== short test summary info ===========================
FAILED test_generated.py::test_dict_to_sequence_line27 - AssertionError: asse...
============================== 1 failed in 0.27s ==============================",SemanticMisunderstanding,"Test expects dict_to_sequence to return a list, but it returns an odict_items view object.",high,dict_items instead of sequence,
94,Ministral-3-8B-Instruct-2512-AWQ-8bit,"One-Step, T=0.0",51632,Assertion,Value mismatch; Incomplete test structure,"```from unittest.mock import patch, MagicMock
import unittest
from scrapy.exceptions import ScrapyDeprecationWarning

def test_escape_ajax():
    solution = Solution()

    with patch('w3lib.url.add_or_replace_parameter') as mock_add_or_replace:
        with patch('urllib.parse.urldefrag') as mock_urldefrag:
            mock_urldefrag.return_value = ('www.example.com/ajax.html', '#!key=value')
            mock_add_or_replace.return_value = 'www.example.com/ajax.html?_escaped_fragment_=key%3Dvalue'

            result = solution.escape_ajax('www.example.com/ajax.html#!key=value')

            mock_urldefrag.assert_called_once_with('www.example.com/ajax.html#!key=value')
            assert result == 'www.example.com/ajax.html?_escaped_fragment_=key%3Dvalue'
            mock_add_or_replace.assert_called_once_with('www.example.com/ajax.html', '_escaped_fragment_', 'key=value')","============================= test session starts =============================
platform win32 -- Python 3.12.10, pytest-8.4.2, pluggy-1.6.0 -- C:\Rep
... [TRUNCATED - showing end] ...
r') as mock_add_or_replace:
            with patch('urllib.parse.urldefrag') as mock_urldefrag:
                mock_urldefrag.return_value = ('www.example.com/ajax.html', '#!key=value')
                mock_add_or_replace.return_value = 'www.example.com/ajax.html?_escaped_fragm
... [TRUNCATED] ...
ted.py:46: ScrapyDeprecationWarning: escape_ajax() is deprecated and will be removed in a future Scrapy version.
    result = solution.escape_ajax('www.example.com/ajax.html#!key=value')

-- Docs: https://docs.pytest.org/en/stable/how-to/capture-warnings.html
=========================== short test summary info ===========================
FAILED test_generated.py::test_escape_ajax_line43 - AssertionError: Expected ...
======================== 1 failed, 1 warning in 0.89s =========================",MockingError,"Test attempts to verify a mock call on w3lib.url.add_or_replace_parameter, but it wasn't called, possibly due to incorrect patch targeting.",moderate,,
95,Ministral-3-8B-Instruct-2512-AWQ-8bit,"One-Step, T=0.0",88910,Assertion,Value mismatch,"import unittest
from unittest.mock import patch, MagicMock
from typing import Iterable

def test_url_has_any_extension():
    solution = Solution()

    with patch('w3lib.url.parse_url') as mock_parse_url:
        mock_parse_url.return_value = MagicMock(path='example.html')
        result = solution.url_has_any_extension('http://example.com', ['.html', '.txt'])
        assert result is True

    with patch('w3lib.url.parse_url') as mock_parse_url:
        mock_parse_url.return_value = MagicMock(path='example.py')
        result = solution.url_has_any_extension('http://example.com', ['.html', '.txt'])
        assert result is False

    with patch('w3lib.url.parse_url') as mock_parse_url:
        mock_parse_url.return_value = MagicMock(path='example.PY')
        result = solution.url_has_any_extension('http://example.com', ['.PY', '.TXT'])
        assert result is True","============================= test session starts =============================
platform win32 -- Python 3.12.10, pytest-8.4.2, pluggy-1.6.0 -- C:\Rep
... [TRUNCATED - showing end] ...
========================== FAILURES ===================================
______________________ test_url_has_any_extension_line18 ______________________

    def test_url_has_any_extension_line18():
        solution = Solution()
        with patch('w3lib.url.parse_url') as mock_parse_url:
            mock_parse_url.return_value = MagicMock(path='example.html')
            result = solution.url_has_any_extension('http://example.com', ['.html', '.txt'])
>           assert result is True
E           assert False is True

test_generated.py:45: AssertionError
=========================== short test summary info ===========================
FAILED test_generated.py::test_url_has_any_extension_line18 - assert False is...
============================== 1 failed in 0.81s ==============================",IncorrectAssertion,"Test expects the extension .html to be detected from http://example.com, but the mock setup failed to trigger the expected logic, or it actually returns False.",near,,
96,Ministral-3-8B-Instruct-2512-AWQ-8bit,"Two-Step, T=0.0",90722,Assertion,Value mismatch,"def test_sha256():
    solution = Solution()
    assert solution.sha256(42) == b'\x1d\xf4\x7e\x3c\x7a\x7b\xec\xed\xfa\xbe\xfa\xce\x4c\xf8\x6e\x58\x12\x97\x24\xd0\x91\xd0\x90\x8f\x2c\x2c\x1f\x27\x33\x21\x8e\x65\xb2\x9d'","============================= test session starts =============================
platform win32 -- Python 3.12.10, pytest-8.4.2, pluggy-1.6.0 -- C:\Rep
... [TRUNCATED - showing end] ...
\x1d\xf4~<z{\xec\xed\xfa\xbe\xfa\xceL\xf8nX\x12\x97$\xd0\x91\xd0\x90\x8f,,\x1f'3!\x8ee\xb2\x9d""
E       assert b""\xb7\xc8\xa...^\xd2\x91\xea"" == b""\x1d\xf4~<z...\x8ee\xb2\x9d""
E         
E         At index 0 diff: b'\xb7' != b'\x1d'
E         
E         Full diff:
E         - (b'\x1d\xf4~<z{\xec\xed\xfa\xbe\xfa\xceL\xf8nX\x12\x97$\xd0\x91\xd0\x90\x8f'
E         -  b"",,\x1f'3!\x8ee\xb2\x9d"")
E         + (b'\xb7\xc8\xa7\xbf\x82/+\xdfz\xa1\x18O\xc9)0\xc5\x99\x1e\x80b\x00~\x07\\'
E         +  b""\x07!\x01'^\xd2\x91\xea"")

test_generated.py:38: AssertionError
=========================== short test summary info ===========================
FAILED test_generated.py::test_sha256_line24 - assert b""\xb7\xc8\xa...^\xd2\x...
============================== 1 failed in 0.19s ==============================",IncorrectAssertion,Test asserts a hallucinated or incorrect hardcoded SHA256 digest byte string for the input 42.,high,YES,
97,Ministral-3-8B-Instruct-2512-AWQ-8bit,"One-Step, T=0.0",44348,Assertion,Value mismatch,"import unittest
from unittest.mock import patch, MagicMock
from collections import OrderedDict

def test_consume_prefix_in_state_dict_if_present():
    solution = Solution()

    state_dict = OrderedDict([
        ('module.layer1.weight', 1),
        ('layer2.weight', 2),
        ('', MagicMock()),
        ('module', MagicMock()),
        ('module.', MagicMock()),
        ('module.layer2.weight', 3)
    ])

    state_dict._metadata = OrderedDict([
        ('', MagicMock()),
        ('module', MagicMock()),
        ('module.', MagicMock()),
        ('module.layer2.weight', MagicMock())
    ])

    with patch.object(state_dict, '_metadata') as mock_metadata:
        mock_metadata.__getitem__.side_effect = lambda k: MagicMock()
        mock_me
... [TRUNCATED] ...
       assert 'module.layer2.weight' not in state_dict
        assert '' not in state_dict
        assert 'module' not in state_dict
        assert 'module.' not in state_dict

        assert 'layer1.weight' not in state_dict._metadata
        assert 'layer2.weight' not in state_dict._metadata
        assert '' not in state_dict._metadata
        assert 'module' not in state_dict._metadata
        assert 'module.' not in state_dict._metadata
        assert 'layer2.weight' in state_dict._metadata","============================= test session starts =============================
platform win32 -- Python 3.12.10, pytest-8.4.2, pluggy-1.6.0 -- C:\Rep
... [TRUNCATED - showing end] ...
 OrderedDict([('module.layer1.weight', 1), ('layer2.weight', 2), ('', MagicMock()), ('module', MagicMock()), ('module.', MagicMock()), ('module.layer2.weight', 3)])
        state_dict._metadata = OrderedDict([('', MagicMock()), ('module', MagicMock()), ('module.', MagicMock()), 
... [TRUNCATED] ...
te_dict
>           assert '' not in state_dict
E           AssertionError: assert '' not in OrderedDict({'layer2.weight': 3, '': <MagicMock id='1467682465952'>, 'module': <MagicMock id='1467723489184'>, 'layer1.weight': 1})

test_generated.py:53: AssertionError
=========================== short test summary info ===========================
FAILED test_generated.py::test_consume_prefix_in_state_dict_if_present_line23
============================== 1 failed in 0.16s ==============================",IncorrectAssertion,"Test asserts that the empty string key is removed from state_dict, but the function logic does not remove it.",near,,
98,Ministral-3-8B-Instruct-2512-AWQ-8bit,"Two-Step, T=0.0",35148,Assertion,Value mismatch; Unexpected None,"def test_clean_jsonl_line():
    solution = Solution()
    assert solution.clean_jsonl_line(""{'key': 'value'"") == {'key': 'value'}","============================= test session starts =============================
platform win32 -- Python 3.12.10, pytest-8.4.2, pluggy-1.6.0 -- C:\Rep
... [TRUNCATED - showing end] ...
]

================================== FAILURES ===================================
________________________ test_clean_jsonl_line_line16 _________________________

    def test_clean_jsonl_line_line16():
        solution = Solution()
>       assert solution.clean_jsonl_line(""{'key': 'value'"") == {'key': 'value'}
E       assert None == {'key': 'value'}
E        +  where None = clean_jsonl_line(""{'key': 'value'"")
E        +    where clean_jsonl_line = <under_test.Solution object at 0x000001A0C734F890>.clean_jsonl_line

test_generated.py:38: AssertionError
=========================== short test summary info ===========================
FAILED test_generated.py::test_clean_jsonl_line_line16 - assert None == {'key...
============================== 1 failed in 0.16s ==============================",IncorrectAssertion,"Test asserts that an invalid JSON string (single quotes, missing closing brace) is successfully parsed, but the function returns None.",high,,
99,Ministral-3-8B-Instruct-2512-AWQ-8bit,"Two-Step, T=0.0",76687,Assertion,Value mismatch,"def test_sha256_cbor():
    solution = Solution()
    assert solution.sha256_cbor(""hello"") == b'\x14\xf5\xd6\xb8\x9c\xf0\x74\x42\xae\xa3\xfe\x7f\x15\xfd\x8d\x19\x36\x65\x23\x3b\x8b\xb5\x90\xa2\x3d\x3c\x82\x1f\x18\xea'","============================= test session starts =============================
platform win32 -- Python 3.12.10, pytest-8.4.2, pluggy-1.6.0 -- C:\Rep
... [TRUNCATED - showing end] ...
\xb8\x9c\xf0tB\xae\xa3\xfe\x7f\x15\xfd\x8d\x196e#;\x8b\xb5\x90\xa2=<\x82\x1f\x18\xea'
E       assert b'\xcb\x83U\x...\xefm\x7f\xf4' == b'\x14\xf5\xd...2\x1f\x18\xea'
E         
E         At index 0 diff: b'\xcb' != b'\x14'
E         
E         Full diff:
E         - (b'\x14\xf5\xd6\xb8\x9c\xf0tB\xae\xa3\xfe\x7f\x15\xfd\x8d\x196e#;'
E         -  b'\x8b\xb5\x90\xa2=<\x82\x1f\x18\xea')
E         + (b'\xcb\x83U\x93\xe4\xfa63\xcc\x97\x1f\xcb\xd1\xeb\x08\x0c\xa3""%\x82 T\x8e\xb7'
E         +  b'\x08{\xea\xf8\xefm\x7f\xf4')

test_generated.py:38: AssertionError
=========================== short test summary info ===========================
FAILED test_generated.py::test_sha256_cbor_line25 - assert b'\xcb\x83U\x...\x...
============================== 1 failed in 0.17s ==============================",IncorrectAssertion,"Test asserts an incorrect, hallucinated CBOR-encoded SHA256 digest for the string ""hello"".",high,YES,
100,Ministral-3-8B-Instruct-2512-AWQ-8bit,"One-Step, T=0.0",22716,Assertion,Value mismatch,"import unittest
from unittest.mock import patch
from urllib.parse import urlunparse

def test_strip_url():
    solution = Solution()

    with patch('urllib.parse.urlparse') as mock_parse, \
         patch('urllib.parse.urlunparse') as mock_unparse:
        mock_parse.return_value = ParseResult(
            scheme='https',
            netloc='user:pass@example.com:443',
            path='/path/to/resource',
            params='',
            query='param=value',
            fragment='#fragment'
        )
        mock_unparse.return_value = 'https://example.com/path/to/resource'

        result = solution.strip_url(
            'https://user:pass@example.com:443/path/to/resource?param=value#fragment',
            strip_credentials=True,
            strip_default_port=True,
            origin_only=False,
            strip_fragment=True
        )

        mock_parse.assert_called_once()
        mock_unparse.assert_called_once_with(
            ('https', 'example.com', '/path/to/resource', '', '', '')
        )
        assert result == 'https://example.com/path/to/resource'","============================= test session starts =============================
platform win32 -- Python 3.12.10, pytest-8.4.2, pluggy-1.6.0 -- C:\Rep
... [TRUNCATED - showing end] ...
se, patch('urllib.parse.urlunparse') as mock_unparse:
            mock_parse.return_value = ParseResult(scheme='https', netloc='user:pass@example.com:443', path='/path/to/resource', params='', query='param=value', fragment='#fragment')
            mock_unparse.return_value = 'ht
... [TRUNCATED] ...
   self.call_count,
                      self._calls_repr()))
>           raise AssertionError(msg)
E           AssertionError: Expected 'urlparse' to have been called once. Called 0 times.

C:\Program Files\Python312\Lib\unittest\mock.py:928: AssertionError
=========================== short test summary info ===========================
FAILED test_generated.py::test_strip_url_line34 - AssertionError: Expected 'u...
============================== 1 failed in 0.90s ==============================",MockingError,"Test asserts that urllib.parse.urlparse was called, but the mock was not triggered, likely because the source code uses a different internal parsing mechanism.",moderate,,
101,pynguin_results,"One-Step, T=unknown",36011,Runtime,Import error; Missing module; Incomplete test structure,"# Test cases automatically generated by Pynguin (https://www.pynguin.eu).
# Please check them before you use them.
import under_test as module_0


def test_case_0():
    solution_0 = module_0.Solution()


def test_case_1():
    solution_0 = module_0.Solution()
    dict_0 = {}
    solution_1 = module_0.Solution(**dict_0)
    none_type_0 = solution_1.set_encoder(dict_0)
    var_0 = solution_1.__reduce__()
    none_type_1 = solution_1.set_encoder(none_type_0)
    var_1 = dict_0.__contains__(none_type_0)","============================= test session starts =============================
platform win32 -- Python 3.12.10, pytest-8.4.2, pluggy-1.6.0 -- C:\Rep
... [TRUNCATED - showing end] ...
ark\AppData\Local\Temp\eval_36011_xelujzq9\test_generated.py'.
Hint: make sure your test modules/packages have valid Python names.
Traceback:
C:\Program Files\Python312\Lib\importlib\__init__.py:90: in import_module
    return _bootstrap._gcd_import(name[level:], package, level)
           ^^^^^^^^^^^^^^^^^^^^^^^^^^^^^^^^^^^^^^^^^^^^^^^^^^^^
test_generated.py:18: in <module>
    import under_test as module_0
under_test.py:18: in <module>
    from dramatiq.broker import get_broker
E   ModuleNotFoundError: No module named 'dramatiq'
=========================== short test summary info ===========================
ERROR test_generated.py
!!!!!!!!!!!!!!!!!!! Interrupted: 1 error during collection !!!!!!!!!!!!!!!!!!!!
============================== 1 error in 0.39s ===============================",EnvironmentMismatch,Test fails during import because the external dependency dramatiq is missing from the test environment.,near,missing dramatiq dependency,Pynguin output test suite.
102,pynguin_results,"One-Step, T=unknown",95673,Runtime,Import error; Missing module; Incomplete test structure,"# Test cases automatically generated by Pynguin (https://www.pynguin.eu).
# Please check them before you use them.
import under_test as module_0


def test_case_0():
    none_type_0 = None
    list_0 = [none_type_0, none_type_0, none_type_0]
    module_0.Solution(*list_0, **none_type_0)


def test_case_1():
    solution_0 = module_0.Solution()
    str_0 = solution_0.generate_unique_id()
    str_1 = solution_0.generate_unique_id()
    str_2 = solution_0.generate_unique_id()
    str_3 = solution_0.generate_unique_id()
    solution_1 = module_0.Solution()
    str_4 = solution_0.generate_unique_id()
    str_5 = solution_0.generate_unique_id()","============================= test session starts =============================
platform win32 -- Python 3.12.10, pytest-8.4.2, pluggy-1.6.0 -- C:\Rep
... [TRUNCATED - showing end] ...
ark\AppData\Local\Temp\eval_95673_ymokmufg\test_generated.py'.
Hint: make sure your test modules/packages have valid Python names.
Traceback:
C:\Program Files\Python312\Lib\importlib\__init__.py:90: in import_module
    return _bootstrap._gcd_import(name[level:], package, level)
           ^^^^^^^^^^^^^^^^^^^^^^^^^^^^^^^^^^^^^^^^^^^^^^^^^^^^
test_generated.py:18: in <module>
    import under_test as module_0
under_test.py:18: in <module>
    from dramatiq.broker import get_broker
E   ModuleNotFoundError: No module named 'dramatiq'
=========================== short test summary info ===========================
ERROR test_generated.py
!!!!!!!!!!!!!!!!!!! Interrupted: 1 error during collection !!!!!!!!!!!!!!!!!!!!
============================== 1 error in 0.38s ===============================",EnvironmentMismatch,Test fails during import because the external dependency dramatiq is missing from the test environment.,near,missing dramatiq dependency,Pynguin output test suite.
103,pynguin_results,"One-Step, T=unknown",92186,Runtime,Import error; Missing module; Incomplete test structure,"# Test cases automatically generated by Pynguin (https://www.pynguin.eu).
# Please check them before you use them.
import under_test as module_0


def test_case_0():
    solution_0 = module_0.Solution()


def test_case_1():
    solution_0 = module_0.Solution()
    solution_0.get_encoder()","============================= test session starts =============================
platform win32 -- Python 3.12.10, pytest-8.4.2, pluggy-1.6.0 -- C:\Rep
... [TRUNCATED - showing end] ...
ark\AppData\Local\Temp\eval_92186_yg2kojuw\test_generated.py'.
Hint: make sure your test modules/packages have valid Python names.
Traceback:
C:\Program Files\Python312\Lib\importlib\__init__.py:90: in import_module
    return _bootstrap._gcd_import(name[level:], package, level)
           ^^^^^^^^^^^^^^^^^^^^^^^^^^^^^^^^^^^^^^^^^^^^^^^^^^^^
test_generated.py:18: in <module>
    import under_test as module_0
under_test.py:18: in <module>
    from dramatiq.broker import get_broker
E   ModuleNotFoundError: No module named 'dramatiq'
=========================== short test summary info ===========================
ERROR test_generated.py
!!!!!!!!!!!!!!!!!!! Interrupted: 1 error during collection !!!!!!!!!!!!!!!!!!!!
============================== 1 error in 0.39s ===============================",EnvironmentMismatch,Test fails during import because the external dependency dramatiq is missing from the test environment.,near,missing dramatiq dependency,Pynguin output test suite.
104,pynguin_results,"One-Step, T=unknown",34966,Assertion,Value mismatch; Incomplete test structure,"# Test cases automatically generated by Pynguin (https://www.pynguin.eu).
# Please check them before you use them.
import under_test as module_0
import enum as module_1


def test_case_0():
    solution_0 = module_0.Solution()
    var_0 = solution_0.dict_to_sequence(solution_0)
    assert (
        f""{type(var_0).__module__}.{type(var_0).__qualname__}""
        == ""solution_pkg.Solution""
    )


def test_case_1():
    solution_0 = module_0.Solution()


def test_case_2():
    solution_0 = module_0.Solution()
    var_0 = module_1._EnumDict()
    var_1 = solution_0.dict_to_sequence(var_0)","============================= test session starts =============================
platform win32 -- Python 3.12.10, pytest-8.4.2, pluggy-1.6.0 -- C:\Rep
... [TRUNCATED - showing end] ...
==============================
_________________________________ test_case_0 _________________________________

    def test_case_0():
        solution_0 = module_0.Solution()
        var_0 = solution_0.dict_to_sequence(solution_0)
>       assert (
            f""{type(var_0).__module__}.{type(var_0).__qualname__}""
            == ""solution_pkg.Solution""
        )
E       AssertionError: assert 'under_test.Solution' == 'solution_pkg.Solution'
E         
E         - solution_pkg.Solution
E         + under_test.Solution

test_generated.py:25: AssertionError
=========================== short test summary info ===========================
FAILED test_generated.py::test_case_0 - AssertionError: assert 'under_test.So...
========================= 1 failed, 2 passed in 0.32s =========================",IncorrectAssertion,"Test asserts the module name is solution_pkg.Solution, but the actual module in the test environment is under_test.Solution.",high,,Pynguin output test suite.
105,pynguin_results,"One-Step, T=unknown",88910,Runtime,Wrong function signature; Type mismatch; Incomplete test structure,"# Test cases automatically generated by Pynguin (https://www.pynguin.eu).
# Please check them before you use them.
import under_test as module_0


def test_case_0():
    solution_0 = module_0.Solution()


def test_case_1():
    solution_0 = module_0.Solution()
    solution_0.url_has_any_extension(solution_0, solution_0)


def test_case_2():
    str_0 = ""m""
    solution_0 = module_0.Solution()
    str_1 = ""YypQ-?A_""
    list_0 = []
    solution_1 = module_0.Solution(*list_0)
    solution_2 = module_0.Solution()
    var_0 = solution_2.url_has_any_extension(str_1, str_0)
    dict_0 = {str_0: str_0, str_1: str_0, str_1: str_1}
    module_0.Solution(**dict_0)","============================= test session starts =============================
platform win32 -- Python 3.12.10, pytest-8.4.2, pluggy-1.6.0 -- C:\Rep
... [TRUNCATED - showing end] ...
_case_1 _________________________________

    def test_case_1():
        solution_0 = module_0.Solution()
>       solution_0.url_has_any_extension(solution_0, solution_0)

test_generated.py:27: 
_ _ _ _ _ _ _ _ _ _ _ _ _ _ _ _ _ _ _ _ _ _ _ _ _ _ _ _ _ _ _ _ _ _ _ _ _ _ _ _
und
... [TRUNCATED] ...

        dict_0 = {str_0: str_0, str_1: str_0, str_1: str_1}
>       module_0.Solution(**dict_0)
E       TypeError: Solution() takes no arguments

test_generated.py:39: TypeError
=========================== short test summary info ===========================
FAILED test_generated.py::test_case_1 - TypeError: to_unicode must receive by...
FAILED test_generated.py::test_case_2 - TypeError: Solution() takes no arguments
========================= 2 failed, 1 passed in 0.90s =========================",SemanticMisunderstanding,"Test attempts to pass kwargs to the Solution constructor, which does not accept any arguments.",high,,Pynguin output test suite.
106,pynguin_results,"One-Step, T=unknown",67890,Runtime,Incomplete test structure,"# Test cases automatically generated by Pynguin (https://www.pynguin.eu).
# Please check them before you use them.
import under_test as module_0


def test_case_0():
    solution_0 = module_0.Solution()


def test_case_1():
    list_0 = []
    solution_0 = module_0.Solution(*list_0)
    none_type_0 = None
    solution_0.xxhash(none_type_0)","============================= test session starts =============================
platform win32 -- Python 3.12.10, pytest-8.4.2, pluggy-1.6.0 -- C:\Rep
... [TRUNCATED - showing end] ...
_type_0 = None
>       solution_0.xxhash(none_type_0)

test_generated.py:29: 
_ _ _ _ _ _ _ _ _ _ _ _ _ _ _ _ _ _ _ _ _ _ _ _ _ _ _ _ _ _ _ _ _ _ _ _ _ _ _ _

self = <under_test.Solution object at 0x00000185F9C7D5E0>, input = None

    def xxhash(self, input: Any) -> bytes:
        """"""Hash picklable objects using xxHash.""""""
        input_bytes = pickle.dumps(input, protocol=pickle.HIGHEST_PROTOCOL)
>       return _xxhash_digest(input_bytes)
               ^^^^^^^^^^^^^^
E       NameError: name '_xxhash_digest' is not defined

under_test.py:24: NameError
=========================== short test summary info ===========================
FAILED test_generated.py::test_case_1 - NameError: name '_xxhash_digest' is n...
========================= 1 failed, 1 passed in 0.16s =========================",MissingDefinition,Test execution hits a NameError because _xxhash_digest is missing from the module scope.,near,missing _xxhash_digest,Pynguin output test suite.